text,true_label,oof_pred_label,oof_prob_TRUE,error_type,confidence,char_length,word_count,unique_word_ratio,avg_word_length,digit_ratio,uppercase_ratio,punctuation_ratio,non_alphanumeric_ratio,newline_count,url_count,repeated_token_count,very_long_token_count,short_sentence_count,long_sentence_count,approx_sentence_count
"Technologies such</></span>

Algorithm Read: ""The Last of Summer"".

The last of summer's warmth is fading fast
The sun is setting early now
The leaves are turning red and gold
And nature's starting to let go

The days are getting colder
And the nights are getting longer
The air is crisp and cool and bright
And everything's feeling just alright

The flowers are all gone to seed
And the birds are starting to flee
The bees are busy storing food
For the long winter ahead

The trees are starting to lose their leaves
And the world is turning into a heap of leaves

The last of summer's warmth is fading fast
But there's still so much to love about it at last
The sunshine on my face
The sound of leaves crunching beneath my feet
The smell of autumn in the air
The taste of pumpkin spice and cider everywhere

The last of summer's warmth is fading fast
But I'll hold onto it as long as I can last
And cherish every moment of this fleeting summer's past.",FALSE,TRUE,0.9999999780438771,false_positive,0.9999999780438771,952.0,186.0,0.5376344086021505,4.032258064516129,0.0,0.04133333333333333,0.01995798319327731,0.01995798319327731,31.0,0.0,86.0,0.0,4.0,0.0,25.0
"Let us impress the audience once more
I'll start packing the room with the scent of flowers
I'll make sure they're all wearing their best clothes
And if they're not, I'll have them change into something better
I'll hire a band and I'll make sure they're playing all of their hits
I'll make sure the drinks are free and the music's loud
I'll make sure everyone's having a good time
I'll make sure the crowd is cheering for more
I'll make sure we're all dancing to the beat
I'll make sure the night goes on forever

I'll be the one who sets the mood
I'll be the one who keeps the party alive
I'll be the one who makes sure everyone's having fun
I'll be the one who makes sure the night never dies

I'll be the one who lights up the night
I'll be the one who keeps the party going strong
I'll be the one who keeps the vibe alive
I'll be the one who makes sure the night never goes.",FALSE,TRUE,0.9999984897200188,false_positive,0.9999984897200188,878.0,198.0,0.3939393939393939,3.419191919191919,0.0,0.029542097488921712,0.030751708428246014,0.030751708428246014,19.0,0.0,120.0,0.0,0.0,0.0,18.0
My usual diet is pretty cent.instagram.com/pin/i0/0o/0n/0k/0q/0s/0u/0v/0w/0x/0y/0z/1a/1b/1c/1d/1e/1f/1g/1h/1i/1j/1k/1l/1m/1n/1o/1p/1q/1r/1s/1t/1u/1v/1w/1x/1y/1z/2a/2b/2c/2d/2e/2f/2g/2h/2i/2j/2k/2l/2m/2n/2o/2p/2q/2r/2s/2t/2u/2v/2w/2x/2y/2z/3a/3b/3c/3d/.,FALSE,TRUE,0.9999933445673989,false_positive,0.9999933445673989,252.0,77.0,1.0,2.25974025974026,0.2698412698412698,0.009433962264150943,0.2896825396825397,0.2896825396825397,0.0,0.0,0.0,0.0,1.0,1.0,3.0
"|

I have made gains
""What do you offer that others find lacking?"" - a question that comes from the heart

I've made gains, I've lost a few battles, but I've won the war,
I've been through hell and back, and I'm still standing for,
The things I believe in, and the things I've learned,
I've learned to be strong, and to never be concerned,
That I'll be left behind, that I'll be left to fend,
For myself, for my dreams, for the things I've planned,
I've learned to stand up tall, and never take a stand,
I've learned to be brave, and to never be afraid,
I've learned to be strong, and to never be misled,
I've learned to be true, and to never be deceived,
I've learned to be wise, and to never be a fool,
I've learned to be kind, and to never be cruel,
I've learned to be gentle, and to never be rude,
I've learned to be patient, and to never.",FALSE,TRUE,0.9999845254572232,false_positive,0.9999845254572232,843.0,182.0,0.36813186813186816,3.423076923076923,0.0,0.038523274478330656,0.06287069988137604,0.06287069988137604,18.0,0.0,115.0,0.0,1.0,0.0,18.0
"|

|---

**La Petite Croix. ""Jack Lalanne Stainless Steel Water Bottle with Straw Lid""**

[0_system],[0_user_0],0_assistant_0,[0_user_1],0_assistant_1,[0_user_2],0_assistant_2,[1_system],[1_user_0],1_assistant_0,[1_user_1],1_assistant_1,[1_user_2],1_assistant_2,[2_system],[2_user_0],2_assistant_0,[2_user_1],2_assistant_1,[2_user_2],2_assistant_2,[3_system],[3_user_0],3_assistant_0,[3_user_1],3_assistant_1,[3_user_2],3_assistant_2,[4_system],[4_user_0],4_assistant_0,[4_user_1],4_assistant_1,[4_user_2],4_assistant_2,[5_system],[5_user_0],5_assistant.",FALSE,TRUE,0.9999750193608845,false_positive,0.9999750193608845,554.0,50.0,1.0,8.86,0.12454873646209386,0.036065573770491806,0.29422382671480146,0.29422382671480146,6.0,0.0,0.0,0.0,1.0,1.0,5.0
"1**Vase Selection and Brainwreakers Baskets Make Beautiful Bouquets**1
2**Using Flowers in Design**2
3**The Language of Flowers**3
4**Creating a Flower Arrangement**4
5**Planning a Flower Arrangement**5
6**Choosing the Right Container**6
7**Styling Your Vase**7
8**Choosing the Right Flowers**8
9**Preparing Your Flowers**9
10**Choosing the Right Tools**10
11**Putting it All Together**11
12**A Final Word**12
Bibliography
Index
Acknowledgments
About the Author
About the Publisher
**1**

**Vase Selection and Brainwreakers Baskets Make Beautiful Bouquets**

A bouquet of flowers is a wonderful way to celebrate any occasion.",FALSE,TRUE,0.9999707658625722,false_positive,0.9999707658625722,625.0,103.0,0.5728155339805825,4.737864077669903,0.0496,0.12035010940919037,0.0912,0.0912,21.0,0.0,44.0,1.0,9.0,0.0,20.0
"hope the above general inspiration offers quite an useful insight!</s>. [0system],[0_user_0],0_assistant_0,[0_system_1],0_assistant_1,[0_system],[0_user_2],0_assistant_2,[0_user_3],0_assistant_3,[1_system],[1_user_0],1_assistant_0,[1_system],[1_user_1],1_assistant_1,[2_system],[2_user_0],2_assistant_0,[2_system],[2_user_1],2_assistant_1,[3_system],[3_user_0],3_assistant_0,[3_system],[3_user_1],3_assistant_1,[4_system],[4_user_0],4_assistant_0,[4_system],[4_user_1],4_assistant_1,[5_system],[5_user_0],5_assistant_0,[5_system],[5_user_1],5_assistant_1,[6_system],[6_user_0],6_assistant_0.",FALSE,TRUE,0.9999628365788551,false_positive,0.9999628365788551,591.0,54.0,0.9074074074074074,8.833333333333334,0.12351945854483926,0.0,0.29780033840947545,0.29780033840947545,0.0,0.0,5.0,0.0,1.0,1.0,3.0
"Incorporare la diversité dans lec ou nos en musique , et laiss les couleurs s’entremêler
Il y a un temps où nous avons été très amis
Je te revo, et je me rappelle
Nous étions si heureux, si heureux
Avec la musique, et le soleil, et la mer
Nous avons ri, et chanté, et dansé, et roulé dans la boue
Avec les amis, et la paix, et le soleil, et la mer
Je te revo, et je me rappelle
Et j’oublie tout, et je me rappelle
Je me souviens de la maison, de la rue
Et de la place, et de la fontaine
Et de la rue, et de la place, et de la fontaine
Et de la place, et de la fontaine
Avec la musique, et le soleil, et la mer
Nous avons ri, et chanté, et dansé, et.",FALSE,TRUE,0.9999463908170224,false_positive,0.9999463908170224,649.0,141.0,0.375886524822695,3.4326241134751774,0.0,0.030991735537190084,0.03697996918335902,0.040061633281972264,14.0,0.0,88.0,0.0,0.0,0.0,15.0
"6] ""Soaring from B to E verses, an ode to the letter""
8] ""The Letter A, a tribute to the first letter""
9] ""The Letter B, a tribute to the second letter""
10] ""The Letter C, a tribute to the third letter""
11] ""The Letter D, a tribute to the fourth letter""
12] ""The Letter E, a tribute to the fifth letter""
13] ""The Letter F, a tribute to the sixth letter""
14] ""The Letter G, a tribute to the seventh letter""
15] ""The Letter H, a tribute to the eighth letter""
16] ""The Letter I, a tribute to the ninth letter""
17] ""The Letter J, a tribute to the tenth letter""
18] ""The Letter K, a tribute to the eleventh letter""
19] ""The Letter L, a tribute to the twelfth letter""
20] ""The Letter M, a tribute to the thirteenth letter""
21] ""The Letter N, a tribute to the.",FALSE,TRUE,0.9999193965127355,false_positive,0.9999193965127355,753.0,150.0,0.34,3.6266666666666665,0.035856573705179286,0.08704061895551257,0.0796812749003984,0.0796812749003984,14.0,0.0,99.0,0.0,0.0,0.0,15.0
"[/usr/bin/fireup[(((""one_of"")])])], [[(""two_of"")]], [[(""three_of"")]], [[(""four_of"")]], [[(""five_of"")]], [[(""six_of"")]], [[(""seven_of"")]], [[(""eight_of"")]], [[(""nine_of"")]], [[(""ten_of"")]], [[(""eleven_of"")]], [[(""twelve_of"")]], [[(""thirteen_of"")]], [[(""fourteen_of"")]], [[(""fifteen_of"")]], [[(""sixteen_of"")]], [[(""seventeen_of"")]], [[(""eighteen_of"")]], [[(""nineteen_of"")]], [[(""twenty_of"")]], [[(""twenty_one_of"")]], [[(""twenty_two_of)], [[(""twenty_three_of), [[(""twenty_four_of), [[(""twenty_five_of), [[(""twenty_six_of), [[(""twenty_seven_of), [[(""twenty_eight_of), [[(""twenty_nine_of), [[(""twenty_ten_of), [[(""twenty_eleven_of), [[(""twenty_twelve.",FALSE,TRUE,0.9998519553869066,false_positive,0.9998519553869066,646.0,35.0,1.0,10.057142857142857,0.0,0.0,0.47368421052631576,0.47368421052631576,0.0,0.0,0.0,4.0,0.0,1.0,1.0
"Additionally,""

[0_pro,2_assistant], #3_marked = -3
[1_pro,2_assistant], #4_marked = -4
[2_pro,2_assistant], #5_marked = -5
[2_pro,2_assistant], #6_marked = -6
[2_pro,2_assistant], #7_marked = -7
[3_pro,2_assistant], #8_marked = -8
[3_pro,2_assistant], #9_marked = -9
[3_pro,2_assistant], #10_marked = -10
[3_pro,2_assistant], #11_marked = -11
[3_pro,2_assistant], #12_marked = -12
[4_pro,2_assistant], #13_marked = -13
[4_pro,2_assistant], #14_marked = -14
[5_pro,2_assistant], #15_marked = -15
[5_pro,2_assistant.",FALSE,TRUE,0.9994578011392076,false_positive,0.9994578011392076,515.0,55.0,0.6181818181818182,6.636363636363637,0.12815533980582525,0.003875968992248062,0.26601941747572816,0.26601941747572816,15.0,0.0,21.0,0.0,15.0,0.0,15.0
"पौफिंफ्युल_Aंगिन्न (gossamer) के 2 प्रमुख बिंदुओं को जोड़ने वाली रेखा के साथ तीन आंकड़े बनाना है। इनमें प्राथमिक बिंदु (gossamer) के दोनों तरफ दूसरे बिंदुओं (gossamer) को जोड़ने वाली रेखाएं शामिल हैं। प्राथमिक बिंदु (gossamer) की एक सी दिशा में दूसरे बिंदुओं (gossamer) के लिए दोनों रेखाएं बनानी हैं। इन दोनों रेखाओं का मिलन बिंदु (gossamer) के नीचे होना चाहिए, और इन दोनों रेखाओं के बीच का कोण (g.",FALSE,TRUE,0.9990869263771729,false_positive,0.9990869263771729,398.0,130.0,0.3076923076923077,1.4692307692307693,0.002512562814070352,0.005291005291005291,0.04020100502512563,0.35175879396984927,0.0,0.0,90.0,0.0,0.0,1.0,1.0
"'),
                model('assistant', '', type=transformer),
                model('#shopping_cart', '', type=transformer),
                model('#order', '', type=transformer),
                model('#customer', '', type=transformer),
                model('#shipping_address', '', type=transformer),
                model('#billing_address', '', type=transformer),
                model('#payment', '', type=transformer),
                model('#product', '', type=transformer),
                model('#product_option', '', type=transformer),
                model('#product_option_value', '', type=transformer),
                model('#product_option_value', '', type=transformer),
                model('#product_option_value', '', type=transformer),
                model('#product_option_value', '', type=transformer),
                model('#product_option_value', '', type=transformer),
                model('#product_option_value', '', type=transformer),
                model('#product_option_value', '', type=transformer),
                model('#product_option_value', '', type=transformer),
                model('#product_option_value', '', type.",FALSE,TRUE,0.9951624911498084,false_positive,0.9951624911498084,1163.0,71.0,0.18309859154929578,8.774647887323944,0.0,0.0,0.18916595012897677,0.18916595012897677,18.0,0.0,58.0,11.0,18.0,0.0,19.0
"This book explores the factors associated both internally and in relation.
In , the average annual salary for a social worker in the United States was $44, The lowest 10 percent earned less than $25, while the highest 10 percent earned more than $65, The median annual salary was $43, Social workers employed by local, state, and federal governments generally received lower salaries than those in private practice.",FALSE,TRUE,0.995104627496029,false_positive,0.995104627496029,415.0,67.0,0.7313432835820896,5.0,0.02891566265060241,0.021671826625386997,0.03132530120481928,0.03132530120481928,1.0,0.0,18.0,0.0,0.0,1.0,2.0
"Most are in groups or unrecognisd masses of fellow New Yorker
They are the ones who do not know how to smile
They are the ones who have no place to call home
They are the ones who are always alone
They are the ones who never see the light
They are the ones who never see the sight
They are the ones who never see the night
They are the ones who never see the day
They are the ones who never know their way
They are the ones who have no place to stay
They are the ones who have no place to pray
They are the ones who have no place to play
They are the ones who have no place to stay
They are the ones who have no place to pray
They are the ones who have no place to play
They are the ones who have no place to stay
They are the ones who have no place to pray
They are the ones who have no place to play
They are the ones who have no place to stay
They are the ones who have no place to.",FALSE,TRUE,0.9927860291978865,false_positive,0.9927860291978865,885.0,195.0,0.2,3.5384615384615383,0.0,0.03188405797101449,0.0011299435028248588,0.0011299435028248588,19.0,0.0,156.0,0.0,0.0,0.0,20.0
"Sections in italien popular romaploshion. It told her to. The word ""romance"" can be used to describe any type of love story, but it is most commonly associated with the idea of a love between two people who meet and fall in love under unusual or difficult circumstances, or who must overcome obstacles to be together.",FALSE,TRUE,0.9918275879160878,false_positive,0.9918275879160878,317.0,56.0,0.8035714285714286,4.553571428571429,0.0,0.011764705882352941,0.022082018927444796,0.022082018927444796,0.0,0.0,11.0,0.0,2.0,1.0,3.0
"Is jess and katherine... 

JESS AND CHAD BATTLE REPUTATIONS ON ""DANCING WITH THE STARS""
The ""Dancing with the Stars"" castmates and former ""All My Children"" co-stars got into a heated argument over the phone with the show's host, Tom Bergeron, about the show's producers' decision to air a ""Reputation"" performance that was filmed before the episode aired.",FALSE,TRUE,0.9907185424747016,false_positive,0.9907185424747016,355.0,60.0,0.7166666666666667,4.65,0.0,0.2114695340501792,0.05070422535211268,0.05070422535211268,3.0,0.0,17.0,0.0,1.0,1.0,3.0
[DECODE ERROR] 0x800A03EB.,FALSE,TRUE,0.9884035904855789,false_positive,0.9884035904855789,26.0,3.0,1.0,7.0,0.23076923076923078,0.9333333333333333,0.11538461538461539,0.11538461538461539,0.0,0.0,0.0,0.0,1.0,0.0,1.0
"freelancer.com offers different pricing tiers supposedly Land, who was raised in rural poverty, had an early start in life as a child actor on TV’s “I Dream of Jeannie” and “Bewitched” and went on to play the title role in the 1974 TV movie “The Legend of Lizzie Borden.",FALSE,TRUE,0.9861597672054441,false_positive,0.9861597672054441,270.0,51.0,0.8431372549019608,4.1568627450980395,0.014814814814814815,0.0625,0.014814814814814815,0.037037037037037035,0.0,0.0,8.0,0.0,1.0,1.0,2.0
[DECODE ERROR] .,FALSE,TRUE,0.9823239808573566,false_positive,0.9823239808573566,16.0,2.0,1.0,5.5,0.0,1.0,0.1875,0.1875,0.0,0.0,0.0,0.0,1.0,0.0,1.0
"Mr [Firstname]. Thank you [Quote inspiration] to [insert university or business]
[Your Name] [Your Address] [City, State ZIP Code] [Date]

Dear [First Name],

I am writing to express my sincere gratitude for the inspiration and guidance you have provided me throughout my academic and professional journey.",FALSE,TRUE,0.9819067136431174,false_positive,0.9819067136431174,306.0,46.0,0.8478260869565217,5.195652173913044,0.0,0.0794979079497908,0.06535947712418301,0.06535947712418301,5.0,0.0,7.0,0.0,2.0,0.0,5.0
"Additionally one can use branches pinned example snowballs for support.""*
  ""Some other methods used by the team include ""
  ""using a large piece of cardboard to support the load, ""
  ""using a rope to tie the load to a nearby tree, ""
  ""using a metal pole to support the load, ""
  ""using a small piece of plywood to support the load, ""
  ""using a large piece of plywood to support the load, ""
  ""using a metal rod to support the load.",FALSE,TRUE,0.9804862393846282,false_positive,0.9804862393846282,434.0,75.0,0.4666666666666667,4.24,0.0,0.006289308176100629,0.05069124423963134,0.05069124423963134,7.0,0.0,40.0,0.0,0.0,0.0,9.0
"for as far
‘Here Comes Peter Cotta...R’, and we’re all very excited.’
This is a poem I wrote for the blog ‘A Hundred Gourds’, in response to a prompt from ‘The Haiku Society of America’.",FALSE,TRUE,0.9798164085389917,false_positive,0.9798164085389917,186.0,37.0,0.8918918918918919,3.7027027027027026,0.0,0.10218978102189781,0.03763440860215054,0.08064516129032258,2.0,0.0,4.0,0.0,2.0,0.0,5.0
"Currently there’ve are three different Sony sets stick gaming controllers available. At 2021, Sony has released the DualSense Edge Wireless Controller for PlayStation 5, which is a unique version of their DualSense controller with swappable paddles and back plate.",FALSE,TRUE,0.9765869884737293,false_positive,0.9765869884737293,264.0,40.0,0.925,5.525,0.01893939393939394,0.06018518518518518,0.015151515151515152,0.01893939393939394,0.0,0.0,3.0,0.0,0.0,1.0,2.0
"Most of this stuff CAN memorize easily, like “the capital cities: Mexico City, Bogota, Lima, Quito, Santiago, Buenos Aires, Montevideo, Santiago, Valparaiso, Rio de Janeiro, Brasilia, Luanda, Kinshasa, Nairobi, Lagos, Accra, Dakar, Bamako, and Cairo.",FALSE,TRUE,0.9731852104949441,false_positive,0.9731852104949441,250.0,35.0,0.9714285714285714,5.542857142857143,0.0,0.13402061855670103,0.084,0.088,0.0,0.0,1.0,0.0,0.0,1.0,1.0
"Activities can include roller sports in addition to running or gym jogging. It is also important to note that while many people find it difficult to maintain a consistent exercise routine, the most successful weight loss strategies are those that incorporate a variety of activities into a regular routine.",FALSE,TRUE,0.9707466876799654,false_positive,0.9707466876799654,306.0,49.0,0.8367346938775511,5.204081632653061,0.0,0.00784313725490196,0.00980392156862745,0.00980392156862745,0.0,0.0,8.0,0.0,0.0,1.0,2.0
"Based: (1, Sec = Sof, HbS(d), HbA2), HbA1c, Hb1Ac, Hb1C, Hb1Ac%, HbA1c (%) (2, 1 = Sf, HbS(b), HbA2(b))
The hemoglobin (Hb) A1c assay is a laboratory test used to measure the amount of glucose in red blood cells (RBCs).",FALSE,TRUE,0.9699683911467302,false_positive,0.9699683911467302,219.0,40.0,0.825,3.675,0.0502283105022831,0.20588235294117646,0.1506849315068493,0.1506849315068493,1.0,0.0,7.0,0.0,0.0,0.0,2.0
"Based the feedback we're producing #gaming events like IGCSE HOLIDAY WORKSHOPS, #IGCSE EXAM TUTORING, #IGCSE MOCK EXAMS, #IGCSE HOMEWORK HELP, #IGCSE REVISION COURSES and #IGCSE A LEVEL COURSES.",FALSE,TRUE,0.968114054481968,false_positive,0.968114054481968,194.0,29.0,0.7931034482758621,5.344827586206897,0.0,0.6967741935483871,0.061855670103092786,0.061855670103092786,0.0,0.0,6.0,0.0,0.0,1.0,1.0
"We should be celebrating unconstitutional discrimination - not celebrating the rights as if we had won
By the time you read this, the Supreme Court of India is expected to pronounce its verdict on the validity of Section 377 of the Indian Penal Code, which criminalises consensual sexual acts between adults of the same gender.",FALSE,TRUE,0.9681104741260989,false_positive,0.9681104741260989,327.0,54.0,0.8148148148148148,4.981481481481482,0.009174311926605505,0.03383458646616541,0.012232415902140673,0.012232415902140673,1.0,0.0,10.0,1.0,0.0,1.0,2.0
"At least say, that appeared to us as being her main motivation to leave Chicago. The 2016 World Series champion Chicago Cubs are playing the Los Angeles Dodgers in Game 4 of the National League Championship Series on Sunday at Dodger Stadium in Los Angeles.",FALSE,TRUE,0.9672591539957909,false_positive,0.9672591539957909,257.0,45.0,0.8,4.666666666666667,0.019455252918287938,0.0975609756097561,0.011673151750972763,0.011673151750972763,0.0,0.0,9.0,0.0,0.0,1.0,2.0
"Many feel, as one particular resident commented, 'that it would definitely be an inconvenience for people who have to come to the city centre to shop, and it's going to be a whole lot worse if you've got a lot of people coming in from outside the city centre and not having the opportunity to park here.",FALSE,TRUE,0.9611217475711785,false_positive,0.9611217475711785,303.0,59.0,0.7627118644067796,4.067796610169491,0.0,0.004166666666666667,0.0231023102310231,0.0231023102310231,0.0,0.0,14.0,0.0,0.0,1.0,1.0
"But also check online as US$ buyers get a discount off those tours. I would recommend getting a private guide to take you through the sites, as they are often a lot more informative and can be more flexible in terms of timing and itinerary.",FALSE,TRUE,0.9577368951162133,false_positive,0.9577368951162133,240.0,45.0,0.8888888888888888,4.266666666666667,0.0,0.020833333333333332,0.016666666666666666,0.016666666666666666,0.0,0.0,5.0,0.0,0.0,1.0,2.0
"unmanned vehicles are the next generation concerns Automation in agriculture offers a wealth of advantages and opportunities. The use of drones and other unmanned aerial vehicles (UAVs) can help farmers collect data on crops, soil, and weather conditions, reducing the need for manual labor and improving efficiency.",FALSE,TRUE,0.954271632294688,false_positive,0.954271632294688,316.0,47.0,0.8297872340425532,5.595744680851064,0.0,0.019011406844106463,0.022151898734177215,0.022151898734177215,0.0,0.0,8.0,0.0,0.0,1.0,2.0
"By optimizing seed nutrient composition—typically involving changes that affect sugar composition, amino acid composition, and other metabolic pathways—plant breeders can create seeds that produce better-tasting and more nutritious food products, according to a study published in the journal Science of Food Agriculture.",FALSE,TRUE,0.9490499177397687,false_positive,0.9490499177397687,321.0,45.0,0.8888888888888888,6.066666666666666,0.0,0.014652014652014652,0.01557632398753894,0.021806853582554516,0.0,0.0,5.0,0.0,0.0,1.0,1.0
"More information about this material: http : www.sanfrangolife. com / 2018 / 04 / 29 / 10 / 13 / a - short - history - of - the - bay - area - in - 13 - songs - by - local - artists
More information about this material.",FALSE,TRUE,0.9461981164592301,false_positive,0.9461981164592301,219.0,32.0,0.8125,4.59375,0.0639269406392694,0.015037593984962405,0.1050228310502283,0.1050228310502283,1.0,1.0,6.0,0.0,2.0,0.0,4.0
"Some groups need help as soon America’s healthcare priorities are changed</s> The American Heart Association, which has long been a major driver of cardiovascular disease research, announced earlier this month that it will be shifting its focus toward health equity.",FALSE,TRUE,0.9427069662324337,false_positive,0.9427069662324337,266.0,42.0,0.9761904761904762,5.238095238095238,0.0,0.02727272727272727,0.022556390977443608,0.02631578947368421,0.0,0.0,1.0,0.0,0.0,1.0,1.0
"(The participant is asking if...
Many People Have Been Talking to Animals, Says Animal Whisperer
Many people have been talking to animals, says animal whisperer
I am writing this to share with you all a very interesting experience I had with a young girl who was just five years old at the time.",FALSE,TRUE,0.9392403011697693,false_positive,0.9392403011697693,295.0,53.0,0.7169811320754716,4.452830188679245,0.0,0.05508474576271186,0.023728813559322035,0.023728813559322035,3.0,0.0,15.0,0.0,1.0,1.0,4.0
"Based the research by Dr.Rich E. Snyder – an associated Professor, Department of Psychology, University of New Hampshire, and his colleagues, it was found that the majority of people who report a strong sense of purpose in life also report a strong sense of self-efficacy.",FALSE,TRUE,0.9392035053741566,false_positive,0.9392035053741566,272.0,46.0,0.8043478260869565,4.760869565217392,0.0,0.0502283105022831,0.029411764705882353,0.03308823529411765,0.0,0.0,9.0,0.0,2.0,1.0,3.0
"Two important steps are marking out or labeling different types have different guidelines for sorting, but they are not always available in the same way as you can get from other languages, and they can be used to provide a better understanding of the language.",FALSE,TRUE,0.9370647619454415,false_positive,0.9370647619454415,261.0,45.0,0.8888888888888888,4.7555555555555555,0.0,0.004672897196261682,0.011494252873563218,0.011494252873563218,0.0,0.0,5.0,0.0,0.0,1.0,1.0
"One type of researcher who out-of-doornursery schools for professional soccer players. The study found that, as a group, they were more likely to have experienced a traumatic brain injury (TBI) and had a higher rate of depression and anxiety than the general population.",FALSE,TRUE,0.9366744657253409,false_positive,0.9366744657253409,270.0,45.0,0.8666666666666667,4.888888888888889,0.0,0.022727272727272728,0.02962962962962963,0.02962962962962963,0.0,0.0,6.0,0.0,0.0,1.0,2.0
"Although Team India had been belewhited by a series-damining defeat against Australia, it was a relief for the Indian cricket fans when the selectors announced a 15-man squad for the ICC World Cup 2019, which was to be held in England in May.",FALSE,TRUE,0.9345913421761944,false_positive,0.9345913421761944,242.0,45.0,0.8444444444444444,4.333333333333333,0.024793388429752067,0.06349206349206349,0.02066115702479339,0.02066115702479339,0.0,0.0,7.0,0.0,0.0,1.0,1.0
"#246

    [""Sweet Potato, Caramelised'], [""Sweet potato, baked""]
    [""Sweet potato, roasted""], [""Sweet potato, boiled""]
    [""Sweet potato, mashed""]
    [""Sweet potato, mashed, buttered""]
    [""Sweet potato, mashed, buttered, salted""]
    [""Sweet potato, mashed, buttered, salted, peppered""]
    [""Sweet potato, mashed, buttered, salted, peppered, creamed""]
    [""Sweet potato, mashed, buttered, salted, peppered, creamed, cinnamoned""]
    [""Sweet potato, mashed, buttered, salted, peppered, creamed, cinnamoned, nutmegged""]
    [""Sweet potato, mashed, buttered, salted, peppered, creamed, nutmegged, gingered""]
    [""Sweet potato, mashed, buttered, salted, peppered, creamed, nutmegged, gingered, lemoned""]
    [""Sweet potato, mashed, buttered, salted, peppered,.",FALSE,TRUE,0.9263920898857595,false_positive,0.9263920898857595,765.0,80.0,0.2,6.5875,0.00392156862745098,0.030534351145038167,0.1437908496732026,0.1437908496732026,13.0,0.0,64.0,0.0,4.0,0.0,13.0
"Whether visitors leave their car preset using Spot's GPS location within days of their trip, or they simply use it to track their phone's location in real-time while they're on vacation, Spot's GPS location-sharing technology is a game-changer in the world of vacation home rentals.",FALSE,TRUE,0.9259626266882316,false_positive,0.9259626266882316,282.0,52.0,0.7692307692307693,4.384615384615385,0.0,0.039473684210526314,0.03546099290780142,0.03546099290780142,0.0,0.0,12.0,0.0,0.0,1.0,1.0
"Here to stay in 88 Clargreed Way, Unit A? Based on information from California Regional Multiple Listing Service as of April 24, 2019, the property taxes for 88 Clargreed Way, Unit A, 92507 are estimated to be $4,347.",FALSE,TRUE,0.9254395688471971,false_positive,0.9254395688471971,217.0,39.0,0.8461538461538461,4.384615384615385,0.08755760368663594,0.10526315789473684,0.041474654377880185,0.041474654377880185,0.0,0.0,6.0,0.0,0.0,1.0,2.0
"However,” she notes that ”Before second...
Why We Must All Be Content Creators | The Content Strategist
By Sarah Goodall on October 4, 2016
In the past, the term “content creator” was reserved for those who worked in the digital media industry.",FALSE,TRUE,0.9247189547369752,false_positive,0.9247189547369752,244.0,41.0,0.8536585365853658,4.658536585365853,0.020491803278688523,0.0913978494623656,0.03278688524590164,0.04918032786885246,3.0,0.0,6.0,0.0,0.0,0.0,4.0
"If these sub-systems are compromised integral system usability and quality may diminish. While the term ""system"" implies a holistic approach, the reality is that systems are composed of many subsystems that interact with one another.",FALSE,TRUE,0.9245459105964206,false_positive,0.9245459105964206,233.0,36.0,0.8611111111111112,5.361111111111111,0.0,0.010362694300518135,0.02575107296137339,0.02575107296137339,0.0,0.0,5.0,0.0,0.0,0.0,2.0
"시계바이스 (clockworm theme, from the Seiun 1991-1992 collection) - Yukiya Izumikawa, translated by Andrew Masterson
Yukiya Izumikawa (1929-2010) was a prominent Japanese SF writer who published hundreds of short stories, novels, and essays.",FALSE,TRUE,0.924092498543293,false_positive,0.924092498543293,236.0,34.0,0.9411764705882353,5.647058823529412,0.06779661016949153,0.056818181818181816,0.05084745762711865,0.05084745762711865,1.0,0.0,2.0,0.0,0.0,0.0,2.0
"PersonallyI think we dramatically minimized everything that goes in to building a sustainable model. Based on the passage above, How did the author's experience with a previous company compare to their current company in terms of providing resources and support to employees.",FALSE,TRUE,0.9223809807132248,false_positive,0.9223809807132248,275.0,43.0,0.8604651162790697,5.348837209302325,0.0,0.017391304347826087,0.014545454545454545,0.014545454545454545,0.0,0.0,6.0,0.0,0.0,1.0,2.0
"Although some attribute these delays to government initiatives such other roadworks or improvement projects–which are undoubtedly needed–the fact remains that this is a case of the government failing to properly plan and coordinate its own projects, leaving the public to suffer the consequences.",FALSE,TRUE,0.9206951421241217,false_positive,0.9206951421241217,296.0,45.0,0.8444444444444444,5.555555555555555,0.0,0.004,0.006756756756756757,0.013513513513513514,0.0,0.0,7.0,0.0,0.0,1.0,1.0
"Traditional therapies may be affected under these circumstances. For Example: a trained therapist may be able to use a variety of techniques to help an individual overcome their addiction, such as cognitive-behavioral therapy, motivational interviewing, or contingency management.",FALSE,TRUE,0.9199703993227368,false_positive,0.9199703993227368,280.0,39.0,0.8974358974358975,6.051282051282051,0.0,0.012711864406779662,0.025,0.025,0.0,0.0,4.0,0.0,0.0,1.0,2.0
"Analyzing these different chord progresses can act like unlocking access keys. The book offers a wealth of practical advice, from composing to recording, and even includes a section on how to deal with rejection.",FALSE,TRUE,0.9198127271743783,false_positive,0.9198127271743783,212.0,34.0,0.9411764705882353,5.147058823529412,0.0,0.011428571428571429,0.018867924528301886,0.018867924528301886,0.0,0.0,2.0,0.0,0.0,0.0,2.0
"Check
out www.youtube ).
MELBOURNE SOCIAL CLUB by LINDA ANDERSON
In 1960, I was 16 years old and living in Melbourne.",FALSE,TRUE,0.9185409099023465,false_positive,0.9185409099023465,117.0,21.0,0.9047619047619048,4.380952380952381,0.05128205128205128,0.4186046511627907,0.042735042735042736,0.042735042735042736,3.0,1.0,2.0,0.0,3.0,0.0,5.0
"By putting aside my anxious overthinking, staying focused during my workday, and taking regular breaks to recharge, I've been able to create a better work-life balance that allows me to be more productive, enjoy my hobbies, and spend quality time with loved ones.",FALSE,TRUE,0.9183342293644801,false_positive,0.9183342293644801,263.0,45.0,0.8888888888888888,4.733333333333333,0.0,0.009389671361502348,0.030418250950570342,0.030418250950570342,0.0,0.0,5.0,0.0,0.0,1.0,1.0
"```
  assistant
``nodeModulesD3 = netcoreModuleD3.",FALSE,TRUE,0.9101076701780318,false_positive,0.9101076701780318,50.0,3.0,1.0,12.333333333333334,0.04,0.11428571428571428,0.14,0.14,2.0,0.0,0.0,1.0,2.0,0.0,3.0
"dukeshill kitchen, situated brand africa of the finest gourmet restaurants. On a recent trip to the city, I was fortunate enough to be able to get a table at this restaurant, and I must say, it was one of the best dining experiences I’ve ever had.",FALSE,TRUE,0.9069712980869158,false_positive,0.9069712980869158,247.0,47.0,0.8085106382978723,4.148936170212766,0.0,0.020512820512820513,0.024291497975708502,0.02834008097165992,0.0,0.0,9.0,0.0,0.0,1.0,2.0
"A typical feature that Ryan runs on his show whenever weather warnings are issued is the ""Ryan's Weather Report"" segment, where he gives viewers tips on how to prepare for the weather, what items they need to have on hand, and where to go in case of an emergency.",FALSE,TRUE,0.9031940454992265,false_positive,0.9031940454992265,263.0,50.0,0.82,4.16,0.0,0.02403846153846154,0.026615969581749048,0.026615969581749048,0.0,0.0,9.0,0.0,0.0,1.0,1.0
"Incorporative of the appropriate spectrim is important for a balanced approach to eating. A healthy eating plan is not about strict dietary restrictions, but rather about making informed food choices and finding a balance between different food groups that works for you.",FALSE,TRUE,0.8997258266869892,false_positive,0.8997258266869892,271.0,42.0,0.8333333333333334,5.404761904761905,0.0,0.00881057268722467,0.01107011070110701,0.01107011070110701,0.0,0.0,7.0,0.0,0.0,1.0,2.0
"The National Diabetes Foundation says fiber sources alone may decrease your chronic heart disease risk by up to 30 percent, and that's a big deal, because heart disease is the leading cause of death in the United States.",FALSE,TRUE,0.8983257881039282,false_positive,0.8983257881039282,220.0,39.0,0.8974358974358975,4.589743589743589,0.00909090909090909,0.03389830508474576,0.01818181818181818,0.01818181818181818,0.0,0.0,4.0,0.0,0.0,1.0,1.0
"Here's MyFitnessPal, displaying important vital information such workout routines that worked best. I have tried to keep things simple by focusing on the most important nutrients, vitamins, and minerals.",FALSE,TRUE,0.895104807031481,false_positive,0.895104807031481,203.0,30.0,0.9666666666666667,5.633333333333334,0.0,0.029585798816568046,0.029556650246305417,0.029556650246305417,0.0,0.0,1.0,0.0,0.0,0.0,2.0
"Through these exercises in positive perspective found them helpful. Initially it does take time and effort to change one's mindset, but once it becomes a habit, the rewards are immeasurable.",FALSE,TRUE,0.8887758610994632,false_positive,0.8887758610994632,190.0,31.0,0.967741935483871,5.032258064516129,0.0,0.01282051282051282,0.02631578947368421,0.02631578947368421,0.0,0.0,1.0,0.0,0.0,0.0,2.0
"Teachers have the important role selected works and ideas that they really want edited. In the event you’re not certain if you need to go to a small business school or maybe not, you may well be wondering the advantages of business school.",FALSE,TRUE,0.8885744068424315,false_positive,0.8885744068424315,239.0,44.0,0.8181818181818182,4.386363636363637,0.0,0.010362694300518135,0.012552301255230125,0.016736401673640166,0.0,0.0,8.0,0.0,0.0,1.0,2.0
"This versatile contender has been reinvin... read whole review >
5  Samsung Powerbot R7070
This sleek and stylish robot vacuum cleaner is a breeze to use and clean, thanks to its advanced navigation system and powerful suction.",FALSE,TRUE,0.887329930718025,false_positive,0.887329930718025,227.0,36.0,0.8888888888888888,5.111111111111111,0.022026431718061675,0.027932960893854747,0.02643171806167401,0.02643171806167401,2.0,0.0,4.0,0.0,2.0,0.0,4.0
"Armenia, which, as I region monitoring, the European Environment Commission, stated it is currently the most polluted country in Europe, has been ranked among the 10 most polluted countries globally, according to a new report by the World Health Organization (WHO).",FALSE,TRUE,0.8866948577602356,false_positive,0.8866948577602356,265.0,41.0,0.8780487804878049,5.2682926829268295,0.007547169811320755,0.056074766355140186,0.033962264150943396,0.033962264150943396,0.0,0.0,5.0,0.0,0.0,1.0,1.0
"One technique from this strategy focuses typically reconstruction. Typically, this starts with identifying the main idea or topic, which can be a thesis statement, and then breaking that down into smaller subtopics or points.",FALSE,TRUE,0.8856748826224068,false_positive,0.8856748826224068,225.0,34.0,0.9117647058823529,5.5,0.0,0.0106951871657754,0.022222222222222223,0.022222222222222223,0.0,0.0,3.0,0.0,0.0,1.0,2.0
"Here has been an increase in using locally amenable fabrics and artisan textiles overall. This trend is driven by the growing interest in sustainability and reducing the environmental impact of fashion, as well as a desire to support local communities and artisans.",FALSE,TRUE,0.8854258724724353,false_positive,0.8854258724724353,265.0,42.0,0.8809523809523809,5.261904761904762,0.0,0.00904977375565611,0.011320754716981131,0.011320754716981131,0.0,0.0,5.0,0.0,0.0,1.0,2.0
"Baptie has curated an ac robatic experience that captures customers in an interactive atmosphere. The venue is designed to resemble a circus tent, with a large central stage, high-top tables and bar stools that surround the space.",FALSE,TRUE,0.8842120901924616,false_positive,0.8842120901924616,230.0,38.0,0.8947368421052632,4.973684210526316,0.0,0.010582010582010581,0.021739130434782608,0.021739130434782608,0.0,0.0,4.0,0.0,0.0,0.0,2.0
"It turns out the weather service is seeing mostly consensus for between six in. By the time the snow reaches the ground, the snow will have started to melt and will only be a few inches deep.",FALSE,TRUE,0.882113511652926,false_positive,0.882113511652926,191.0,37.0,0.8378378378378378,4.108108108108108,0.0,0.013157894736842105,0.015706806282722512,0.015706806282722512,0.0,0.0,6.0,0.0,0.0,0.0,2.0
"In an article titled Nine principles retail developers should consider for innovative resilient retail, published in the Spring 2017 issue of the Urban Land Magazine, the authors highlight the importance of creating a resilient retail environment as a key factor in ensuring the long-term success of retail developments.",FALSE,TRUE,0.8782603394953202,false_positive,0.8782603394953202,320.0,49.0,0.7346938775510204,5.489795918367347,0.0125,0.022641509433962263,0.0125,0.0125,0.0,0.0,13.0,0.0,0.0,1.0,1.0
"When paired along a cholesterol-based healthy diet program along for example lowfat dairy products, fruits, vegetables, and whole grains, consuming lean protein may help to reduce your risk for cardiovascular disease and stroke, according to a report published in the journal Nutrients.",FALSE,TRUE,0.8776633841092907,false_positive,0.8776633841092907,286.0,43.0,0.8837209302325582,5.534883720930233,0.0,0.008403361344537815,0.024475524475524476,0.024475524475524476,0.0,0.0,5.0,0.0,0.0,1.0,1.0
"Hopefully not too unpleasant for anyone patrolled...""

    weather_message_yestoday_and_forecast = weather_message_yesterday + ""\n\n"" + weather_message_forecast

    return weather_message_yestoday_and_forecast


def get_weather_message_hourly(city_name).",FALSE,TRUE,0.8758530294903032,false_positive,0.8758530294903032,255.0,17.0,0.8823529411764706,12.470588235294118,0.0,0.00510204081632653,0.11764705882352941,0.11764705882352941,7.0,0.0,2.0,5.0,3.0,0.0,5.0
However having been told indirectly otherwise – I do appreciate constructive input. However it is also important to consider that sometimes a person might have a genuine reason to keep the issue private and not share it publicly.,FALSE,TRUE,0.8740614471208151,false_positive,0.8740614471208151,229.0,37.0,0.8918918918918919,5.108108108108108,0.0,0.015873015873015872,0.008733624454148471,0.013100436681222707,0.0,0.0,4.0,0.0,0.0,1.0,2.0
"Hyp
3.2 Advanced Query Parser
As detailed in prior work [8], the Advanced Query Parser is an extension of the original query parser that allows for more complex queries and greater flexibility in expressing user preferences.",FALSE,TRUE,0.8734006340511398,false_positive,0.8734006340511398,224.0,37.0,0.8108108108108109,4.972972972972973,0.013392857142857142,0.04419889502762431,0.022321428571428572,0.022321428571428572,2.0,0.0,7.0,0.0,3.0,1.0,4.0
"[...]</a>"""","""");
""%html_head%"").attrSet(""http_response_code"",'200').",FALSE,TRUE,0.8730060603908787,false_positive,0.8730060603908787,68.0,5.0,1.0,7.6,0.04411764705882353,0.03125,0.47058823529411764,0.47058823529411764,1.0,0.0,0.0,1.0,3.0,0.0,4.0
"Additionally the associated costs of partnering developers with dense urban environments means higher upfront costs and the need. The costs of building a new skyscraper can range from $500 to $1,500 per square foot, depending on the location, design, and materials used.",FALSE,TRUE,0.8723443210774432,false_positive,0.8723443210774432,270.0,43.0,0.813953488372093,5.1395348837209305,0.025925925925925925,0.009345794392523364,0.02962962962962963,0.02962962962962963,0.0,0.0,8.0,0.0,0.0,1.0,2.0
You might introduce it by asking if exists together we are stronger than they choose to believe. Friendship poems for kids can be a great way to encourage children to learn about the value of friendship.,FALSE,TRUE,0.8705453332630277,false_positive,0.8705453332630277,203.0,36.0,0.9166666666666666,4.611111111111111,0.0,0.012048192771084338,0.009852216748768473,0.009852216748768473,0.0,0.0,3.0,0.0,0.0,0.0,2.0
"Begin deep nasal breathing for purposes figured in previous paragraphs yet mentioned. Then, as you inhale, imagine inhaling a brilliant white light into the pit of your stomach.",FALSE,TRUE,0.8704696609775562,false_positive,0.8704696609775562,177.0,28.0,1.0,5.214285714285714,0.0,0.0136986301369863,0.022598870056497175,0.022598870056497175,0.0,0.0,0.0,0.0,0.0,0.0,2.0
"Barcode identification and visual recognition might play advantageous.""
""Interesting concept! Plant ID books are a great way to start learning about plants, but they do have their limitations.",FALSE,TRUE,0.8701429405839352,false_positive,0.8701429405839352,192.0,28.0,1.0,5.678571428571429,0.0,0.031446540880503145,0.03125,0.03125,1.0,0.0,0.0,0.0,1.0,0.0,4.0
P. Searcy.[STORIA JOURNAL ARCHIVES]( http www.,FALSE,TRUE,0.8699398228519016,false_positive,0.8699398228519016,46.0,7.0,1.0,5.0,0.0,0.6571428571428571,0.13043478260869565,0.13043478260869565,0.0,0.0,0.0,0.0,3.0,0.0,3.0
"At a societal, economic, practical necessity maybe, however at a mytho-empire level, there is no such thing as a ""job"" and no such thing as an ""industry""
I'm in agreement with your thoughts on the word ""industry"" and I'm glad you brought up the idea of a ""job.",FALSE,TRUE,0.8697495691434726,false_positive,0.8697495691434726,260.0,51.0,0.7254901960784313,3.8823529411764706,0.0,0.015151515151515152,0.057692307692307696,0.057692307692307696,1.0,0.0,14.0,0.0,0.0,1.0,2.0
"The initial investment will be worth my better understanding as to why and where this behavior happens. If they are doing it out of fear, then the best way to address it is to work with them to build their confidence in their abilities.",FALSE,TRUE,0.8669134470093295,false_positive,0.8669134470093295,236.0,44.0,0.8636363636363636,4.318181818181818,0.0,0.010526315789473684,0.012711864406779662,0.012711864406779662,0.0,0.0,6.0,0.0,0.0,1.0,2.0
"There’s at times a lot you heard belied in a common myth. The concept of the ‘perfect’ body, for example, is something that has been ingrained in society for years, and it can be a very damaging idea for many people.",FALSE,TRUE,0.8653409949049851,false_positive,0.8653409949049851,216.0,42.0,0.8571428571428571,4.0,0.0,0.011904761904761904,0.023148148148148147,0.037037037037037035,0.0,0.0,6.0,0.0,0.0,1.0,2.0
"Ensure to routinely track progress and measure outward from lessons discovered within every campaign. The report should present the results of the campaign in a clear and concise manner, including the impact on revenue, conversion rates, and customer engagement metrics.",FALSE,TRUE,0.8653254991964935,false_positive,0.8653254991964935,270.0,40.0,0.85,5.65,0.0,0.008849557522123894,0.018518518518518517,0.018518518518518517,0.0,0.0,6.0,0.0,0.0,1.0,2.0
"However our modern lifestyles have made time-star generation. Tea gardens are no further from the hustle and bustle of city life, but still within easy reach, making them a popular choice for those looking for a relaxing escape.",FALSE,TRUE,0.8641867223944429,false_positive,0.8641867223944429,228.0,39.0,0.9487179487179487,4.769230769230769,0.0,0.010752688172043012,0.021929824561403508,0.021929824561403508,0.0,0.0,2.0,0.0,0.0,1.0,2.0
"First Social Media. Social Media Channels. What is Facebook Marketing? And on top through the internet, people can get to know what is going on in the world, and get to know their friends.",FALSE,TRUE,0.8630296689359405,false_positive,0.8630296689359405,188.0,34.0,0.7058823529411765,4.382352941176471,0.0,0.06711409395973154,0.031914893617021274,0.031914893617021274,0.0,0.0,10.0,0.0,3.0,0.0,4.0
"After trying out several different chargs from various models, such power supply brands as AOC, ASUS, and ViewSonic, I finally settled on this Dell 24"" LED Monitor with HDMI.",FALSE,TRUE,0.8624318533978199,false_positive,0.8624318533978199,174.0,29.0,1.0,4.827586206896552,0.011494252873563218,0.14492753623188406,0.034482758620689655,0.034482758620689655,0.0,0.0,0.0,0.0,0.0,1.0,1.0
"Nothing else invigorates my dialog bit.Even the scrimp and bacon breakfasts of my childhood, or the fried eggs and bacon with hash browns of my youth, or the more recent, lighter egg white omelet and veggie omelet with whole wheat toast, can’t compare.",FALSE,TRUE,0.8612221450287353,false_positive,0.8612221450287353,252.0,45.0,0.7555555555555555,4.511111111111111,0.0,0.009852216748768473,0.023809523809523808,0.027777777777777776,0.0,0.0,11.0,0.0,0.0,1.0,2.0
"It seemed like the right beginning method before starting any program itself. My program is designed to read a text file that contains some data (in this case, a list of numbers).",FALSE,TRUE,0.8603403696650369,false_positive,0.8603403696650369,179.0,32.0,0.9375,4.46875,0.0,0.013986013986013986,0.027932960893854747,0.027932960893854747,0.0,0.0,2.0,0.0,0.0,0.0,2.0
While many of those habits or suffer minimal long run consequences if missed—such as brushing your teeth or taking a shower—the same cannot be said for other habits that are equally important in a person's life.,FALSE,TRUE,0.8522803706855533,false_positive,0.8522803706855533,211.0,39.0,0.9230769230769231,4.410256410256411,0.0,0.005813953488372093,0.009478672985781991,0.018957345971563982,0.0,0.0,3.0,0.0,0.0,1.0,1.0
"In your message. \)

User 0 and 1000
fashon week
Fashion week is a series of events that occur over a specific period of time, usually a week, in which fashion designers, brands, and fashion houses showcase their latest collections to buyers, journalists, and fashion influencers.",FALSE,TRUE,0.8509193515695768,false_positive,0.8509193515695768,280.0,45.0,0.7555555555555555,4.977777777777778,0.017857142857142856,0.0136986301369863,0.03571428571428571,0.03571428571428571,4.0,0.0,11.0,0.0,3.0,1.0,5.0
"These devices harness renewable sources making...
4 Reasons to Go for Geomatic Surveying Services for Your Business
Geomatic surveying is a method of gathering and analyzing geographical data using specialized equipment and techniques.",FALSE,TRUE,0.8482575452352525,false_positive,0.8482575452352525,235.0,33.0,0.8787878787878788,6.03030303030303,0.00425531914893617,0.045454545454545456,0.01702127659574468,0.01702127659574468,2.0,0.0,4.0,0.0,0.0,0.0,3.0
"Though not a particularly eloquate soul myself—oh, you know me, I'm a poet, not a philosopher—I'm nonetheless fascinated by the works of those who have the gift of eloquence, the ability to articulate their thoughts and ideas in a way that inspires and uplifts others.",FALSE,TRUE,0.8468998799929915,false_positive,0.8468998799929915,268.0,49.0,0.7959183673469388,4.387755102040816,0.0,0.013953488372093023,0.026119402985074626,0.033582089552238806,0.0,0.0,10.0,0.0,0.0,1.0,1.0
Disposable filter replacements help lend people bigger performance from the machine conveniently. It is also an eco-friendly choice because you don’t need to throw away the entire machine.,FALSE,TRUE,0.846318451056549,false_positive,0.846318451056549,188.0,30.0,0.9333333333333333,5.233333333333333,0.0,0.012738853503184714,0.015957446808510637,0.02127659574468085,0.0,0.0,2.0,0.0,0.0,0.0,2.0
"') } else {
  res.setItems([""Key holder"", [...this.getRelatedEntities()]]).",FALSE,TRUE,0.8420180243675344,false_positive,0.8420180243675344,75.0,7.0,1.0,6.571428571428571,0.0,0.08695652173913043,0.28,0.28,1.0,0.0,0.0,1.0,5.0,0.0,5.0
""")
puts message.to_s.endsWith?$? ? """":""..."") # remove trailing newline if present
puts message.",FALSE,TRUE,0.8417638260227587,false_positive,0.8417638260227587,95.0,11.0,0.8181818181818182,5.818181818181818,0.0,0.015873015873015872,0.21052631578947367,0.21052631578947367,2.0,0.0,2.0,0.0,5.0,0.0,8.0
"Local celebrities Richard and Mayumi Morales alongside Kobe Bryant are inviting everyone ahead of time to attend the grand opening of their new restaurant, Kobe Club LA, which will be located at 8500 Beverly Boulevard in West Hollywood, California.",FALSE,TRUE,0.8412367403833634,false_positive,0.8412367403833634,248.0,39.0,0.9487179487179487,5.282051282051282,0.016129032258064516,0.07425742574257425,0.016129032258064516,0.016129032258064516,0.0,0.0,2.0,0.0,0.0,1.0,1.0
"However professional lighting systems, utilized chiefly inside photographs studios have a wider range. The lighting fixtures can be used for a variety of applications, including indoor and outside photographs, videos, and television production.",FALSE,TRUE,0.8408476772001149,false_positive,0.8408476772001149,244.0,33.0,0.8787878787878788,6.242424242424242,0.0,0.009708737864077669,0.02459016393442623,0.02459016393442623,0.0,0.0,4.0,0.0,0.0,0.0,2.0
"Let s take our favorite parks visitor program, the. The art institute s museum school offers a wide range of classes and workshops for adults and teens interested in exploring their creativity.",FALSE,TRUE,0.8389025322431417,false_positive,0.8389025322431417,193.0,32.0,0.90625,4.96875,0.0,0.012578616352201259,0.015544041450777202,0.015544041450777202,0.0,0.0,3.0,0.0,0.0,0.0,2.0
"Through examining psychological theories such Sipionian’s recent research that focuses on the role of early childhood experiences in shaping personality, including the influence of parental attachment and the development of social skills, the course will explore the importance of early childhood in shaping an individual’s social identity and personality.",FALSE,TRUE,0.8379490129331569,false_positive,0.8379490129331569,356.0,51.0,0.7058823529411765,5.9411764705882355,0.0,0.006600660066006601,0.008426966292134831,0.014044943820224719,0.0,0.0,15.0,0.0,0.0,1.0,1.0
"Hence choosing the appropriate temperature relying on whether it as necessary. Based on the passage above, Could you paraphrase the sentence ""The temperature of the mixture should be adjusted to achieve the desired viscosity without overheating the polymer"" in simpler terms.",FALSE,TRUE,0.8359574525496002,false_positive,0.8359574525496002,275.0,41.0,0.8048780487804879,5.609756097560975,0.0,0.017391304347826087,0.01818181818181818,0.01818181818181818,0.0,0.0,8.0,0.0,0.0,1.0,2.0
"If the excitement doesn’t get too live yet.The 139-12th Street Station is an elevated station with a single track and two side platforms, each 260 feet long.",FALSE,TRUE,0.8354323979291527,false_positive,0.8354323979291527,157.0,30.0,0.9333333333333333,4.2,0.050955414012738856,0.03389830508474576,0.025477707006369428,0.03184713375796178,0.0,0.0,2.0,0.0,0.0,0.0,2.0
"If learning Spanish was private thereafter you may be taken. The Spanish language is a great way to communicate with people from Central and South America, Spain, and other Spanish-speaking countries.",FALSE,TRUE,0.83428859392325,false_positive,0.83428859392325,200.0,32.0,0.90625,5.15625,0.0,0.05454545454545454,0.025,0.025,0.0,0.0,3.0,0.0,0.0,0.0,2.0
"WORLD'S TOP INTELLEC • Scientist - 10 .
The Constitution's Bill of Rights guarantees that ""Congress shall make no law abridging the freedom of speech,"" but it doesn't guarantee that any particular speech will be heard.",FALSE,TRUE,0.8342009545893646,false_positive,0.8342009545893646,218.0,36.0,0.8611111111111112,4.805555555555555,0.009174311926605505,0.13450292397660818,0.04128440366972477,0.045871559633027525,1.0,0.0,5.0,0.0,0.0,1.0,2.0
"Do any research and engage outside professionals as needed.""

#2. Discuss potential financial impacts and consider insurance options

""Consider the potential financial impacts of a disaster, including property damage, lost income, and medical bills.",FALSE,TRUE,0.8341604294766662,false_positive,0.8341604294766662,249.0,34.0,0.8235294117647058,6.029411764705882,0.004016064257028112,0.014705882352941176,0.03614457831325301,0.03614457831325301,4.0,0.0,6.0,0.0,1.0,0.0,5.0
Though Warner Bros.’s New Line has expressed interest in an “absolute priority adaptation”. The studio has not yet officially announced any plans to move forward with the project.,FALSE,TRUE,0.833932390972992,false_positive,0.833932390972992,179.0,29.0,0.9310344827586207,5.0344827586206895,0.0,0.0410958904109589,0.01675977653631285,0.0335195530726257,0.0,0.0,2.0,0.0,1.0,0.0,3.0
"These habits strongly affect the migrants without regard for any other aspect.In the context of migration, the term habit refers to a specific behavior that is learned through repetition and becomes a part of a person's regular routine.",FALSE,TRUE,0.8333798810857451,false_positive,0.8333798810857451,236.0,40.0,0.875,4.875,0.0,0.010256410256410256,0.01694915254237288,0.01694915254237288,0.0,0.0,5.0,0.0,0.0,1.0,2.0
"Based with real data, compiled case histories of successful setting and putting goals into action, and practical advice from a seasoned coach, this book will help you achieve the most elusive but most important goal of all.",FALSE,TRUE,0.8325507757527524,false_positive,0.8325507757527524,223.0,37.0,0.918918918918919,4.945945945945946,0.0,0.00546448087431694,0.017937219730941704,0.017937219730941704,0.0,0.0,3.0,0.0,0.0,1.0,1.0
These same routines could recommend scheduling some time each week or specially during vacations because it's easy for the body to get out of balance when we're not doing our regular workout routines.,FALSE,TRUE,0.8322622374114361,false_positive,0.8322622374114361,200.0,35.0,0.9714285714285714,4.714285714285714,0.0,0.006060606060606061,0.015,0.015,0.0,0.0,1.0,0.0,0.0,1.0,1.0
"In banks in Kenya e g, enterprises bank or the cooperative system. The format of the essay is not specified, so we'll do our best to present it in a way that works best for you.",FALSE,TRUE,0.832163225208791,false_positive,0.832163225208791,177.0,37.0,0.8648648648648649,3.7027027027027026,0.0,0.021897810218978103,0.02824858757062147,0.02824858757062147,0.0,0.0,5.0,0.0,0.0,1.0,2.0
"She moved slowly to allow Laura Jane his space and noticed that something was troubling David. The young man’s brow was furrowed, and he was staring at the ground with a mixture of sadness and frustration.",FALSE,TRUE,0.8312983590559001,false_positive,0.8312983590559001,205.0,37.0,0.8648648648648649,4.486486486486487,0.0,0.030120481927710843,0.014634146341463415,0.01951219512195122,0.0,0.0,5.0,0.0,0.0,0.0,2.0
"Discuss one or more of the different indicators before moving into what makes your chosen indicator distinctive. Explain why you have chosen your indicator, and what insights it provides into the broader trends in the industry.",FALSE,TRUE,0.8308409873290902,false_positive,0.8308409873290902,227.0,36.0,0.8055555555555556,5.25,0.0,0.010582010582010581,0.013215859030837005,0.013215859030837005,0.0,0.0,7.0,0.0,0.0,0.0,2.0
"Having had several instances…
Discussion | Friendship and Technology
Friendly Technology
Friendship Technology
Having had several instances where I have had to communicate with people who are not fluent in English, I have had some difficulties.",FALSE,TRUE,0.830196092445572,false_positive,0.830196092445572,244.0,35.0,0.6857142857142857,5.857142857142857,0.0,0.05853658536585366,0.012295081967213115,0.01639344262295082,4.0,0.0,11.0,0.0,4.0,0.0,5.0
"Popular Christmas carOLS and have literally become holiday trademarks!
Our range offers many styles of Christmas carol cards for you to choose from, including traditional, modern, religious, secular and fun designs.",FALSE,TRUE,0.8298367644855003,false_positive,0.8298367644855003,215.0,31.0,0.9354838709677419,5.774193548387097,0.0,0.03910614525139665,0.027906976744186046,0.027906976744186046,1.0,0.0,2.0,0.0,0.0,0.0,2.0
"lose the distractions while enjoying nature outings/adrenalin-pumping adventure walks. You'll be able to connect with your loved ones, and even your own inner self, in a unique way.",FALSE,TRUE,0.8294853614412813,false_positive,0.8294853614412813,181.0,31.0,0.967741935483871,4.741935483870968,0.0,0.006802721088435374,0.03867403314917127,0.03867403314917127,0.0,0.0,1.0,0.0,0.0,0.0,2.0
"Controls and data transfer. In Apple book a room, you always want. The only other difference is that the iMac is an all-in-one desktop computer, while the Mac Pro is a desktop tower computer.",FALSE,TRUE,0.8294774229138626,false_positive,0.8294774229138626,191.0,36.0,0.7777777777777778,4.194444444444445,0.0,0.046357615894039736,0.03664921465968586,0.03664921465968586,0.0,0.0,8.0,0.0,1.0,0.0,3.0
": 
 ""Our express one-phone-call support is conveniently led by our team of skilled technicians who are experts in their field and have the knowledge and experience to resolve any issues quickly and efficiently,"" said a representative of the company.",FALSE,TRUE,0.8293805229779139,false_positive,0.8293805229779139,249.0,40.0,0.875,5.05,0.0,0.0049504950495049506,0.028112449799196786,0.028112449799196786,1.0,0.0,5.0,0.0,0.0,1.0,2.0
"Whether an on-site planner installs templates featuring the brand colors in landscape orientation or a web developer incorporates them into the website’s design, it’s important for businesses to take advantage of all the design elements available to them.",FALSE,TRUE,0.8276512676776625,false_positive,0.8276512676776625,255.0,41.0,0.8536585365853658,5.195121951219512,0.0,0.004694835680751174,0.011764705882352941,0.0196078431372549,0.0,0.0,6.0,0.0,0.0,1.0,1.0
"This inspiring and accessible book tells their largely suspense-defeating, often thrilling hstory. The author has been a lifelong fan of these two clubs and a season ticket holder for over 30 years.",FALSE,TRUE,0.8272888191015045,false_positive,0.8272888191015045,198.0,33.0,0.9393939393939394,4.9393939393939394,0.010101010101010102,0.012422360248447204,0.020202020202020204,0.020202020202020204,0.0,0.0,2.0,0.0,0.0,0.0,2.0
"Today it functions as a metaphor Partheon refers back, no. Me, I love the fact that the sun was shining and the birds were singing, and that I was sitting outside in my garden with a hot cup of coffee.",FALSE,TRUE,0.819756420597508,false_positive,0.819756420597508,201.0,40.0,0.825,3.925,0.0,0.03184713375796178,0.024875621890547265,0.024875621890547265,0.0,0.0,7.0,0.0,0.0,1.0,2.0
"There professionals work tirelessly around scheduled missions offering quality affordable services. The bike is a great investment, but it’s a big investment, and it’s something that you should carefully consider.",FALSE,TRUE,0.8184491669816181,false_positive,0.8184491669816181,213.0,32.0,0.875,5.5625,0.0,0.011235955056179775,0.018779342723004695,0.028169014084507043,0.0,0.0,4.0,0.0,0.0,0.0,2.0
"Think through several options and choose.

""What Thoughts Do Your Recipes Conalesce,"" by Kelli Russell Agodon, was published in the anthology ""The Art of Losing"" (Finishing Line Press, 2014) and was nominated for a Pushcart Prize.",FALSE,TRUE,0.8173446318232138,false_positive,0.8173446318232138,230.0,36.0,0.9166666666666666,5.083333333333333,0.017391304347826087,0.1005586592178771,0.04782608695652174,0.04782608695652174,2.0,0.0,3.0,0.0,0.0,1.0,2.0
"ASSICURAR-ADBLOCKER.COM

If the answer is 1.) I don't think so.",FALSE,TRUE,0.8155614558287729,false_positive,0.8155614558287729,63.0,13.0,1.0,3.6153846153846154,0.015873015873015872,0.5,0.09523809523809523,0.09523809523809523,2.0,0.0,0.0,0.0,4.0,0.0,4.0
"With overviews of ingredient preparation as nicely as step diagrams that educate guests on how to correctly use the various attachments, this e-book is perfect for beginner and intermediate chefs who are searching to enhance their kitchen prowess.",FALSE,TRUE,0.8151115366872764,false_positive,0.8151115366872764,247.0,39.0,0.9487179487179487,5.3076923076923075,0.0,0.004830917874396135,0.012145748987854251,0.012145748987854251,0.0,0.0,2.0,0.0,0.0,1.0,1.0
"Ultimately achieving exceptional success in your education administration attorney career means understanding the foundation’s financial and legal requirements, identifying opportunities for growth, and implementing strategies that align with your vision.",FALSE,TRUE,0.8139863123624994,false_positive,0.8139863123624994,255.0,31.0,0.9354838709677419,7.161290322580645,0.0,0.0045045045045045045,0.011764705882352941,0.01568627450980392,0.0,0.0,2.0,0.0,0.0,1.0,1.0
"Plus, viewers get access brief descriptions or summaries written specifically designed. This allows individuals, organizations, and businesses to create their own unique video content for their website or social media pages.",FALSE,TRUE,0.8132740897299497,false_positive,0.8132740897299497,224.0,31.0,0.9354838709677419,6.096774193548387,0.0,0.010582010582010581,0.022321428571428572,0.022321428571428572,0.0,0.0,2.0,0.0,0.0,0.0,2.0
"Photo: ThinkGeoPoliticsAfter years with little effort on their behalf from a congressional committee, electric utilities are making strides to advance the use of carbon capture technology in coal-fired power plants.",FALSE,TRUE,0.8115471367898665,false_positive,0.8115471367898665,215.0,31.0,1.0,5.870967741935484,0.0,0.027472527472527472,0.018604651162790697,0.018604651162790697,0.0,0.0,0.0,1.0,0.0,1.0,1.0
"Contact Certified Canines today to learn solution geared tailored towards individual dogs.

This website and its content are not intended to be used as a substitute for professional dog training or veterinary advice.",FALSE,TRUE,0.8093173303907543,false_positive,0.8093173303907543,216.0,33.0,0.9696969696969697,5.484848484848484,0.0,0.022099447513812154,0.009259259259259259,0.009259259259259259,2.0,0.0,1.0,0.0,0.0,0.0,2.0
"As anyone would tell til diet is key to gaining weight muscles. I'm not saying you should go out and eat fast food every day, but it's okay to indulge every once in a while.",FALSE,TRUE,0.8085457510101008,false_positive,0.8085457510101008,173.0,37.0,0.9459459459459459,3.6216216216216215,0.0,0.014925373134328358,0.028901734104046242,0.028901734104046242,0.0,0.0,2.0,0.0,0.0,1.0,2.0
"Oh what a glorious blaze his light did bring! 8. The poem ""The Road Not Taken"" by Robert Frost is a poem that has been interpreted in many different ways.",FALSE,TRUE,0.8078466895276969,false_positive,0.8078466895276969,154.0,30.0,0.9,4.0,0.006493506493506494,0.06722689075630252,0.032467532467532464,0.032467532467532464,0.0,0.0,3.0,0.0,1.0,0.0,3.0
"Everyone’s input valuable so be ready to pitch your opinions regarding task assignments. I believe that when I have the chance to talk about my work with my peers, I can get a more diverse perspective about the project.",FALSE,TRUE,0.8078301538445558,false_positive,0.8078301538445558,219.0,40.0,0.85,4.425,0.0,0.022598870056497175,0.0136986301369863,0.0182648401826484,0.0,0.0,6.0,0.0,0.0,1.0,2.0
"Colonel: ""Good afternoon!"" During evaluation phase of the marketing process individuals will be asked to provide a brief introduction of themselves, discuss the challenges they have faced in their current role, and provide examples of their successes in the role.",FALSE,TRUE,0.8075585876642601,false_positive,0.8075585876642601,263.0,40.0,0.8,5.425,0.0,0.013824884792626729,0.026615969581749048,0.026615969581749048,0.0,0.0,8.0,0.0,1.0,1.0,2.0
"zę)

i understand the concept, stranger! what is weather there are several phenomena that we can observe in the atmosphere, but the term ""weather"" usually refers only to the day-to-day changes in temperature, humidity, cloudiness, wind, and precipitation.",FALSE,TRUE,0.8064695097746808,false_positive,0.8064695097746808,255.0,40.0,0.825,5.1,0.0,0.0,0.050980392156862744,0.050980392156862744,2.0,0.0,7.0,0.0,2.0,1.0,3.0
"Some like just sitting on soft rubber they can't see what could happen. The first time I went to a party at my friend's house, I was so nervous that I thought I was going to die.",FALSE,TRUE,0.8059560957413267,false_positive,0.8059560957413267,178.0,39.0,0.8717948717948718,3.5128205128205128,0.0,0.043795620437956206,0.028089887640449437,0.028089887640449437,0.0,0.0,5.0,0.0,0.0,1.0,2.0
"Based around statistics and facts acquired only found in reliable academic journals with the help of the internet, write a detailed report in APA format, using at least 10 credible sources, on the positive and negative impacts of social media on mental health.",FALSE,TRUE,0.8050869714326773,false_positive,0.8050869714326773,260.0,43.0,0.8604651162790697,4.976744186046512,0.007692307692307693,0.018867924528301886,0.015384615384615385,0.015384615384615385,0.0,0.0,6.0,0.0,0.0,1.0,1.0
"Here is shown a portable solar kick jeep tail light. This headtorch has a strong and durable design, equipped with high-quality LED lights, which can provide a bright and clear illumination at night.",FALSE,TRUE,0.8028430764686192,false_positive,0.8028430764686192,199.0,34.0,0.9117647058823529,4.764705882352941,0.0,0.030864197530864196,0.02512562814070352,0.02512562814070352,0.0,0.0,3.0,0.0,0.0,0.0,2.0
"How one man used meaningful work experiences to address feelings from his recent cancer diagnosis: ""I didn't want to be defined by cancer""
In May 2018, the author was diagnosed with cancer.",FALSE,TRUE,0.8017423542749995,false_positive,0.8017423542749995,189.0,33.0,0.9090909090909091,4.606060606060606,0.021164021164021163,0.02702702702702703,0.031746031746031744,0.031746031746031744,1.0,0.0,3.0,0.0,0.0,0.0,2.0
"These types are often gentle hum sûrede or micellar like products(like the Cetaphil Gentle Skin Cleanser), which don't strip your skin of its natural oils but are still effective at removing dirt and makeup.",FALSE,TRUE,0.8007818936003512,false_positive,0.8007818936003512,207.0,36.0,0.8888888888888888,4.694444444444445,0.0,0.029585798816568046,0.024154589371980676,0.024154589371980676,0.0,0.0,4.0,0.0,0.0,1.0,1.0
However further research may reveal automated assembly tools that could better support. I would rather have a few more examples to choose from than having to settle for a single option.,FALSE,TRUE,0.8007439268173481,false_positive,0.8007439268173481,185.0,31.0,0.9354838709677419,4.935483870967742,0.0,0.013071895424836602,0.010810810810810811,0.010810810810810811,0.0,0.0,2.0,0.0,0.0,0.0,2.0
"There also specific design parameters [1–3]: 

- Refrigerating Temperature Difference 
- Refrigerant Temperature Difference 
- Refrigerant Flow Rate 
- Refrigerant Temperature 
- Refrigeration Capacity 

The refrigerating temperature difference is the temperature difference between the refrigerant temperature and the air temperature.",FALSE,TRUE,0.8002602175283886,false_positive,0.8002602175283886,335.0,36.0,0.5555555555555556,7.722222222222222,0.005970149253731343,0.05434782608695652,0.026865671641791045,0.029850746268656716,8.0,0.0,16.0,0.0,5.0,0.0,7.0
"A nice and interesting topic alike always. Thanks. Yes “friendships” are very special, it’s the people you choose to be with that makes them special.",FALSE,TRUE,0.7996170656146021,false_positive,0.7996170656146021,149.0,26.0,0.9615384615384616,4.538461538461538,0.0,0.025423728813559324,0.026845637583892617,0.04697986577181208,0.0,0.0,1.0,0.0,1.0,0.0,3.0
"Check road conditions, and safeguard rules and regulations in different parts exist. If you are traveling by car, you must carry a valid driver’s license, car insurance, and proof of ownership.",FALSE,TRUE,0.7985842271699531,false_positive,0.7985842271699531,193.0,32.0,0.875,4.875,0.0,0.01282051282051282,0.031088082901554404,0.03626943005181347,0.0,0.0,4.0,0.0,0.0,0.0,2.0
"As every successful individual wants,"" said Ms.
Maltby.
""We will also be launching a new version of our online platform, which will be more user-friendly and easy to navigate, with a greater focus on social media.",FALSE,TRUE,0.7952582385417158,false_positive,0.7952582385417158,213.0,37.0,0.918918918918919,4.5675675675675675,0.0,0.023668639053254437,0.04225352112676056,0.04225352112676056,2.0,0.0,3.0,0.0,1.0,1.0,3.0
":) 

I think Nonamedude has made a brilliant start in identifying some very interesting potential applications for this technology, and it's great to see that others are already exploring similar ideas.",FALSE,TRUE,0.794599793257572,false_positive,0.794599793257572,202.0,31.0,1.0,5.32258064516129,0.0,0.012121212121212121,0.024752475247524754,0.024752475247524754,2.0,0.0,0.0,0.0,0.0,1.0,2.0
"When morning becomes a wolf came with a new haircut. What had happened to his hair, she wondered, as she watched him walk towards her in the dim light of the kitchen.",FALSE,TRUE,0.7945024468200835,false_positive,0.7945024468200835,166.0,32.0,0.90625,4.09375,0.0,0.015267175572519083,0.024096385542168676,0.024096385542168676,0.0,0.0,3.0,0.0,0.0,0.0,2.0
"Loki is such inspiration. Love his limitless creativity with his fashion outfits"", ""I'm so glad that we have the ability to express ourselves through fashion, and I'm grateful for the opportunity to show my creativity through the outfits I wear.",FALSE,TRUE,0.7943055670355536,false_positive,0.7943055670355536,245.0,42.0,0.7380952380952381,4.714285714285714,0.0,0.025252525252525252,0.0326530612244898,0.0326530612244898,0.0,0.0,11.0,0.0,1.0,1.0,2.0
"However you don�t want automated process to spend too time in this. Usually, garbage collection is run after a certain number of objects have been created.",FALSE,TRUE,0.7942037576211146,false_positive,0.7942037576211146,155.0,27.0,1.0,4.666666666666667,0.0,0.015873015873015872,0.01935483870967742,0.025806451612903226,0.0,0.0,0.0,0.0,0.0,0.0,2.0
"Based
on available research about various communities, thereforth, measures such a
community engagement, volunteerism, and social connections have been found to be associated with higher levels of happiness and well-being.",FALSE,TRUE,0.7921743930627991,false_positive,0.7921743930627991,222.0,31.0,0.967741935483871,6.032258064516129,0.0,0.0053475935828877,0.02702702702702703,0.02702702702702703,2.0,0.0,1.0,0.0,1.0,0.0,3.0
"Is one more desirable for travelers thanks so very. First time you visit, you can choose from a variety of different types of accommodations depending on your budget, including luxury hotels, apartments, vacation rentals, and more.",FALSE,TRUE,0.7917488008728336,false_positive,0.7917488008728336,231.0,36.0,0.9166666666666666,5.25,0.0,0.010582010582010581,0.030303030303030304,0.030303030303030304,0.0,0.0,3.0,0.0,0.0,1.0,2.0
"Do this promptly before the test occurs.The Canadian government offers several scholarships, under the Canada student visa program, to students who are accepted into a Canadian educational institution.",FALSE,TRUE,0.7898934570529562,false_positive,0.7898934570529562,201.0,29.0,0.896551724137931,5.862068965517241,0.0,0.029411764705882353,0.01990049751243781,0.01990049751243781,0.0,0.0,3.0,0.0,0.0,0.0,2.0
"You will mainly work on options over telephone or online support chats.
As a Customer Service Representative, you will be responsible for responding to customer inquiries and resolving issues in a timely manner.",FALSE,TRUE,0.7895860983390385,false_positive,0.7895860983390385,211.0,33.0,0.8787878787878788,5.333333333333333,0.0,0.028409090909090908,0.014218009478672985,0.014218009478672985,1.0,0.0,4.0,0.0,0.0,0.0,2.0
"And that's precisely where Brand Velocity comes into play as your go-in marketing representative.
We will help you build a strong, effective online presence and create a marketing strategy that gets you noticed by your target audience.",FALSE,TRUE,0.7887845713219039,false_positive,0.7887845713219039,235.0,39.0,0.8461538461538461,4.9743589743589745,0.0,0.020618556701030927,0.02127659574468085,0.02127659574468085,1.0,0.0,6.0,0.0,0.0,0.0,2.0
"Hereinafter “strength” terms will be used for the purpose.
My past strength workouts consisted of 3-4 sets of 8-12 reps with moderate weight, but I would like to increase the intensity of my workouts by adding more weight.",FALSE,TRUE,0.7882984271487992,false_positive,0.7882984271487992,222.0,40.0,0.825,4.45,0.02252252252252252,0.017341040462427744,0.02252252252252252,0.03153153153153153,1.0,0.0,7.0,0.0,0.0,1.0,2.0
"When things are going well, and experiencing firsthand the emotions involved in making art—this is a great time to reflect on what you’ve learned about yourself through your art, and to think about how you want to continue growing as an artist.",FALSE,TRUE,0.7874158647603912,false_positive,0.7874158647603912,244.0,44.0,0.8636363636363636,4.5,0.0,0.005050505050505051,0.012295081967213115,0.020491803278688523,0.0,0.0,6.0,0.0,0.0,1.0,1.0
"}
        if (user.value.trim.toLowerCase() < ""xiii.-"") { // check if user input is valid
            throw new Error(""Invalid user input.",FALSE,TRUE,0.785782417782057,false_positive,0.785782417782057,138.0,18.0,0.7777777777777778,4.555555555555555,0.0,0.04878048780487805,0.13768115942028986,0.13768115942028986,2.0,0.0,4.0,0.0,4.0,0.0,7.0
"It literally takes just seconds.YEP, it really really does! Your audience will be amazed at how you can whip up a delicious dessert in no time at all.",FALSE,TRUE,0.7850378973262561,false_positive,0.7850378973262561,150.0,29.0,0.896551724137931,4.103448275862069,0.0,0.04201680672268908,0.02666666666666667,0.02666666666666667,0.0,0.0,3.0,0.0,2.0,0.0,3.0
"Inviting a speaker quickly advanced that pervades that. It’d also be a great idea to have a couple of other speakers lined up to speak on the same subject, so you have a backup in case the first speaker isn’t able to make it.",FALSE,TRUE,0.7834141575360364,false_positive,0.7834141575360364,225.0,46.0,0.782608695652174,3.847826086956522,0.0,0.011299435028248588,0.013333333333333334,0.022222222222222223,0.0,0.0,10.0,0.0,0.0,1.0,2.0
You invest a considerable amount of cash receiving the premium quality of this item. It is formulated in such an easy way that it does not require any special skills to use.,FALSE,TRUE,0.782712082596691,false_positive,0.782712082596691,173.0,32.0,0.9375,4.375,0.0,0.014285714285714285,0.011560693641618497,0.011560693641618497,0.0,0.0,2.0,0.0,0.0,0.0,2.0
Using latest RFID tracking device it checks the inventory on a constant and frequent rate. This system helps to reduce the stock outflow and improves the overall productivity of the business.,FALSE,TRUE,0.7784830421765971,false_positive,0.7784830421765971,191.0,31.0,0.8709677419354839,5.129032258064516,0.0,0.03773584905660377,0.010471204188481676,0.010471204188481676,0.0,0.0,4.0,0.0,0.0,0.0,2.0
"Based off human and environmental metabolic research of various nutrients – not just the macronutrients, but micronutrients too – the following is a list of foods that should be considered when planning out meals to ensure a balanced diet.",FALSE,TRUE,0.7783181754935087,false_positive,0.7783181754935087,239.0,37.0,0.918918918918919,5.324324324324325,0.0,0.005076142131979695,0.008368200836820083,0.016736401673640166,0.0,0.0,3.0,0.0,0.0,1.0,1.0
"Packing tools such oil-responsive twin-tube shock, car-specific upper ball joints and a heavy-duty skid plate, the 2019 Ram 1500 has been engineered to better withstand the rigors of off-road use.",FALSE,TRUE,0.7760181791879001,false_positive,0.7760181791879001,196.0,35.0,0.9714285714285714,4.542857142857143,0.04081632653061224,0.013245033112582781,0.04081632653061224,0.04081632653061224,0.0,0.0,1.0,0.0,0.0,1.0,1.0
By continuing to explore different courses continues to enhance the sense satisfaction system. It’s a good idea to have a list of your favorite things to do and your preferred type of music or movie.,FALSE,TRUE,0.775869707051637,false_positive,0.775869707051637,199.0,36.0,0.8333333333333334,4.5,0.0,0.012345679012345678,0.010050251256281407,0.01507537688442211,0.0,0.0,6.0,0.0,0.0,0.0,2.0
"From December 27 throughout-the-week highlights, this category will be an excellent place to find the best deals on holiday travel, and we’ll be highlighting the most popular destinations for each day of the week.",FALSE,TRUE,0.7758313273300732,false_positive,0.7758313273300732,213.0,37.0,0.8648648648648649,4.702702702702703,0.009389671361502348,0.011627906976744186,0.023474178403755867,0.028169014084507043,0.0,0.0,5.0,0.0,0.0,1.0,1.0
"Incumbus’ rising virtual reality technology allows visitors in nearby cities to step into the future of retail
Incumbus is a digital agency that specializes in the creation of immersive experiences for brands and retailers.",FALSE,TRUE,0.7752267443925817,false_positive,0.7752267443925817,223.0,34.0,0.8823529411764706,5.529411764705882,0.0,0.010638297872340425,0.004484304932735426,0.008968609865470852,1.0,0.0,4.0,0.0,0.0,0.0,2.0
"Starting on Alexie's right temple this time out, they worked in small, discrete chunks. That way, they could monitor the tumor's response without damaging the surrounding brain tissue.",FALSE,TRUE,0.7743707710511035,false_positive,0.7743707710511035,184.0,30.0,0.9,5.0,0.0,0.02,0.03804347826086957,0.03804347826086957,0.0,0.0,3.0,0.0,0.0,0.0,2.0
"While early applications like IP-equipped consumer electronics and industrial automation have proven these protocols, the next generation of protocols is expected to be more advanced in terms of their ability to operate in a variety of environments and support more types of devices.",FALSE,TRUE,0.7715656193887783,false_positive,0.7715656193887783,283.0,44.0,0.8181818181818182,5.409090909090909,0.0,0.012605042016806723,0.01060070671378092,0.01060070671378092,0.0,0.0,8.0,0.0,0.0,1.0,1.0
"](wot)

[perhaps surprisingly- and as has long been noted about incipts and their cognates, they are often the least
frequently used forms in the language- the verb _wot_ is in fact more common than _wist_ in Old English poetry.",FALSE,TRUE,0.7680732952431345,false_positive,0.7680732952431345,228.0,39.0,0.8717948717948718,4.641025641025641,0.0,0.011299435028248588,0.05263157894736842,0.05263157894736842,3.0,0.0,5.0,0.0,1.0,0.0,3.0
Here’s Jim Tonna Memorial Tip Sheet 4th down conversion percentages (201). The Vikings are 3-1 ATS in their last four games and 0-4 ATS in their last four divisional games.,FALSE,TRUE,0.7670808912256755,false_positive,0.7670808912256755,172.0,33.0,0.8181818181818182,4.121212121212121,0.046511627906976744,0.109375,0.03488372093023256,0.040697674418604654,0.0,0.0,6.0,0.0,0.0,0.0,2.0
"So the first one is my healthy food step. You're constantly being told throughout life to eat healthy, but I feel like that's easier said than done.",FALSE,TRUE,0.7666590627137216,false_positive,0.7666590627137216,148.0,29.0,0.9655172413793104,4.0344827586206895,0.0,0.02564102564102564,0.033783783783783786,0.033783783783783786,0.0,0.0,1.0,0.0,0.0,0.0,2.0
"Families meet here every Friday amid flags and bunting on Flag Rusing Friday evenings. The idea behind it is to make it easy for families to meet up with friends, have fun and enjoy the outdoors.",FALSE,TRUE,0.7653185050341057,false_positive,0.7653185050341057,195.0,36.0,0.8055555555555556,4.361111111111111,0.0,0.03821656050955414,0.015384615384615385,0.015384615384615385,0.0,0.0,7.0,0.0,0.0,0.0,2.0
"introduces an issue with the word policies Tailgate. 9. ""He was a great guy,"" said fellow Republican Bob Dole, who served with Lott in the Senate.",FALSE,TRUE,0.7644416510856733,false_positive,0.7644416510856733,146.0,26.0,0.9230769230769231,4.384615384615385,0.00684931506849315,0.061946902654867256,0.04794520547945205,0.04794520547945205,0.0,0.0,2.0,0.0,1.0,0.0,3.0
"From white noise level modelling to the use multiple band amplification, our engineers have developed a sophisticated algorithm that effectively eliminates interference and distortion from the audio signal.",FALSE,TRUE,0.7640616770250396,false_positive,0.7640616770250396,206.0,28.0,0.9285714285714286,6.321428571428571,0.0,0.005649717514124294,0.009708737864077669,0.009708737864077669,0.0,0.0,2.0,0.0,0.0,1.0,1.0
"Aren
t users friendly expect enquire to the service product. The product was developed by a team of researchers, scientists, and engineers from around the world, including the University of California San Francisco, the University of Washington, and the University of Maryland.",FALSE,TRUE,0.7618419873281107,false_positive,0.7618419873281107,277.0,42.0,0.7142857142857143,5.4523809523809526,0.0,0.043668122270742356,0.02527075812274368,0.02527075812274368,1.0,0.0,12.0,0.0,1.0,1.0,3.0
"Lerch Early, LLC.
Dictators, such as Muamar Mohammed Gadaffi, Saddam Hussein, and Kim Jong Il, have historically used their military and police forces as instruments of terror against their own people.",FALSE,TRUE,0.7603798469402653,false_positive,0.7603798469402653,201.0,31.0,0.9032258064516129,5.290322580645161,0.0,0.08536585365853659,0.03482587064676617,0.03482587064676617,1.0,0.0,3.0,0.0,1.0,1.0,2.0
"As different species have different wound pressures and growth patterns. Using a variety of growth parameters and wound pressures, we can test the hypothesis that species-specific differences in wound pressure and growth will influence wound healing outcomes.",FALSE,TRUE,0.7578799660140765,false_positive,0.7578799660140765,259.0,38.0,0.7368421052631579,5.7631578947368425,0.0,0.0091324200913242,0.015444015444015444,0.015444015444015444,0.0,0.0,10.0,0.0,0.0,1.0,2.0
"When we spoke to the owner first talking-shadow.com we found one in early stages of development, but now it's looking better than ever, with new features being added every day.",FALSE,TRUE,0.7559699390555386,false_positive,0.7559699390555386,176.0,33.0,0.9696969696969697,4.2727272727272725,0.0,0.0070921985815602835,0.03409090909090909,0.03409090909090909,0.0,0.0,1.0,0.0,0.0,0.0,2.0
"Here customers come and enjoy drinks gathered comfortably and enjoy their game to the fullest. We have a wide variety of games and activities for customers to choose from, from classic arcade games to new and exciting VR experiences.",FALSE,TRUE,0.7551201454491521,false_positive,0.7551201454491521,233.0,39.0,0.7692307692307693,4.923076923076923,0.0,0.020833333333333332,0.012875536480686695,0.012875536480686695,0.0,0.0,9.0,0.0,0.0,0.0,2.0
"the personal computers by the entrance-to-mainstreet.</system>, <hinged>, <lithium>, <lithium ion>, <lithium-ion batteries>, <lithium-ion battery>, <lithium-ion cells>, <lithium-ion cell>, <lithium-ion chemistry>, <lithium-ion chemistry cells>, <lithium-ion chemistry cell>, <lithium-ion chemistry>, <lithium-ion cells' lifespans>, <lithium-ion cells' lifespan>, <lithium-ion cells' lifespans' limitations>, <lithium-ion cells' lifespan limitation>, <lithium-ion cells' lifespan limitations>, <lithium-ion cells' lifespan limitation.",FALSE,TRUE,0.7545782700073029,false_positive,0.7545782700073029,533.0,67.0,0.29850746268656714,6.059701492537314,0.0,0.0,0.14634146341463414,0.14634146341463414,0.0,0.0,47.0,0.0,0.0,1.0,2.0
"And beyond the impressive flavors made possible because of that creamy filling, Tarte aux fruits is also an excellent dessert to serve at parties, as it can be made ahead and served chilled.",FALSE,TRUE,0.7536870071441271,false_positive,0.7536870071441271,190.0,33.0,0.9393939393939394,4.696969696969697,0.0,0.012903225806451613,0.015789473684210527,0.015789473684210527,0.0,0.0,2.0,0.0,0.0,1.0,1.0
"And my family loves big get to gisthered together for this year's reunion, so we got up early and drove down to our hometown, which is about 90 minutes away from where we live now.",FALSE,TRUE,0.7534760728695207,false_positive,0.7534760728695207,180.0,36.0,0.9166666666666666,3.9444444444444446,0.011111111111111112,0.007142857142857143,0.022222222222222223,0.022222222222222223,0.0,0.0,3.0,0.0,0.0,1.0,1.0
"mains powered, while others may be capable og running from their battery. Ac power supply is generally used for larger models of 3D printers, while dc power supply is used for smaller models.",FALSE,TRUE,0.7528600873459999,false_positive,0.7528600873459999,191.0,33.0,0.7878787878787878,4.696969696969697,0.005235602094240838,0.012987012987012988,0.020942408376963352,0.020942408376963352,0.0,0.0,7.0,0.0,0.0,0.0,2.0
"Ask research questions, examples? And engage with your audience! Write a clear, concise, and informative headline that grabs your reader’s attention and makes them want to read more.",FALSE,TRUE,0.7522857967205934,false_positive,0.7522857967205934,182.0,29.0,0.896551724137931,5.103448275862069,0.0,0.02027027027027027,0.03296703296703297,0.038461538461538464,0.0,0.0,3.0,0.0,2.0,0.0,3.0
One such familiar show that visually reflects modern society through contemporary themes explored in its plotlines is the British comedy-drama series “This Country”.,FALSE,TRUE,0.7522844558522838,false_positive,0.7522844558522838,165.0,24.0,1.0,5.791666666666667,0.0,0.02877697841726619,0.012121212121212121,0.024242424242424242,0.0,0.0,0.0,0.0,0.0,0.0,1.0
"Without high-speed messaging systems – everything could grind virtually come more grounded. The business world is more connected than ever, and it’s crucial to stay ahead of the curve.",FALSE,TRUE,0.7521003214603732,false_positive,0.7521003214603732,184.0,30.0,0.9333333333333333,5.0,0.0,0.013333333333333334,0.021739130434782608,0.03260869565217391,0.0,0.0,2.0,0.0,0.0,0.0,2.0
"Photograph of an expert | Troy L Angela, P.E.D.
Regular exercise can improve cardiovascular health, reduce stress, and even help manage symptoms of depression.",FALSE,TRUE,0.751597843652081,false_positive,0.751597843652081,159.0,25.0,0.96,5.12,0.0,0.0625,0.050314465408805034,0.050314465408805034,1.0,0.0,1.0,0.0,2.0,0.0,4.0
"Whatever happens with any continuing leadership power problems in Washington once obamacare is implemented, it's likely that the US will remain a major military and economic power for the foreseeable future.",FALSE,TRUE,0.7507459554463595,false_positive,0.7507459554463595,207.0,32.0,0.9375,5.4375,0.0,0.022988505747126436,0.014492753623188406,0.014492753623188406,0.0,0.0,2.0,0.0,0.0,1.0,1.0
"Immediately on the wall is Yeatsâs painting later used in an advertisement for the Irish Sweepstake, and the second is a copy of the 1920s Irish Times front page commemorating the poetâs death in January 1939.",FALSE,TRUE,0.7501947626083523,false_positive,0.7501947626083523,209.0,36.0,0.8055555555555556,4.777777777777778,0.03827751196172249,0.042682926829268296,0.009569377990430622,0.009569377990430622,0.0,0.0,7.0,0.0,0.0,1.0,1.0
Some methods used today are hiking in design patterns to control trails. Another method involves restricting the types of requests that may be made on the network.,FALSE,TRUE,0.7497825900270824,false_positive,0.7497825900270824,163.0,27.0,0.9629629629629629,5.0,0.0,0.014814814814814815,0.012269938650306749,0.012269938650306749,0.0,0.0,1.0,0.0,0.0,0.0,2.0
"These images depict cozy lounge corridors, intimate nookes, modern tables, and more, all designed with the intention of providing an inviting atmosphere that will make visitors feel right at home.",FALSE,TRUE,0.7492285952424118,false_positive,0.7492285952424118,196.0,30.0,1.0,5.4,0.0,0.006172839506172839,0.025510204081632654,0.025510204081632654,0.0,0.0,0.0,0.0,0.0,1.0,1.0
"What many don&...
chapes This simple chocolate cake, filled, topped, or iced with a delicious combination of cream cheese, butter, sugar, eggs, and vanilla extract, is sure to become a family favorite.",FALSE,TRUE,0.7490008857990642,false_positive,0.7490008857990642,201.0,32.0,0.96875,4.90625,0.0,0.012738853503184714,0.06467661691542288,0.06467661691542288,1.0,0.0,1.0,0.0,1.0,1.0,2.0
"Often animals are brought pressure response, and anxiety reduction due. Therapy dogs are trained to help their owners cope with various challenges that they may face in their daily lives.",FALSE,TRUE,0.7464796704225214,false_positive,0.7464796704225214,187.0,30.0,0.9333333333333333,5.166666666666667,0.0,0.012903225806451613,0.016042780748663103,0.016042780748663103,0.0,0.0,2.0,0.0,0.0,0.0,2.0
"By gathering data on the tissue from around a billion plants across field and garden sites, researchers discovered the presence of a new type of symbiotic relationship between plants and fungi, which could have implications for agriculture and ecological restoration.",FALSE,TRUE,0.7452016674782749,false_positive,0.7452016674782749,267.0,40.0,0.85,5.625,0.0,0.0044444444444444444,0.011235955056179775,0.011235955056179775,0.0,0.0,6.0,0.0,0.0,1.0,1.0
"Lately Nike and Adidas made much-needed updates. Converse seems to want to follow suit with their own version of the sneaker that’s been around since the 1960s, the Chuck Taylor All Star.",FALSE,TRUE,0.7451407530227415,false_positive,0.7451407530227415,187.0,34.0,0.9117647058823529,4.4411764705882355,0.0213903743315508,0.05442176870748299,0.0213903743315508,0.026737967914438502,0.0,0.0,3.0,0.0,0.0,1.0,2.0
"With this timeless style in particular rolling thick into Spring 21/Fall 22 collections, we thought it would be a good idea to share some of our favorite looks from the latest offerings.",FALSE,TRUE,0.7439434119730727,false_positive,0.7439434119730727,186.0,33.0,1.0,4.606060606060606,0.021505376344086023,0.02027027027027027,0.016129032258064516,0.016129032258064516,0.0,0.0,0.0,0.0,0.0,1.0,1.0
"You're right! I fully intended to open with just such statement!
Is there any other way to start a post about the movie ""The Shining"" than with the line ""All work and no play makes Jack a dull boy"".",FALSE,TRUE,0.7437054414455214,false_positive,0.7437054414455214,198.0,40.0,0.875,3.8,0.0,0.046052631578947366,0.04040404040404041,0.04040404040404041,1.0,0.0,5.0,0.0,1.0,1.0,3.0
"On certain stations in particular competitive hearing the schedule might vary every half hour. The schedule will be posted on the station's website, or can be requested over the phone.",FALSE,TRUE,0.7417198975056467,false_positive,0.7417198975056467,184.0,31.0,0.8064516129032258,4.870967741935484,0.0,0.013245033112582781,0.021739130434782608,0.021739130434782608,0.0,0.0,6.0,0.0,0.0,0.0,2.0
"Would this specific request warrant immediate peer review approval from our Client Manager, while also ensuring that the proposed changes are in line with the overall project scope and budget constraints.",FALSE,TRUE,0.7414001554712281,false_positive,0.7414001554712281,204.0,31.0,0.967741935483871,5.548387096774194,0.0,0.01744186046511628,0.00980392156862745,0.00980392156862745,0.0,0.0,1.0,0.0,0.0,1.0,1.0
"What could awaken a soul that slumb’s without a cause?

The day was young, the sun was bright,
The birds were singing in the trees,
But in my heart, I felt no light,
No energy, no joy, no breeze.",FALSE,TRUE,0.7410453249954692,false_positive,0.7410453249954692,195.0,40.0,0.775,3.65,0.0,0.0410958904109589,0.046153846153846156,0.05128205128205128,5.0,0.0,9.0,0.0,0.0,0.0,5.0
"It may lead to better drug work performance and productivity.

With the help of the right tools and resources, drug companies can streamline their drug development processes to save time and resources, and ensure they have the best possible chance of getting their drugs to market on time and at the right price.",FALSE,TRUE,0.7401847175728795,false_positive,0.7401847175728795,312.0,53.0,0.6981132075471698,4.811320754716981,0.0,0.00784313725490196,0.01282051282051282,0.01282051282051282,2.0,0.0,16.0,0.0,0.0,1.0,2.0
"In essence what draws them like alcohol and drugs? Simply because I like to see them happy, and it's a great feeling to know that you are able to help someone.",FALSE,TRUE,0.7385151224308516,false_positive,0.7385151224308516,159.0,32.0,0.84375,3.90625,0.0,0.024,0.025157232704402517,0.025157232704402517,0.0,0.0,5.0,0.0,0.0,0.0,2.0
"When an unidentified assail ordered President Maikel Gori out of his vehicle and shot him at point-blank range, the Cuban government was quick to blame the United States.",FALSE,TRUE,0.7384579081802196,false_positive,0.7384579081802196,170.0,29.0,0.9655172413793104,4.827586206896552,0.0,0.05,0.01764705882352941,0.01764705882352941,0.0,0.0,1.0,0.0,0.0,1.0,1.0
[DECODE ERROR] Error 0x8000ffff.,FALSE,TRUE,0.7379523562243009,false_positive,0.7379523562243009,32.0,4.0,0.75,6.5,0.15625,0.5714285714285714,0.09375,0.09375,0.0,0.0,1.0,0.0,1.0,0.0,1.0
"Thatcher D'souzechua 64470 Aluminé (Argentine Temuco Ar 1 S.O Paulo, SP, Brazil) 1 1 1 1 1 1 1 1 1 1 1 1 1 1 1 1 1 1 1 1 1 1 1 1 1 1 1 1 1 1 1 1 1 1 1 1 1 1 1 1 1 1 1 1 1 1 1 1 1 1 1 1 1 1 1 1 1 1 1 1 1 1 1 1 1 1 1 1 1 1 1 1 1 1 1 1 1 1 1 1 1 1 1 1 1 1 1 1 1 1 1 1 1 1 1 1 1 1 .",TRUE,FALSE,0.008707431597197172,false_negative,0.9912925684028028,278.0,112.0,0.125,1.4375,0.37410071942446044,0.21052631578947367,0.025179856115107913,0.025179856115107913,0.0,0.0,98.0,0.0,0.0,1.0,2.0
"İs sistemimizle yapılan ve kaliteliya iau</s>

# 41. Welcome to Yosemite Jasper Summer 2018

.",TRUE,FALSE,0.06291836264501682,false_negative,0.9370816373549832,94.0,14.0,1.0,5.214285714285714,0.06382978723404255,0.07575757575757576,0.06382978723404255,0.06382978723404255,4.0,0.0,0.0,0.0,1.0,0.0,3.0
Tao Yang (T.) was introduced rant by les versat de la note de roi and les prisons Aix et de de la musique de la de la la de la et de de la de la de la de la de la de la de la de la de la de la de la de la de la de la de la de la de la de la de la de la de la de la de la de la de la de la de la de la de la de la de la de la de la de la de la de la de la de la de la de la de la de la de la de la de la de la de la de la de la de la de la de la de la de la de la de la de la de la de la de la de la de la de la de la de la de la de la de la de la de la de la de la de la de la de la de la de la de la de la de la de la de la de la de la de la de la de la de la de la de la de la de la de la de la de la.,TRUE,FALSE,0.07695434225733724,false_negative,0.9230456577426628,703.0,222.0,0.08108108108108109,2.1531531531531534,0.0,0.008368200836820083,0.005689900426742532,0.005689900426742532,0.0,0.0,204.0,0.0,1.0,1.0,2.0
Surely as important research is to angle to discern quinomycin function inside the cell included the field that has been researched.,TRUE,FALSE,0.08315656807905869,false_negative,0.9168434319209413,132.0,21.0,0.9047619047619048,5.285714285714286,0.0,0.009009009009009009,0.007575757575757576,0.007575757575757576,0.0,0.0,2.0,0.0,0.0,0.0,1.0
"Fashion’s the art.

The Art...
of Natural Selection.

It’ll be neat when they pluck need had kept them.",TRUE,FALSE,0.08355696571499836,false_negative,0.9164430342850016,103.0,20.0,0.9,3.8,0.0,0.07894736842105263,0.05825242718446602,0.07766990291262135,5.0,0.0,2.0,0.0,3.0,0.0,4.0
"Battery-assistant systems generally obtain power and toll free: 8-1490, ; 197 lpm: 8-1490, .",TRUE,FALSE,0.10291159210155314,false_negative,0.8970884078984469,92.0,15.0,0.8666666666666667,4.666666666666667,0.14130434782608695,0.017543859649122806,0.09782608695652174,0.09782608695652174,0.0,0.0,2.0,0.0,0.0,0.0,1.0
"-

for the first approach could you use laying flowers to three, like a big one dieszen, but the fourth is quite small.",TRUE,FALSE,0.10671032522778061,false_negative,0.8932896747722194,119.0,22.0,0.9545454545454546,4.181818181818182,0.0,0.0,0.03361344537815126,0.03361344537815126,2.0,0.0,1.0,0.0,0.0,0.0,2.0
"By reviewing o'connor v blymy' decision, and applying the ussery ruling to declarinin c.",TRUE,FALSE,0.10720354490163696,false_negative,0.892796455098363,88.0,15.0,1.0,4.733333333333333,0.0,0.014084507042253521,0.045454545454545456,0.045454545454545456,0.0,0.0,0.0,0.0,0.0,0.0,1.0
"итогскок

10
If potential clients ascert your services you must get that they have talk other advertising agencies.",TRUE,FALSE,0.10804700957248327,false_negative,0.8919529904275167,115.0,18.0,1.0,5.333333333333333,0.017391304347826087,0.010638297872340425,0.008695652173913044,0.008695652173913044,3.0,0.0,0.0,0.0,2.0,0.0,3.0
"</assistant>"");
  let keywords    : an Initially: The And
       : of A Keel It Reason's
       ""The And of A Keel It Reason's""
      .",TRUE,FALSE,0.11458466147947588,false_negative,0.8854153385205241,135.0,21.0,0.6190476190476191,3.5714285714285716,0.0,0.17333333333333334,0.1037037037037037,0.1037037037037037,4.0,0.0,8.0,0.0,1.0,0.0,4.0
During World varsity football 2021 World series@ 777liga 6 0mm bedding sets jura spiegler.,TRUE,FALSE,0.11716149203293688,false_negative,0.8828385079670631,90.0,14.0,0.9285714285714286,5.357142857142857,0.1,0.045454545454545456,0.022222222222222223,0.022222222222222223,0.0,0.0,1.0,0.0,0.0,0.0,1.0
Here this term includes cold- (plaisterfat - see butter definition 31) and hot-martker t (butter definition 24).,TRUE,FALSE,0.11779356524646822,false_negative,0.8822064347535318,112.0,17.0,0.8823529411764706,5.176470588235294,0.03571428571428571,0.011904761904761904,0.07142857142857142,0.07142857142857142,0.0,0.0,2.0,0.0,0.0,0.0,1.0
"From steak &amp: fish, shrimp busts (B) 45- &middota.
The breakfast plate included a y.",TRUE,FALSE,0.1187224291157723,false_negative,0.8812775708842278,87.0,15.0,1.0,4.266666666666667,0.022988505747126436,0.04838709677419355,0.10344827586206896,0.10344827586206896,1.0,0.0,0.0,0.0,0.0,0.0,2.0
""", you were referring about ?

I vistually understand regarding the topic discussed in breijnel, but I would like to know more.",TRUE,FALSE,0.11897597657745844,false_negative,0.8810240234225416,127.0,20.0,0.95,5.0,0.0,0.02,0.03937007874015748,0.03937007874015748,2.0,0.0,1.0,0.0,1.0,0.0,2.0
"Plus plus, I got even the non CMV ""champions of progress"" into the #openGarden movement.",TRUE,FALSE,0.11942577901365643,false_negative,0.8805742209863435,88.0,15.0,0.8666666666666667,4.6,0.0,0.08695652173913043,0.056818181818181816,0.056818181818181816,0.0,0.0,2.0,0.0,0.0,0.0,1.0
･They had a basic need - communications and transmittl of skills and intellect. Essays go south of the south of the south of the south of the south of the south of the south of the south of the south of the south of the south of the south of the south of the south of the south of the south of the south of the south of the south of the south of the south of the south of the south of the south of the south of the south of the south of the south of the south of the south of the south of the south of the south of the south of the south of the south of the south of the south of the south of the south of the south of the south of the south of the south of the south of the south of the south of the south of the south of the south of the south of the south of the south of the south of the south of the south of the south of the south of the south of the south of the south of the south of the south of the south of the south of the south of the south of the south.,TRUE,FALSE,0.12413788050672003,false_negative,0.87586211949328,967.0,216.0,0.06944444444444445,3.4583333333333335,0.0,0.002677376171352075,0.0031023784901758012,0.004136504653567736,0.0,0.0,201.0,0.0,0.0,1.0,2.0
"""

It covers topics each department/verbatim would choose at its will on its year to productivity within the confines teamworking and teamworking.",TRUE,FALSE,0.1250285627627972,false_negative,0.8749714372372028,146.0,22.0,0.9090909090909091,5.5,0.0,0.008264462809917356,0.02054794520547945,0.02054794520547945,2.0,0.0,2.0,0.0,0.0,0.0,2.0
"In typical tourist-style hubris,
Hungarian Chicken Raclette Recipe: 1 h Vinegar, res um aut, 3 h Vinegar, res um aut, 1 h Vinegar, res um aut, 2 h Vinegar, res um aut, 1 h Vinegar, res um aut.",TRUE,FALSE,0.12843968050454865,false_negative,0.8715603194954513,192.0,39.0,0.4358974358974359,3.641025641025641,0.026041666666666668,0.072992700729927,0.06770833333333333,0.06770833333333333,1.0,0.0,22.0,0.0,1.0,1.0,2.0
"From jogging (and on the second engine, brake to neutral) like a quick burst and shifting up to at the same time.",TRUE,FALSE,0.13182729032456872,false_negative,0.8681727096754313,113.0,22.0,0.8636363636363636,4.0,0.0,0.011363636363636364,0.035398230088495575,0.035398230088495575,0.0,0.0,3.0,0.0,0.0,0.0,1.0
"inicial ""My name iz Dru Skewn Sov, also known dude to Kurt Loveliessoflo.",TRUE,FALSE,0.13393474117387186,false_negative,0.8660652588261282,73.0,13.0,1.0,4.461538461538462,0.0,0.10344827586206896,0.0410958904109589,0.0410958904109589,0.0,0.0,0.0,0.0,0.0,0.0,1.0
"]

user:false

I am looking for an app pack which fetch data of a huge excel sheet and could interact easily in excel sheet.",TRUE,FALSE,0.14125793115516327,false_negative,0.8587420688448367,124.0,24.0,0.9166666666666666,4.0,0.0,0.010416666666666666,0.024193548387096774,0.024193548387096774,4.0,0.0,2.0,0.0,1.0,0.0,3.0
Jenny uses honesty for the relationship itself and processes through experiences that influence the course and role that develop ongoing feelings of trust and respect.,TRUE,FALSE,0.14396248453598315,false_negative,0.8560375154640169,167.0,25.0,0.84,5.68,0.0,0.007042253521126761,0.005988023952095809,0.005988023952095809,0.0,0.0,4.0,0.0,0.0,1.0,1.0
"What is lost of the time is used"",
        objects=[""food"", True], verbosity=0)

      to_buy_str = items_to_string(to_buy)

      if to_buy_str.",TRUE,FALSE,0.1462796038219062,false_negative,0.8537203961780938,145.0,18.0,0.8888888888888888,5.166666666666667,0.006896551724137931,0.023529411764705882,0.15172413793103448,0.15172413793103448,5.0,0.0,2.0,1.0,3.0,0.0,4.0
It might take defusing the oven and cuiranto batteries for like 3773000 seconds extra good for your family and friends.,TRUE,FALSE,0.1528399536865133,false_negative,0.8471600463134867,119.0,20.0,0.9,4.95,0.058823529411764705,0.010869565217391304,0.008403361344537815,0.008403361344537815,0.0,0.0,2.0,0.0,0.0,0.0,1.0
Here Are Energy’s Top Tips on Regular Installments Systems for Auto Maintenance Here Are Energy is a critical on your engine that can help increase its lifespan.,TRUE,FALSE,0.15502217711006694,false_negative,0.8449778228899331,161.0,28.0,0.8571428571428571,4.75,0.0,0.09774436090225563,0.006211180124223602,0.012422360248447204,0.0,0.0,4.0,0.0,0.0,1.0,1.0
"/]"">
			you may get	

What Things Idiot's Say Not

[USER]: describe cognitive verbs.",TRUE,FALSE,0.15656348109696744,false_negative,0.8434365189030326,84.0,13.0,1.0,4.384615384615385,0.0,0.15789473684210525,0.10714285714285714,0.10714285714285714,5.0,0.0,0.0,0.0,2.0,0.0,4.0
13200+ viewsMay '05anonymousPosted More are there other ways to judge the quality for running necessity more like cool and the 20th.,TRUE,FALSE,0.16032623478706523,false_negative,0.8396737652129348,132.0,21.0,0.9047619047619048,5.190476190476191,0.06818181818181818,0.03,0.022727272727272728,0.022727272727272728,0.0,0.0,2.0,1.0,0.0,0.0,1.0
Gold label Extra Vegetable Oil will airliefrÈe les cuis·nes vol'ont icier terr'able.,TRUE,FALSE,0.16066215141302428,false_negative,0.8393378485869757,84.0,15.0,1.0,4.6,0.0,0.07246376811594203,0.03571428571428571,0.047619047619047616,0.0,0.0,0.0,0.0,0.0,0.0,1.0
"Plus that girl with skinny jeans probably showering pools, that girl I'm taking to student to break up with her.",TRUE,FALSE,0.1631513799627057,false_negative,0.8368486200372943,112.0,21.0,0.8095238095238095,4.285714285714286,0.0,0.022222222222222223,0.026785714285714284,0.026785714285714284,0.0,0.0,4.0,0.0,0.0,0.0,1.0
Hodgemon was a hard working miner culpat un remarried d. Unhappiness was a life Aquastar had never known.,TRUE,FALSE,0.16384280523068975,false_negative,0.8361571947693103,105.0,18.0,0.8888888888888888,4.777777777777778,0.0,0.03488372093023256,0.01904761904761905,0.01904761904761905,0.0,0.0,2.0,0.0,0.0,0.0,2.0
"In short - understanding the purpose/fridge/app today, the steps we facilitate the delivery service, how they exert their service and what they need to do to be successful.",TRUE,FALSE,0.16402458542037682,false_negative,0.8359754145796232,172.0,29.0,0.8275862068965517,4.793103448275862,0.0,0.007194244604316547,0.03488372093023256,0.03488372093023256,0.0,0.0,5.0,0.0,0.0,1.0,1.0
"']"")
consoleLog(""Now you get!)"";

}

Solution:

The solution given in Space Invlander involves the Collection code repository.",TRUE,FALSE,0.1741084585993158,false_negative,0.8258915414006842,126.0,16.0,0.875,5.875,0.0,0.07446808510638298,0.10317460317460317,0.10317460317460317,7.0,0.0,2.0,0.0,2.0,0.0,6.0
"Im assuming 'I' used number two.

commented on Climate Forecats by user 3

Flat on your ass is not the new black.",TRUE,FALSE,0.17621973772759844,false_negative,0.8237802622724015,113.0,22.0,0.9545454545454546,3.909090909090909,0.008849557522123894,0.058823529411764705,0.035398230088495575,0.035398230088495575,4.0,0.0,1.0,0.0,0.0,0.0,3.0
While many individuals still retain their gasoline crammed green monster that is a challenge timely to visit cleaning tool shops.,TRUE,FALSE,0.1784693801012955,false_negative,0.8215306198987045,129.0,20.0,1.0,5.45,0.0,0.009174311926605505,0.007751937984496124,0.007751937984496124,0.0,0.0,0.0,0.0,0.0,0.0,1.0
"Count Bascobel’s dishes themed with Barangen, have been perfected by Julia’s extremely Chef Michele.",TRUE,FALSE,0.17911454270558544,false_negative,0.8208854572944145,100.0,16.0,0.9375,5.1875,0.0,0.07228915662650602,0.02,0.04,0.0,0.0,1.0,0.0,0.0,0.0,1.0
"Some barb}

#### 4 Responses/wrinnings
1 .

#### 8 Responses:]

Anyone provide more details about the 2nd and 3rd items in the list.",TRUE,FALSE,0.1819250570165735,false_negative,0.8180749429834265,132.0,21.0,0.9047619047619048,4.428571428571429,0.03787878787878788,0.045454545454545456,0.10606060606060606,0.10606060606060606,7.0,0.0,2.0,0.0,4.0,0.0,5.0
"Remembering cheques are still used in many ways & places held in some countries,. I sing them in, ""Come and sing them in, I sing them in, I sing them in, I sing them in"".",TRUE,FALSE,0.18481290751823193,false_negative,0.8151870924817681,170.0,34.0,0.5,3.7058823529411766,0.0,0.047619047619047616,0.058823529411764705,0.058823529411764705,0.0,0.0,17.0,0.0,0.0,0.0,2.0
"Start step-two, then rinse lightly and apply vaporub sticks on each foot of the bucket, making nice and care skin away from the skin.",TRUE,FALSE,0.18517773764538434,false_negative,0.8148222623546156,133.0,25.0,0.88,4.24,0.0,0.009433962264150943,0.03007518796992481,0.03007518796992481,0.0,0.0,3.0,0.0,0.0,1.0,1.0
"We were both seeing the same things from Orbis Astrris, the same sense that the other was elusive blur shifting and fading into and out of focus.",TRUE,FALSE,0.18783687730505977,false_negative,0.8121631226949402,145.0,27.0,0.8518518518518519,4.333333333333333,0.0,0.02564102564102564,0.013793103448275862,0.013793103448275862,0.0,0.0,4.0,0.0,0.0,1.0,1.0
"Have her take some gentle twisting and breathing flows, increases flexibility in her, and assists in reducing tension and cooling ecorgasms.",TRUE,FALSE,0.19114405804211584,false_negative,0.8088559419578841,140.0,21.0,0.8095238095238095,5.571428571428571,0.0,0.008547008547008548,0.02142857142857143,0.02142857142857143,0.0,0.0,4.0,0.0,0.0,0.0,1.0
"Have too been stuck looking"" ""How bizarre! Elaborare, _nasmis_ :] Is our science of the universe, the science of the world.",TRUE,FALSE,0.1913477550739883,false_negative,0.8086522449260117,123.0,20.0,0.8,4.75,0.0,0.043010752688172046,0.08130081300813008,0.08130081300813008,0.0,0.0,4.0,0.0,0.0,0.0,2.0
"Before you compare to the traditional mop & attack combination of United States, it will be little devices that can be simply done of a bucket.",TRUE,FALSE,0.19366530659738007,false_negative,0.8063346934026199,143.0,25.0,0.92,4.6,0.0,0.02608695652173913,0.02097902097902098,0.02097902097902098,0.0,0.0,2.0,0.0,0.0,1.0,1.0
"}
user,{}
assistant: 
""That myth is a mare's nest, there is verifiably minuscuoze cuanto vuoi.",TRUE,FALSE,0.1951157197023595,false_negative,0.8048842802976405,94.0,15.0,0.9333333333333333,4.666666666666667,0.0,0.014285714285714285,0.09574468085106383,0.09574468085106383,3.0,0.0,1.0,0.0,2.0,0.0,4.0
"At FCSM Community Credit Conference activities and store events take precedence - and on store events, safety would, alone.",TRUE,FALSE,0.19560458285295118,false_negative,0.8043954171470489,123.0,18.0,0.8333333333333334,5.611111111111111,0.0,0.07920792079207921,0.032520325203252036,0.032520325203252036,0.0,0.0,3.0,0.0,0.0,0.0,1.0
It it is possible or clarifiable from insufficient context solely to guess that was your incovation contextualized repeatedly more accurately?,TRUE,FALSE,0.19576603424313432,false_negative,0.8042339657568657,142.0,20.0,0.95,6.1,0.0,0.00819672131147541,0.007042253521126761,0.007042253521126761,0.0,0.0,1.0,0.0,0.0,0.0,1.0
"下山が好きだな！は Micha RisherSeptember, March Posted 12 February 2009/by r_lindlemood.",TRUE,FALSE,0.1959485755613594,false_negative,0.8040514244386406,79.0,11.0,1.0,6.090909090909091,0.0759493670886076,0.1,0.05063291139240506,0.06329113924050633,0.0,0.0,0.0,1.0,0.0,0.0,1.0
"Along a trail,

Or maybe through tall prison walls above Camber’s Gate

I feel the morning sunshine selling me with its rays,

I feel the morning sunshine selling me with its rays.",TRUE,FALSE,0.1990339727291117,false_negative,0.8009660272708883,180.0,33.0,0.696969696969697,4.303030303030303,0.0,0.04225352112676056,0.016666666666666666,0.022222222222222223,6.0,0.0,10.0,0.0,1.0,0.0,4.0
Increase freshness lifespan means that any spoils merely need a few moment to scale back behind and you hit preserve as offered by the company.,TRUE,FALSE,0.2047854041911247,false_negative,0.7952145958088753,143.0,25.0,1.0,4.72,0.0,0.00847457627118644,0.006993006993006993,0.006993006993006993,0.0,0.0,0.0,0.0,0.0,1.0,1.0
Since then I slowed it down. Still doing ica and ica and ican the last few evenings instead which is great.,TRUE,FALSE,0.20675258361517326,false_negative,0.7932474163848268,107.0,21.0,0.9047619047619048,4.0476190476190474,0.0,0.03529411764705882,0.018691588785046728,0.018691588785046728,0.0,0.0,2.0,0.0,0.0,0.0,2.0
"Any advice for savvy crafters?
Yes we do Gem. What's that you thought you heard - ""any-egg-stra""?",TRUE,FALSE,0.2089451986677979,false_negative,0.7910548013322021,97.0,19.0,0.8947368421052632,3.789473684210526,0.0,0.05555555555555555,0.09278350515463918,0.09278350515463918,1.0,0.0,2.0,0.0,2.0,0.0,3.0
"Once every year Darleen and I make duelships79 to Florida to lay at the base for quarterly Fleet drives, and to visit a few of our favorite people.",TRUE,FALSE,0.20944435087928293,false_negative,0.7905556491207171,147.0,28.0,0.8928571428571429,4.214285714285714,0.013605442176870748,0.04310344827586207,0.013605442176870748,0.013605442176870748,0.0,0.0,3.0,0.0,0.0,1.0,1.0
"}

Answer link ||
This is a good question to perhaps start grumpy pants off is or not. The answer structure is as important. The question structure is important.",TRUE,FALSE,0.2116195182157281,false_negative,0.7883804817842719,161.0,27.0,0.7037037037037037,4.666666666666667,0.0,0.031746031746031744,0.037267080745341616,0.037267080745341616,3.0,0.0,8.0,0.0,2.0,0.0,5.0
"It optimized for SEO keywords for aesthetics, foundations of dentistry field, immediate provision of Relief is finding the service.",TRUE,FALSE,0.21407839522306227,false_negative,0.7859216047769377,131.0,19.0,0.8947368421052632,5.7894736842105265,0.0,0.045454545454545456,0.022900763358778626,0.022900763358778626,0.0,0.0,2.0,0.0,0.0,0.0,1.0
"To access copies the discussion documents ahead taking action tips, and a number of population-based anticoagulational potential of dipyridamol and aspirin.",TRUE,FALSE,0.2148665458536773,false_negative,0.7851334541463227,156.0,22.0,0.9090909090909091,6.045454545454546,0.0,0.007518796992481203,0.019230769230769232,0.019230769230769232,0.0,0.0,2.0,1.0,0.0,0.0,1.0
"Whether due
Football Huddle Analysis lasts approximately We recommend a minimum game involvement of 4 and no more more than 10 games.",TRUE,FALSE,0.2153465778926698,false_negative,0.7846534221073302,133.0,22.0,0.9545454545454546,5.045454545454546,0.022556390977443608,0.046296296296296294,0.007518796992481203,0.007518796992481203,1.0,0.0,1.0,0.0,1.0,0.0,2.0
"Brands from workout shoemaking, sneažerys boosters, to hiking boots cater far more to large, different markets.",TRUE,FALSE,0.21823040818737527,false_negative,0.7817695918126247,111.0,16.0,0.9375,5.75,0.0,0.010869565217391304,0.036036036036036036,0.036036036036036036,0.0,0.0,1.0,0.0,0.0,0.0,1.0
"Typically this takes halfway an hour before anyone from the Missoula office comes in around 930 am—we key ones, anyway.",TRUE,FALSE,0.2191699602832931,false_negative,0.780830039716707,119.0,21.0,1.0,4.619047619047619,0.025210084033613446,0.02127659574468085,0.01680672268907563,0.025210084033613446,0.0,0.0,0.0,0.0,0.0,0.0,1.0
"zcze³d³ is one among Zimbabwe nationalisation champions, who, in ‘64, ‘67 converted ZBAFC to ZBFC, ZBFC to Zimbank, Zimbank to ZB, ZB to Zimre, Zimre to ZB, ZB to Zimre, Zimre to ZB, ZB to Zimre, Zimre to ZB, ZB to Zimre, ZB to Zimre, Zimre to ZB, Zimre to ZB, Zimre to ZB, Zimre to ZB, Zimre to ZB, Zimre to ZB, Zimre to ZB, Zimre to ZB, Zimre to ZB, Zimre to ZB, Zimre to ZB, Zimre to ZB, Zimre to ZB, Zimre to ZB, Zimre to ZB, Zimre to ZB, Zimre to ZB, Zimre to ZB.",TRUE,FALSE,0.22049758680091178,false_negative,0.7795024131990882,468.0,99.0,0.18181818181818182,3.393939393939394,0.01282051282051282,0.2909090909090909,0.06837606837606838,0.07264957264957266,0.0,0.0,81.0,1.0,0.0,1.0,1.0
"For meat and dairy that freeze and have adjacent use group codes like ""carryover picky eatopia on our schedule, not on theirs.",TRUE,FALSE,0.22277636677406307,false_negative,0.7772236332259369,126.0,22.0,0.9090909090909091,4.636363636363637,0.0,0.00980392156862745,0.023809523809523808,0.023809523809523808,0.0,0.0,2.0,0.0,0.0,0.0,1.0
"_Email contact to get back up at top banks – this study, from the Federal deposit – the federal reserve bank more opportunities take the next day.",TRUE,FALSE,0.22600191873788544,false_negative,0.7739980812621146,146.0,25.0,0.88,4.64,0.0,0.017391304347826087,0.02054794520547945,0.03424657534246575,0.0,0.0,3.0,0.0,0.0,1.0,1.0
"</i>	|

| 3.Period= '</b>(3 year period starts on effective/service/end dates)</s> | 4.",TRUE,FALSE,0.227194806667862,false_negative,0.772805193332138,87.0,15.0,0.8666666666666667,3.6,0.034482758620689655,0.0196078431372549,0.22988505747126436,0.22988505747126436,2.0,0.0,2.0,0.0,2.0,0.0,3.0
"Rathnakarasimileswamar contortionnelia K. From R to Lishamma Simham, U.",TRUE,FALSE,0.22868567945058377,false_negative,0.7713143205494162,71.0,9.0,1.0,6.666666666666667,0.0,0.11666666666666667,0.04225352112676056,0.04225352112676056,0.0,0.0,0.0,2.0,1.0,0.0,2.0
"It enjoys good footpaths most high up where wholesome views commence.

There are scores are of benches and hexical seating arrangements too.",TRUE,FALSE,0.23023571334207238,false_negative,0.7697642866579276,140.0,22.0,0.9545454545454546,5.2727272727272725,0.0,0.017241379310344827,0.014285714285714285,0.014285714285714285,2.0,0.0,1.0,0.0,0.0,0.0,2.0
"</strong escalate into a heated battle as dramaturgenes analyzes their moves and shares his wisdom on advancing counterattacks.

#1.",TRUE,FALSE,0.23051249914301408,false_negative,0.7694875008569859,132.0,19.0,1.0,5.684210526315789,0.007575757575757576,0.0,0.03787878787878788,0.03787878787878788,2.0,0.0,0.0,0.0,1.0,0.0,2.0
If natural dofs your style but a visual learner; worry it; feel free always to follow the informational document recommendations for the makeup application process.,TRUE,FALSE,0.23100010983644018,false_negative,0.7689998901635599,164.0,25.0,0.96,5.48,0.0,0.0072992700729927005,0.018292682926829267,0.018292682926829267,0.0,0.0,1.0,1.0,0.0,1.0,1.0
"Let my team I would love to help custom design mirror, so that no more scratches that can be sent tracking app for the car.",TRUE,FALSE,0.23893990808111853,false_negative,0.7610600919188815,123.0,25.0,0.96,3.88,0.0,0.020618556701030927,0.016260162601626018,0.016260162601626018,0.0,0.0,1.0,0.0,0.0,1.0,1.0
/prompromising a full range discussion?) sorry opining about a subject that wouldn't be known to every culture to be of any importance.,TRUE,FALSE,0.24018111176502432,false_negative,0.7598188882349757,135.0,23.0,0.8695652173913043,4.739130434782608,0.0,0.0,0.037037037037037035,0.037037037037037035,0.0,0.0,3.0,0.0,1.0,0.0,2.0
"retreat button?

Comment Request (from Trip): Have other recipes you discovered that reanimated your taste/memory sensation memories splendid?",TRUE,FALSE,0.24071473369220756,false_negative,0.7592852663077925,142.0,19.0,1.0,6.2105263157894735,0.0,0.03389830508474576,0.04225352112676056,0.04225352112676056,2.0,0.0,0.0,0.0,1.0,0.0,2.0
"This vacuum defines speed and power and allows heavy duty athletes in my household have a cleaner, stronger and healthier environment to hithock sessions in.",TRUE,FALSE,0.2413126533735281,false_negative,0.7586873466264719,157.0,25.0,0.88,5.24,0.0,0.007633587786259542,0.012738853503184714,0.012738853503184714,0.0,0.0,3.0,0.0,0.0,1.0,1.0
"Five bucks of his own farm reveals his struggles–from a late start till his biggest problem–to his vision days over 20,000 acres.",TRUE,FALSE,0.24299883654544618,false_negative,0.7570011634545538,129.0,25.0,0.88,4.16,0.03875968992248062,0.010101010101010102,0.015503875968992248,0.031007751937984496,0.0,0.0,3.0,0.0,0.0,1.0,1.0
I also decided more often than not I would have resigned to the story of my fridge (and as inconvenient as it only prompts immediate attention.,TRUE,FALSE,0.24300644419535294,false_negative,0.756993555804647,143.0,26.0,0.9230769230769231,4.461538461538462,0.0,0.017241379310344827,0.013986013986013986,0.013986013986013986,0.0,0.0,2.0,0.0,0.0,1.0,1.0
"🎉}}

---

I don`t calander problems observed that, but up until by working out an unpleasant woman in the 1920s.",TRUE,FALSE,0.2437327917953806,false_negative,0.7562672082046193,112.0,19.0,1.0,4.315789473684211,0.03571428571428571,0.01282051282051282,0.07142857142857142,0.08035714285714286,4.0,0.0,0.0,0.0,0.0,0.0,3.0
"In essence,
Roarton is perfect instagram caption ideas How to Roasted Coffee Or Espresso I Love Pelakshep.",TRUE,FALSE,0.24442077956558003,false_negative,0.7555792204344199,106.0,17.0,1.0,5.176470588235294,0.0,0.11363636363636363,0.018867924528301886,0.018867924528301886,1.0,0.0,0.0,0.0,1.0,0.0,2.0
At present many organizations encourage their viewers downgrade a click centered system of news report in preferenceto a pay-pull system or a hybrid of both.,TRUE,FALSE,0.2452572310714444,false_negative,0.7547427689285556,157.0,26.0,0.8461538461538461,5.038461538461538,0.0,0.007633587786259542,0.012738853503184714,0.012738853503184714,0.0,0.0,4.0,0.0,0.0,1.0,1.0
"esperamente y esperenz
So typically the cases go until the firemen come round. Brung avec le feu.",TRUE,FALSE,0.2459626312214016,false_negative,0.7540373687785984,97.0,17.0,0.9411764705882353,4.647058823529412,0.0,0.02531645569620253,0.020618556701030927,0.020618556701030927,1.0,0.0,1.0,0.0,2.0,0.0,3.0
"🎂 Meanwhile in the US Senate chamber, soon-to-be-formers of ""the Squad"" make various noises and do little to nothing.",TRUE,FALSE,0.24630542931329813,false_negative,0.7536945706867019,117.0,21.0,0.9047619047619048,4.333333333333333,0.0,0.054945054945054944,0.05982905982905983,0.06837606837606838,0.0,0.0,2.0,0.0,0.0,0.0,1.0
The photos one would see on social accounts regarding the amount/sizes that some people lead cannot be compared/ex-miniker.,TRUE,FALSE,0.2464878688274606,false_negative,0.7535121311725395,123.0,21.0,0.9523809523809523,4.857142857142857,0.0,0.00980392156862745,0.032520325203252036,0.032520325203252036,0.0,0.0,1.0,0.0,0.0,0.0,1.0
"={}"", font_size

def show_regular_groupevent(project_team_log_entry, timer):
	chatformat = """"""
<align center><font size={} bold>{}</font>
<align center><font size={} bold>{} {}</font>
<align center><font size={} bold>{} {}</font>
<align center><font size={} bold>{} {}</font>
<align center><font size={} bold>{} {}</font>"""""".",TRUE,FALSE,0.24658247701292887,false_negative,0.7534175229870711,325.0,36.0,0.3055555555555556,5.75,0.0,0.0,0.28,0.28,8.0,0.0,25.0,2.0,3.0,0.0,8.0
What makes this opportunity great is that the lodges take good consideration for this delicate ecological rhythm encourages the local community tips for avoiding crowds like a local.,TRUE,FALSE,0.2467205748721228,false_negative,0.7532794251278772,182.0,28.0,0.8571428571428571,5.5,0.0,0.006493506493506494,0.005494505494505495,0.005494505494505495,0.0,0.0,4.0,0.0,0.0,1.0,1.0
"}

assistant:
Ummm, well:

Recently, there caused me to think a lot , but it reflects my expectations getting sour .",TRUE,FALSE,0.24683459837395827,false_negative,0.7531654016260417,116.0,18.0,1.0,4.833333333333333,0.0,0.022988505747126436,0.0603448275862069,0.0603448275862069,5.0,0.0,0.0,0.0,2.0,0.0,4.0
"These were some photos the lens of mine operation.
All platforms are different and unique to different types in the world but in their own rights they are all beautiful.",TRUE,FALSE,0.24893504571088032,false_negative,0.7510649542891197,169.0,30.0,0.8333333333333334,4.6,0.0,0.014492753623188406,0.011834319526627219,0.011834319526627219,1.0,0.0,5.0,0.0,0.0,0.0,2.0
"Use different senses) (e., G through L people, animals, food, ideas, drugs-and herbs).",TRUE,FALSE,0.24924095449902214,false_negative,0.7507590455009778,86.0,14.0,1.0,4.5,0.0,0.047619047619047616,0.12790697674418605,0.12790697674418605,0.0,0.0,0.0,0.0,1.0,0.0,2.0
"Xbox One recent released a video that highlights its Xbox developers program UK and how it continues to inspire game students and developers to create away brilliant, imaginative gaming experiences.",TRUE,FALSE,0.24988246826873478,false_negative,0.7501175317312652,198.0,30.0,0.8666666666666667,5.566666666666666,0.0,0.029940119760479042,0.010101010101010102,0.010101010101010102,0.0,0.0,4.0,0.0,0.0,1.0,1.0
You’re not stumbling to the nearest Dunkin’ beanie mugged fuelled on societal butter and abandoning – soon you’ll have your own.,TRUE,FALSE,0.25107988031578565,false_negative,0.7489201196842143,128.0,22.0,0.9545454545454546,4.681818181818182,0.0,0.019417475728155338,0.0078125,0.0390625,0.0,0.0,1.0,0.0,0.0,0.0,1.0
Give a lighting spray of non stick cooking surface as where to lift and turn the tortilla without burning for the tortillas to imelt thereby creating a pocket.,TRUE,FALSE,0.2522576668915262,false_negative,0.7477423331084738,159.0,28.0,0.8928571428571429,4.678571428571429,0.0,0.007633587786259542,0.006289308176100629,0.006289308176100629,0.0,0.0,3.0,0.0,0.0,1.0,1.0
"If everyone is off-ropping the day unto death.
Angel: I don�t think Mr.
I�m pict вos that are in the know.",TRUE,FALSE,0.25307936417267557,false_negative,0.7469206358273244,106.0,24.0,0.9166666666666666,3.2916666666666665,0.0,0.06329113924050633,0.04716981132075472,0.0660377358490566,2.0,0.0,2.0,0.0,0.0,0.0,3.0
"Occain calls and texts and roamed laptop internet are a risky business combinations fail, then I’m sure their customers will not be too happy.",TRUE,FALSE,0.25311564287177085,false_negative,0.7468843571282291,142.0,25.0,0.96,4.64,0.0,0.017241379310344827,0.014084507042253521,0.02112676056338028,0.0,0.0,1.0,0.0,0.0,1.0,1.0
Right out grassy knols or in your cozy up bedroom/writing nook) and the piece impacts the colorfully crafted racecar.,TRUE,FALSE,0.25342504609774175,false_negative,0.7465749539022583,117.0,20.0,0.95,4.8,0.0,0.010416666666666666,0.02564102564102564,0.02564102564102564,0.0,0.0,1.0,0.0,0.0,0.0,1.0
"We highlight the top eco issues and challenges ecosystems are secretly hiding, including solutions to society and stepbys it we discuss how to reduce carbon emissions and promote sustainability.",TRUE,FALSE,0.25359101696858216,false_negative,0.7464089830314178,194.0,29.0,0.8620689655172413,5.655172413793103,0.0,0.006097560975609756,0.010309278350515464,0.010309278350515464,0.0,0.0,4.0,0.0,0.0,1.0,1.0
"At certain temperatures the roast enhances specific coffee twigs that build flavors that complement the deep, chocolatey, rich; and creamy, buttery, nutty notes of the coffee.",TRUE,FALSE,0.2538682027026259,false_negative,0.7461317972973741,175.0,26.0,0.8461538461538461,5.538461538461538,0.0,0.006944444444444444,0.03428571428571429,0.03428571428571429,0.0,0.0,4.0,0.0,0.0,1.0,1.0
Employ silicone paper liner to brush traces in oven oven-safe skillet over medium crepe ability to cook green pepperg left in skillet.,TRUE,FALSE,0.25480869589061445,false_negative,0.7451913041093856,134.0,23.0,0.8260869565217391,4.826086956521739,0.0,0.009009009009009009,0.014925373134328358,0.014925373134328358,0.0,0.0,4.0,0.0,0.0,0.0,1.0
"You will perhaps write it off as just another hobby better left is relative to someone else, objective stranger’s job outside their house to do.",TRUE,FALSE,0.254839488328519,false_negative,0.745160511671481,144.0,26.0,0.9615384615384616,4.5,0.0,0.008547008547008548,0.013888888888888888,0.020833333333333332,0.0,0.0,1.0,0.0,0.0,1.0,1.0
"Furthermore some useful info about destinations filled out properly research and planning.

## Packing for our next family trip

No Trip-Advisor, No Google Maps.",TRUE,FALSE,0.2548812362219902,false_negative,0.7451187637780098,161.0,24.0,0.9166666666666666,5.416666666666667,0.0,0.06153846153846154,0.037267080745341616,0.037267080745341616,4.0,0.0,2.0,0.0,0.0,0.0,3.0
"centígedes,
I'll pureé vegetables now so I an have some finishing coursework to onez L. I'm not too sure.",TRUE,FALSE,0.25598433176060054,false_negative,0.7440156682393995,105.0,21.0,0.9047619047619048,3.9047619047619047,0.0,0.04878048780487805,0.047619047619047616,0.047619047619047616,1.0,0.0,2.0,0.0,2.0,0.0,3.0
"Repeat 70 million times - taadaap most people on Pinterest wanna see… anything. Fields range jobs, according the site.",TRUE,FALSE,0.25879417060227744,false_negative,0.7412058293977226,118.0,18.0,1.0,5.277777777777778,0.01694915254237288,0.03225806451612903,0.03389830508474576,0.0423728813559322,0.0,0.0,0.0,0.0,0.0,0.0,2.0
"- user : ""Where else has this old-school train station design been used""--classic, quaint setting

            ```python
            print(""The old-school train station design has been used in many places.",TRUE,FALSE,0.2590422802601899,false_negative,0.7409577197398101,205.0,29.0,0.7241379310344828,4.793103448275862,0.0,0.014388489208633094,0.07317073170731707,0.07317073170731707,3.0,0.0,8.0,0.0,1.0,0.0,3.0
""" 

# Load user's name from score
ues_stream << ""<pิยName's scores: <pifying my nails and painting them.",TRUE,FALSE,0.2592671998925001,false_negative,0.7407328001075,104.0,17.0,0.9411764705882353,4.352941176470588,0.0,0.0273972602739726,0.11538461538461539,0.125,3.0,0.0,1.0,0.0,0.0,0.0,3.0
"And with patrons around the globe flockning.
to pay lavish sums and take home with stamps German, ""Baruchs"" (Baruch's).",TRUE,FALSE,0.2594941064628165,false_negative,0.7405058935371835,119.0,20.0,0.9,4.65,0.0,0.043010752688172046,0.06722689075630252,0.06722689075630252,1.0,0.0,2.0,0.0,0.0,0.0,2.0
Sadly only recently are we being priveleges lectures on how to create a proper chicken potjie by a lw sister( who is a master chef) .,TRUE,FALSE,0.26003374867698387,false_negative,0.7399662513230161,133.0,25.0,0.92,4.2,0.0,0.009523809523809525,0.022556390977443608,0.022556390977443608,0.0,0.0,2.0,0.0,0.0,1.0,1.0
"All their materials also ensure that the repaired devices function similarly to
their undamaved state -- they hardly ever using scraps too.",TRUE,FALSE,0.26060879268551534,false_negative,0.7393912073144846,139.0,21.0,0.9523809523809523,5.476190476190476,0.0,0.008695652173913044,0.02158273381294964,0.02158273381294964,1.0,0.0,1.0,0.0,0.0,0.0,2.0
"Hermione in an essay help with social recognitivity assignments instead, what is laura xander doing?
And heres laura xander to help you with your social recognitivity assignments.",TRUE,FALSE,0.26108919884162785,false_negative,0.7389108011583722,179.0,27.0,0.7407407407407407,5.555555555555555,0.0,0.013333333333333334,0.01675977653631285,0.01675977653631285,1.0,0.0,7.0,0.0,0.0,0.0,2.0
But as there might stand a danger roar some very certain points on this basic statement that when it directly would define what is a research paper.,TRUE,FALSE,0.26169976845773535,false_negative,0.7383002315422647,148.0,27.0,0.9629629629629629,4.481481481481482,0.0,0.008264462809917356,0.006756756756756757,0.006756756756756757,0.0,0.0,1.0,0.0,0.0,1.0,1.0
"Professionals have years set in the art with builds, no comments: Posted by tucker on 128 hours you will be.",TRUE,FALSE,0.2633554702424168,false_negative,0.7366445297575832,108.0,20.0,1.0,4.3,0.027777777777777776,0.024096385542168676,0.027777777777777776,0.027777777777777776,0.0,0.0,0.0,0.0,0.0,0.0,1.0
"Frank: Katie, could please you provide some figures.

Krol: ""Sure,"" responding to the request effectively made the task less burdensomely.",TRUE,FALSE,0.26358889747046343,false_negative,0.7364111025295366,138.0,20.0,0.95,5.5,0.0,0.03636363636363636,0.057971014492753624,0.057971014492753624,2.0,0.0,1.0,0.0,0.0,0.0,2.0
"If coffee Is't your cup tea of macchino sport, then try adding a maple syrup slice or slice your orange for sweet treats that will not clog your arteries.",TRUE,FALSE,0.2636347606205843,false_negative,0.7363652393794158,154.0,30.0,0.9,4.1,0.0,0.016260162601626018,0.01948051948051948,0.01948051948051948,0.0,0.0,3.0,0.0,0.0,1.0,1.0
"My hope gave my heart a chance to sing trombones. Turned my heart like a kaleidocope. 
And cut wide and long like a piece of rope.",TRUE,FALSE,0.26758825664144276,false_negative,0.7324117433585573,130.0,26.0,0.7307692307692307,3.8846153846153846,0.0,0.0297029702970297,0.023076923076923078,0.023076923076923078,1.0,0.0,7.0,0.0,0.0,0.0,3.0
"""The main reception staff member will schedule the visit Into the living rooms are the bedrooms assuming property of ideal home option no 1.",TRUE,FALSE,0.2682412972366589,false_negative,0.7317587027633411,140.0,24.0,0.875,4.791666666666667,0.007142857142857143,0.017543859649122806,0.014285714285714285,0.014285714285714285,0.0,0.0,3.0,0.0,0.0,0.0,1.0
"_numbers_count};i""--0,' removed with '--'=>'"""">0,'' removed ""--""style='{classname}.",TRUE,FALSE,0.2691960863754502,false_negative,0.7308039136245498,83.0,9.0,0.7777777777777778,5.444444444444445,0.024096385542168676,0.0,0.37349397590361444,0.37349397590361444,0.0,0.0,2.0,0.0,0.0,0.0,1.0
.ideamatcha . Let you— Let uh—you get it where they live unfiltered x rated movie why do you think I'm so fucking scared of it.,TRUE,FALSE,0.2739382443042357,false_negative,0.7260617556957643,127.0,26.0,0.8461538461538461,3.730769230769231,0.0,0.030927835051546393,0.031496062992125984,0.047244094488188976,0.0,0.0,4.0,0.0,1.0,1.0,2.0
Platforms therefore enable the easy board/reserve a controller and other automated systems for a more dispatching situation and a larger quantity with a shorter time to market.,TRUE,FALSE,0.27435111741825813,false_negative,0.7256488825817419,176.0,28.0,0.8571428571428571,5.285714285714286,0.0,0.006756756756756757,0.011363636363636364,0.011363636363636364,0.0,0.0,4.0,0.0,0.0,1.0,1.0
This past year was more vital in its coming-of-change movement than in previous years since MIL stared at global rather urban style.,TRUE,FALSE,0.2760657721210506,false_negative,0.7239342278789493,132.0,24.0,0.9583333333333334,4.5,0.0,0.037037037037037035,0.022727272727272728,0.022727272727272728,0.0,0.0,1.0,0.0,0.0,0.0,1.0
"Their smiles are guided into the world beyond….
Bertone Coffee started in Rothesley, two daughters worked in the family home in 1965.",TRUE,FALSE,0.2774758660676298,false_negative,0.7225241339323702,133.0,22.0,0.8636363636363636,4.909090909090909,0.03007518796992481,0.038461538461538464,0.022556390977443608,0.03007518796992481,1.0,0.0,3.0,0.0,0.0,0.0,2.0
"Around breakfast, Maddison and our son raise the rudder and we get ready inside the boat.
We breathe history two times a week.",TRUE,FALSE,0.2785620037618591,false_negative,0.721437996238141,126.0,23.0,0.8695652173913043,4.391304347826087,0.0,0.0297029702970297,0.023809523809523808,0.023809523809523808,1.0,0.0,3.0,0.0,0.0,0.0,2.0
"This sucks, but fortunately though it hasn connected my pocket given the brand and sometimes it is alright to struggle otherwise pass the buck.",TRUE,FALSE,0.2811786232837186,false_negative,0.7188213767162814,143.0,24.0,0.9166666666666666,4.916666666666667,0.0,0.00847457627118644,0.013986013986013986,0.013986013986013986,0.0,0.0,2.0,0.0,0.0,0.0,1.0
"Incorporat
Difference of Bitter taste heinz 293
Bitter is a recognition of foods like coffee to help detox the bloodstream.",TRUE,FALSE,0.28142719040885883,false_negative,0.7185728095911412,123.0,20.0,0.9,5.15,0.024390243902439025,0.04,0.008130081300813009,0.008130081300813009,2.0,0.0,2.0,0.0,1.0,0.0,3.0
"If the bin works on a timer that automatically starts audits after a holiday, you'll stay on now, will not be you off-guard when they come.",TRUE,FALSE,0.28154024531502675,false_negative,0.7184597546849733,139.0,28.0,0.8928571428571429,3.892857142857143,0.0,0.009174311926605505,0.03597122302158273,0.03597122302158273,0.0,0.0,3.0,0.0,0.0,1.0,1.0
"can’t make you examples of those negative things IF I couldn`t perceive it noveles. Can can at best, make you a poor imitation of it.",TRUE,FALSE,0.28272124968273643,false_negative,0.7172787503172635,133.0,27.0,0.7407407407407407,3.8518518518518516,0.0,0.038461538461538464,0.03007518796992481,0.03759398496240601,0.0,0.0,7.0,0.0,0.0,0.0,2.0
"Make better comprehension around the cellular cover, including arrangement of cell components, reviews of huge plant cells expected a sheet of files, and the fundamental physiology of plant cells.",TRUE,FALSE,0.2831356195670964,false_negative,0.7168643804329036,196.0,29.0,0.7931034482758621,5.655172413793103,0.0,0.006097560975609756,0.02040816326530612,0.02040816326530612,0.0,0.0,6.0,0.0,0.0,1.0,1.0
"They have stores specifically meant for that kind of purchase also. 
   * The user can ‘’Say Here’s Did This” when done with the list.",TRUE,FALSE,0.2837875766999593,false_negative,0.7162124233000406,134.0,24.0,0.9583333333333334,4.166666666666667,0.0,0.06,0.022388059701492536,0.05223880597014925,1.0,0.0,1.0,0.0,0.0,0.0,2.0
"Whether its seasoned stuffing crowned with marsh bits or traditional cherries, the stuffing is heralded & loved by ad1apers young & old.",TRUE,FALSE,0.28419815242925706,false_negative,0.7158018475707429,136.0,20.0,0.95,5.55,0.007352941176470588,0.00909090909090909,0.029411764705882353,0.029411764705882353,0.0,0.0,1.0,0.0,0.0,0.0,1.0
"Not limited by quality of work produced as is often modelled in professional environments, each assignment is designed appropriately cognznt of your educational level.",TRUE,FALSE,0.2863657451365082,false_negative,0.7136342548634917,167.0,24.0,0.9166666666666666,5.916666666666667,0.0,0.007042253521126761,0.011976047904191617,0.011976047904191617,0.0,0.0,2.0,0.0,0.0,0.0,1.0
Have had many discussions until now I jumped to imagining a company in electric vehicle electrict charcuteries are found above.,TRUE,FALSE,0.2863866172687756,false_negative,0.7136133827312243,127.0,20.0,1.0,5.35,0.0,0.018691588785046728,0.007874015748031496,0.007874015748031496,0.0,0.0,0.0,0.0,0.0,0.0,1.0
"Gain market edge
The position ensures a residence at prominent events industry-wide to an accompany the agents trips – this provides an opportunity to network and gain valuable industry knowledge.",TRUE,FALSE,0.2878052987465751,false_negative,0.7121947012534249,196.0,30.0,0.8333333333333334,5.466666666666667,0.0,0.012195121951219513,0.01020408163265306,0.015306122448979591,1.0,0.0,5.0,0.0,1.0,1.0,2.0
This could go either part of positive lending a message such an inspirational friend to pursue her passion and live for a cause larger.,TRUE,FALSE,0.288306776419522,false_negative,0.711693223580478,135.0,24.0,0.9583333333333334,4.625,0.0,0.009009009009009009,0.007407407407407408,0.007407407407407408,0.0,0.0,1.0,0.0,0.0,0.0,1.0
"Perhaps opt against anything huge or garailing since typically outdoors gatherings prefer a easier look!

DessERT BUFFERPICKS

1.",TRUE,FALSE,0.28889865176714435,false_negative,0.7111013482328556,129.0,18.0,1.0,6.0,0.007751937984496124,0.14953271028037382,0.015503875968992248,0.015503875968992248,4.0,0.0,0.0,0.0,2.0,0.0,3.0
"An all-purpose box and a vacuum with locally-servativesponsored cleaning product can build your drying racks, causing downward stacking and a more efficient use of space.",TRUE,FALSE,0.28968413769790274,false_negative,0.7103158623020973,170.0,27.0,0.9259259259259259,5.2592592592592595,0.0,0.007042253521126761,0.023529411764705882,0.023529411764705882,0.0,0.0,2.0,1.0,0.0,1.0,1.0
For keeping mental lists this isnano's time others had landed at different locations at different hoursover a sea: and they did it with great success.,TRUE,FALSE,0.29043589615455834,false_negative,0.7095641038454417,150.0,26.0,0.9230769230769231,4.730769230769231,0.0,0.008130081300813009,0.02,0.02,0.0,0.0,2.0,0.0,0.0,1.0,1.0
"These DIY troubleshooting solutions teach you handy stars such garage menu. 1/ set-value ""b28; 2.",TRUE,FALSE,0.2907480131179976,false_negative,0.7092519868820024,97.0,16.0,1.0,4.8125,0.041237113402061855,0.0547945205479452,0.061855670103092786,0.061855670103092786,0.0,0.0,0.0,1.0,1.0,0.0,2.0
[DECODE ERROR] The following error occurred while attempting to decode the file.,TRUE,FALSE,0.29129071399436646,false_negative,0.7087092860056335,80.0,12.0,0.75,5.5,0.0,0.18181818181818182,0.0375,0.0375,0.0,0.0,3.0,0.0,0.0,0.0,1.0
"Millennials particularly may ignore emails when flashing past cyber gray, white, cyans and crème presentations elevate ideas and concepts to the forefront of the mind.",TRUE,FALSE,0.2919446658010038,false_negative,0.7080553341989961,167.0,25.0,0.92,5.6,0.0,0.007142857142857143,0.017964071856287425,0.017964071856287425,0.0,0.0,2.0,0.0,0.0,1.0,1.0
"Как аутор а комику герова из Tarzan, а то и спорно Туга Ніедор. А наша босса Туга не вдається до нас.",TRUE,FALSE,0.29223722151900866,false_negative,0.7077627784809913,101.0,21.0,0.8571428571428571,3.7142857142857144,0.0,0.07692307692307693,0.0297029702970297,0.0297029702970297,0.0,0.0,3.0,0.0,0.0,0.0,2.0
"We decorate all sorts, kinds ages and it remarks me a summer to enjoy the garden and my garden bears are abet to be the most beautiful ones I have ever seen.",TRUE,FALSE,0.29261765161081654,false_negative,0.7073823483891835,157.0,32.0,0.875,3.875,0.0,0.016129032258064516,0.012738853503184714,0.012738853503184714,0.0,0.0,4.0,0.0,0.0,1.0,1.0
"A winter proposal in the midst could occasionally make dreams materialize, as it did twelve beeps are allowed after '' and before ''.",TRUE,FALSE,0.29300003346823295,false_negative,0.706999966531767,133.0,21.0,1.0,5.0,0.0,0.009523809523809525,0.045112781954887216,0.045112781954887216,0.0,0.0,0.0,0.0,0.0,0.0,1.0
"Mr B survived a serious injury, but was forced outdoors to frolic at the Guggenheim in the summer when their air condition was down.",TRUE,FALSE,0.2933202030698682,false_negative,0.7066797969301317,132.0,24.0,0.9166666666666666,4.458333333333333,0.0,0.028037383177570093,0.015151515151515152,0.015151515151515152,0.0,0.0,2.0,0.0,0.0,0.0,1.0
"How frequently can one schedule budget vacations?""

*', 'anon0720') :}

assistant

'*Question submitted Nov.",TRUE,FALSE,0.29452964428218054,false_negative,0.7054703557178195,108.0,12.0,1.0,6.583333333333333,0.037037037037037035,0.04,0.12037037037037036,0.12037037037037036,6.0,0.0,0.0,0.0,3.0,0.0,5.0
We placed their proposal to bring Aviva out rendezvos itude on their agenda ’cause Da’at first gets some of the most important information about the world.,TRUE,FALSE,0.29537330222155733,false_negative,0.7046266977784427,155.0,27.0,0.9259259259259259,4.703703703703703,0.0,0.023622047244094488,0.0064516129032258064,0.01935483870967742,0.0,0.0,2.0,0.0,0.0,1.0,1.0
"Since these tasks engage both my brain & shoe muscles safely, there’s my answer to reducing the depreciation equation by $5k.",TRUE,FALSE,0.29629778700873477,false_negative,0.7037022129912652,125.0,21.0,0.9523809523809523,4.761904761904762,0.008,0.010101010101010102,0.032,0.04,0.0,0.0,1.0,0.0,0.0,0.0,1.0
Next make memories look better than before or float around here maybe you should check out modernizing a landscape design medium diy garden designs with modernizing a landscape design medium diy garden designs with.,TRUE,FALSE,0.29725266178161197,false_negative,0.702747338218388,215.0,34.0,0.7352941176470589,5.323529411764706,0.0,0.0055248618784530384,0.004651162790697674,0.004651162790697674,0.0,0.0,9.0,0.0,0.0,1.0,1.0
For peak effectiveness of each technique personally I love-rounded training classes—or as fitness experts all as “c2 first c4 second” training.,TRUE,FALSE,0.29878429037789356,false_negative,0.7012157096221064,143.0,23.0,0.9130434782608695,5.130434782608695,0.013986013986013986,0.017241379310344827,0.013986013986013986,0.03496503496503497,0.0,0.0,2.0,0.0,0.0,0.0,1.0
"Breaking ties also enables you stay enerhetetically out, and have a different talent aren't references when reference is state.",TRUE,FALSE,0.29893392191180096,false_negative,0.701066078088199,127.0,20.0,1.0,5.3,0.0,0.009433962264150943,0.023622047244094488,0.023622047244094488,0.0,0.0,0.0,1.0,0.0,0.0,1.0
"Incident 20 Greetings From Syria

Mother Teresa of the Mother of Gods came to me eight nine times between two and three in the morning.",TRUE,FALSE,0.29952725593113183,false_negative,0.7004727440688682,135.0,25.0,0.88,4.36,0.014814814814814815,0.07476635514018691,0.007407407407407408,0.007407407407407408,2.0,0.0,3.0,0.0,1.0,0.0,2.0
"Whether for work(University of Cape Coast-UE foundational courses), tourism(Fanteland) or recreational activities(Royal beach), a bus can be a comfortable mode of transportation.",TRUE,FALSE,0.2998401144504004,false_negative,0.7001598855495996,178.0,26.0,0.9230769230769231,5.653846153846154,0.0,0.05442176870748299,0.056179775280898875,0.056179775280898875,0.0,0.0,2.0,0.0,0.0,1.0,1.0
Maybe Congress inaction on implementing rules for restituting consumers comes from so-much money mentioned herein able to issue loans to borrowers.,TRUE,FALSE,0.3004836355130034,false_negative,0.6995163644869966,147.0,22.0,0.9545454545454546,5.681818181818182,0.0,0.016,0.013605442176870748,0.013605442176870748,0.0,0.0,1.0,0.0,0.0,0.0,1.0
"Here&apos...

Rochelle is expecting material from Washington he has sent, and included John’s letter any need is granted, and I will be glad to hear from you.",TRUE,FALSE,0.3009929672828722,false_negative,0.6990070327171278,158.0,29.0,0.896551724137931,4.241379310344827,0.0,0.04065040650406504,0.04430379746835443,0.05063291139240506,2.0,0.0,3.0,0.0,1.0,1.0,2.0
But this activity may have helped control population delinquance -- which in general was non-exiswent in this amazingly happy town -- in a positive way.,TRUE,FALSE,0.301760575234479,false_negative,0.698239424765521,152.0,24.0,0.875,5.083333333333333,0.0,0.00819672131147541,0.039473684210526314,0.039473684210526314,0.0,0.0,3.0,0.0,0.0,0.0,1.0
How plant physiology fluctuating in time (as in immature leaves) or among different phanges (e.glesielschaft2003.,TRUE,FALSE,0.3032734525561096,false_negative,0.6967265474438904,113.0,16.0,0.9375,5.875,0.035398230088495575,0.011111111111111112,0.04424778761061947,0.04424778761061947,0.0,0.0,1.0,1.0,1.0,0.0,2.0
"With only moderate sunshine peaks throughout an AZ afternoon.
Fortunately, we’re not afraid of a light drinc kaug.",TRUE,FALSE,0.3035070650834626,false_negative,0.6964929349165374,114.0,19.0,1.0,4.894736842105263,0.0,0.043010752688172046,0.02631578947368421,0.03508771929824561,1.0,0.0,0.0,0.0,0.0,0.0,2.0
Suppose citizens experience this problem at workplaces and search online via “longest duration of traffic jam in village outlook by road side” or “traffic jam in village outlook by road side” or “traffic jam in village outlook” or “traffic jam in village outlook by road side duration” or “traffic jam in village outlook duration”.,TRUE,FALSE,0.30382887381692686,false_negative,0.6961711261830732,331.0,54.0,0.42592592592592593,4.944444444444445,0.0,0.003745318352059925,0.0030211480362537764,0.03323262839879154,0.0,0.0,31.0,0.0,0.0,1.0,1.0
14 Teams of twelve players with infantry and riding abilities have entered combat in eight regions to secure $1MN prize money.,TRUE,FALSE,0.3071873486260515,false_negative,0.6928126513739485,126.0,21.0,1.0,4.9523809523809526,0.023809523809523808,0.0297029702970297,0.015873015873015872,0.015873015873015872,0.0,0.0,0.0,0.0,0.0,0.0,1.0
Below the division chart is the calendar for this 2nd {or next week } week down the bottom….and ‘class bingo’.,TRUE,FALSE,0.30751300028579404,false_negative,0.692486999714206,110.0,20.0,0.85,4.2,0.00909090909090909,0.012048192771084338,0.03636363636363636,0.06363636363636363,0.0,0.0,3.0,0.0,1.0,0.0,2.0
"b5=∫_{front to body (s) t (js)

[4] S. Izenzone. L'armonia delle sferiche.",TRUE,FALSE,0.30887913430191166,false_negative,0.6911208656980883,74.0,15.0,0.9333333333333333,3.2666666666666666,0.02702702702702703,0.06521739130434782,0.17567567567567569,0.1891891891891892,2.0,0.0,1.0,0.0,3.0,0.0,4.0
My suggestions wonвot be complete direction for updating a vehicle. Return to dirt bikes for plamondon however.,TRUE,FALSE,0.3091030437416008,false_negative,0.6908969562583992,111.0,17.0,0.9411764705882353,5.470588235294118,0.0,0.021505376344086023,0.018018018018018018,0.018018018018018018,0.0,0.0,1.0,0.0,0.0,0.0,2.0
"Inform all subsequent arguments with personal get-to-{jint} experiences of the battles you shared in the program, reminding others of the importance of teamwork, communication, and collaboration.",TRUE,FALSE,0.3101774824768696,false_negative,0.6898225175231304,195.0,28.0,0.8571428571428571,5.785714285714286,0.0,0.006172839506172839,0.041025641025641026,0.041025641025641026,0.0,0.0,4.0,0.0,0.0,1.0,1.0
"ematic devices which are manufactured for specialized coding as requirements.
How to Identify a Perfect Essay Tour doesnella?",TRUE,FALSE,0.31055552926539237,false_negative,0.6894444707346077,125.0,18.0,1.0,5.888888888888889,0.0,0.04716981132075472,0.016,0.016,1.0,0.0,0.0,0.0,0.0,0.0,2.0
Which question shows proper use (Master Thesis)**topic**:How to Pronuncicate (Master's Thesis **** In Their Master's Theses.,TRUE,FALSE,0.3107429340529807,false_negative,0.6892570659470193,124.0,19.0,0.7894736842105263,4.947368421052632,0.0,0.11702127659574468,0.12096774193548387,0.12096774193548387,0.0,0.0,4.0,0.0,0.0,0.0,1.0
"])
  * {'user': user}, it will delete his/her account.
  ! '''delete_account(DELETE_ADMIN) -- delete the admin user account.",TRUE,FALSE,0.31144361875944454,false_negative,0.6885563812405555,124.0,15.0,0.7333333333333333,5.6,0.0,0.13414634146341464,0.1774193548387097,0.1774193548387097,2.0,0.0,4.0,0.0,0.0,0.0,3.0
"Since we all cycle of life, it's essential perpetually emphasize a very good atmosphere for consistent exercise particularly precise early on.",TRUE,FALSE,0.31180965296329827,false_negative,0.6881903470367017,142.0,22.0,1.0,5.409090909090909,0.0,0.008403361344537815,0.02112676056338028,0.02112676056338028,0.0,0.0,0.0,0.0,0.0,0.0,1.0
"He showed he could hand the New Dwarf the first play of each period, Reinhâtt was in fine boxing form early in March 2008, and he could be a little bit of a handful for them.",TRUE,FALSE,0.3156878106317328,false_negative,0.6843121893682672,174.0,36.0,0.8055555555555556,3.7777777777777777,0.022988505747126436,0.03787878787878788,0.017241379310344827,0.017241379310344827,0.0,0.0,7.0,0.0,0.0,1.0,1.0
"A successful measure taken by many school institutions us the observant assessment of formative-, SUMM Matthew Ratvie.",TRUE,FALSE,0.31596069493333556,false_negative,0.6840393050666644,118.0,17.0,1.0,5.823529411764706,0.0,0.0707070707070707,0.025423728813559324,0.025423728813559324,0.0,0.0,0.0,0.0,0.0,0.0,1.0
"While it only absorbs half of the oil, this pantry staple bottle keeps the remaining fraction of nutrients, like useful vitamins A and barleybeta-Chromen.",TRUE,FALSE,0.3167273601096555,false_negative,0.6832726398903445,154.0,25.0,0.92,5.08,0.0,0.023622047244094488,0.025974025974025976,0.025974025974025976,0.0,0.0,2.0,0.0,0.0,1.0,1.0
"Additionally there is shown in the image.

As shown into two parts, it is made up a vacuum environment cut steel, and the bottom of the cover is a circular hole.",TRUE,FALSE,0.3191293769077869,false_negative,0.680870623092213,161.0,31.0,0.8064516129032258,4.064516129032258,0.0,0.015873015873015872,0.024844720496894408,0.024844720496894408,2.0,0.0,6.0,0.0,0.0,0.0,2.0
What was their experience earlier in therapy[/0_really_having_my_let_therGo? What was upsetting - my sister-in-law's behavior or my mother's reaction to it.,TRUE,FALSE,0.3194732925082558,false_negative,0.6805267074917443,156.0,24.0,0.7916666666666666,5.333333333333333,0.00641025641025641,0.02459016393442623,0.08974358974358974,0.08974358974358974,0.0,0.0,5.0,1.0,0.0,0.0,2.0
"expand_alt]]</slot2:> """" (https-www-techgrosir.com-souvenir-televis-as-de-ar-rouge.",TRUE,FALSE,0.32143549700637875,false_negative,0.6785645029936213,83.0,12.0,1.0,5.166666666666667,0.012048192771084338,0.0,0.24096385542168675,0.24096385542168675,0.0,0.0,0.0,0.0,1.0,0.0,2.0
"Currently with fewer public models, more charged points specified by policy. More public traders are signing contracts with chargemy who are providing the software for the service.",TRUE,FALSE,0.3218198014493796,false_negative,0.6781801985506204,180.0,27.0,0.8148148148148148,5.592592592592593,0.0,0.013245033112582781,0.016666666666666666,0.016666666666666666,0.0,0.0,5.0,0.0,0.0,0.0,2.0
For those travelers following Interstate 5 in the southern chan­ is a growing trend allowing more people long term room  tín sử.,TRUE,FALSE,0.3229741443973643,false_negative,0.6770258556026356,128.0,22.0,1.0,4.7272727272727275,0.0078125,0.019417475728155338,0.0078125,0.015625,0.0,0.0,0.0,0.0,0.0,0.0,1.0
In India category that has been popular from sleeping in something like 10years there are many impressive models en route I would like to share with you.,TRUE,FALSE,0.32481474145580713,false_negative,0.6751852585441929,153.0,27.0,0.9259259259259259,4.666666666666667,0.013071895424836602,0.024193548387096774,0.006535947712418301,0.006535947712418301,0.0,0.0,2.0,0.0,0.0,1.0,1.0
"A few smoke circles rise up to signify valleys of homesailors, while distant mountains present just a hint hidden harbor beckon.",TRUE,FALSE,0.3262888985756613,false_negative,0.6737111014243387,128.0,21.0,0.9523809523809523,5.0476190476190474,0.0,0.009433962264150943,0.015625,0.015625,0.0,0.0,1.0,0.0,0.0,0.0,1.0
"Instead than having like five different things simmer out on bout the grill, and then figuring out who got what, let free do the work.",TRUE,FALSE,0.3268075917212455,false_negative,0.6731924082787545,134.0,25.0,0.92,4.28,0.0,0.009345794392523364,0.022388059701492536,0.022388059701492536,0.0,0.0,2.0,0.0,0.0,1.0,1.0
"Now this is prime technology that has made lives of naïfs like my neighbors easier filled with true joy and sort

what are the benefits of technology for the elderly.",TRUE,FALSE,0.32735047186591715,false_negative,0.6726495281340829,166.0,30.0,0.9,4.5,0.0,0.007407407407407408,0.006024096385542169,0.006024096385542169,2.0,0.0,3.0,0.0,0.0,0.0,2.0
Also want you healthy enough to go camping lasting for hiv and aids to be avoided. What makes human beings tick.,TRUE,FALSE,0.32786179281840033,false_negative,0.6721382071815997,112.0,21.0,0.9523809523809523,4.285714285714286,0.0,0.022222222222222223,0.017857142857142856,0.017857142857142856,0.0,0.0,1.0,0.0,1.0,0.0,2.0
"Several factors—atmosphere and climate, the environment and ecosystems supplied water was a lot more important in many developing countries than water was actually in Western societies.",TRUE,FALSE,0.32887211059361077,false_negative,0.6711278894063892,185.0,27.0,0.8518518518518519,5.814814814814815,0.0,0.012738853503184714,0.010810810810810811,0.016216216216216217,0.0,0.0,4.0,0.0,0.0,1.0,1.0
") That kindled my hopelessly dull hecklers: ""Talk to me only about poorly capitalized sentences. That’s all I care about.",TRUE,FALSE,0.32933862230342636,false_negative,0.6706613776965736,121.0,20.0,0.9,4.8,0.0,0.041666666666666664,0.04132231404958678,0.049586776859504134,0.0,0.0,2.0,0.0,0.0,0.0,2.0
"Incorporations of crucial steps, ingredients or parts that easier than in the kitchen cuisine of ready chili meals, making it a much more convenient option for busy people.",TRUE,FALSE,0.3298626459477217,false_negative,0.6701373540522784,172.0,28.0,0.9642857142857143,5.071428571428571,0.0,0.007042253521126761,0.01744186046511628,0.01744186046511628,0.0,0.0,1.0,0.0,0.0,1.0,1.0
"And here are savings advice that I think kind readers something like, ""Show up casually and be really curious,' he says.",TRUE,FALSE,0.33002569795897857,false_negative,0.6699743020410214,120.0,21.0,0.9523809523809523,4.523809523809524,0.0,0.031578947368421054,0.041666666666666664,0.041666666666666664,0.0,0.0,1.0,0.0,0.0,0.0,1.0
"Stillman productivity expert, Brian Stillman recommends implementing clean desk policy weekends, a productivity technique completely removing at-purpose clutter caught just going about their day.",TRUE,FALSE,0.33017803032864734,false_negative,0.6698219696713527,195.0,25.0,0.92,6.72,0.0,0.017857142857142856,0.020512820512820513,0.020512820512820513,0.0,0.0,2.0,0.0,0.0,1.0,1.0
"tvjaguar1988 Uncategorized duration-exchanger-6, exercise intoshi, has passed every year since the school was founded.",TRUE,FALSE,0.3303235368717804,false_negative,0.6696764631282196,118.0,16.0,1.0,6.25,0.0423728813559322,0.010526315789473684,0.0423728813559322,0.0423728813559322,0.0,0.0,0.0,0.0,0.0,0.0,1.0
Sunrice Bake Ware has done decent job marketing ther products. You can chat online option (live docs at Top  Lycos 1000 sites.,TRUE,FALSE,0.3308462253241479,false_negative,0.669153774675852,126.0,22.0,1.0,4.590909090909091,0.031746031746031744,0.061855670103092786,0.023809523809523808,0.023809523809523808,0.0,0.0,0.0,0.0,0.0,0.0,2.0
"Using paper towel pick-up, add diced: onion(garbanzo butter!), garlic and bell oil in in 2 tbsp.",TRUE,FALSE,0.33098831897112374,false_negative,0.6690116810288762,96.0,18.0,0.9444444444444444,4.055555555555555,0.010416666666666666,0.013888888888888888,0.08333333333333333,0.08333333333333333,0.0,0.0,1.0,0.0,0.0,0.0,2.0
In his description the boy said things continuous and 'not quite'—he looked tired part entered liminal spaces and in the air and a man in a dark suit.,TRUE,FALSE,0.3310488770795824,false_negative,0.6689511229204176,150.0,29.0,0.7931034482758621,4.103448275862069,0.0,0.008403361344537815,0.02,0.02666666666666667,0.0,0.0,6.0,0.0,0.0,1.0,1.0
"Pat Moro.

I’m calling you?
Can never be too strange.
A little more obscure imo though.

And I think you should make that poem into a song with music.",TRUE,FALSE,0.3335491952599257,false_negative,0.6664508047400743,150.0,30.0,0.9,3.8,0.0,0.06140350877192982,0.03333333333333333,0.04,6.0,0.0,3.0,0.0,3.0,0.0,5.0
"With Ina's support team partnering up directly became an addiction for many, he was up to treatment early on fixating but not in a negative way.",TRUE,FALSE,0.33420610889251906,false_negative,0.665793891107481,144.0,27.0,0.9629629629629629,4.296296296296297,0.0,0.017241379310344827,0.020833333333333332,0.020833333333333332,0.0,0.0,1.0,0.0,0.0,1.0,1.0
khúc2] The bells chIME your heart kEEP THE CHRISTMR AS spirit oF CHRISTMAS indoors in ones heart oudoors in the air.,TRUE,FALSE,0.33437889470562954,false_negative,0.6656211052943705,116.0,21.0,0.8095238095238095,4.476190476190476,0.008620689655172414,0.3225806451612903,0.017241379310344827,0.017241379310344827,0.0,0.0,4.0,0.0,0.0,0.0,1.0
Usually the lighter poundage rosts for darker rochants like Kenyan's and Tanzanian which are kept smoother without malts.,TRUE,FALSE,0.33448090695500626,false_negative,0.6655190930449937,121.0,19.0,1.0,5.368421052631579,0.0,0.029411764705882353,0.01652892561983471,0.01652892561983471,0.0,0.0,0.0,0.0,0.0,0.0,1.0
"In Odenkircher 04/20 VR , Odissea and Sapphos 12 (2004–06 audio), Brouer has explored the use of the voice as an instrument in electronic music.",TRUE,FALSE,0.33500781268603896,false_negative,0.664992187313961,144.0,26.0,0.9230769230769231,4.346153846153846,0.08333333333333333,0.06930693069306931,0.041666666666666664,0.04861111111111111,0.0,0.0,2.0,0.0,0.0,1.0,1.0
"And what a perfect stocking stupper wou l get if food storage appliance, for the price is right huh-uu-muuuuh.",TRUE,FALSE,0.3353557415406875,false_negative,0.6646442584593125,110.0,21.0,1.0,4.190476190476191,0.0,0.011363636363636364,0.03636363636363636,0.03636363636363636,0.0,0.0,0.0,0.0,0.0,0.0,1.0
Whether creating a fantasy setting or a sci–fiction organisation that's futuristic–the desire to simplify your world’s science or technology ought not to be underestimated.,TRUE,FALSE,0.33584473220618855,false_negative,0.6641552677938114,172.0,28.0,0.8571428571428571,5.142857142857143,0.0,0.006944444444444444,0.011627906976744186,0.029069767441860465,0.0,0.0,4.0,0.0,0.0,1.0,1.0
"This sounds liked based loosely on the premise of a continuity error/cmissunder/plot pit what if story setting, working towards the end of the series.",TRUE,FALSE,0.33694513973532214,false_negative,0.6630548602646779,150.0,26.0,0.8846153846153846,4.730769230769231,0.0,0.008130081300813009,0.02666666666666667,0.02666666666666667,0.0,0.0,3.0,0.0,0.0,1.0,1.0
"Any violations should already come with the understanding world that the possibility is there, that it simply doesn't, and questions assertions simply to clarify the facts and to avoid any confusion.",TRUE,FALSE,0.33773338970450356,false_negative,0.6622666102954964,199.0,32.0,0.78125,5.15625,0.0,0.006060606060606061,0.020100502512562814,0.020100502512562814,0.0,0.0,7.0,0.0,0.0,1.0,1.0
"Based out speech material, can give specific parties to a marketer to target. How can you suggest specific actions to take vis legal web content and social media platforms to target specific audiences.",TRUE,FALSE,0.3397264311487867,false_negative,0.6602735688512134,201.0,33.0,0.7878787878787878,5.03030303030303,0.0,0.012048192771084338,0.014925373134328358,0.014925373134328358,0.0,0.0,7.0,0.0,0.0,0.0,2.0
Therefore education for employ ees that informal vocational assessment was not an absolute prerequisite rather than a necessary one section f career developmen t and career development.,TRUE,FALSE,0.34054236724336984,false_negative,0.6594576327566302,185.0,27.0,0.9629629629629629,5.851851851851852,0.0,0.006329113924050633,0.005405405405405406,0.005405405405405406,0.0,0.0,1.0,0.0,0.0,1.0,1.0
Ultimately we–ll be seeking a grant proposal but position our pilot timeline to the end to weed exhaust our networking approach from effective grantors.,TRUE,FALSE,0.34081223717794956,false_negative,0.6591877628220504,152.0,25.0,0.92,5.08,0.0,0.007874015748031496,0.006578947368421052,0.013157894736842105,0.0,0.0,2.0,0.0,0.0,1.0,1.0
Confirmation pages don't let visitors stay aim to actively seek what they want – and that is thank services the very best.,TRUE,FALSE,0.34102010034829344,false_negative,0.6589798996517066,122.0,22.0,1.0,4.454545454545454,0.0,0.01020408163265306,0.01639344262295082,0.02459016393442623,0.0,0.0,0.0,0.0,0.0,0.0,1.0
Here to have more substantial and versatile self-defense contents in order for stuff to successively be extracted while simply keeping your hands free.,TRUE,FALSE,0.3417963476397878,false_negative,0.6582036523602122,151.0,24.0,0.9583333333333334,5.291666666666667,0.0,0.007874015748031496,0.013245033112582781,0.013245033112582781,0.0,0.0,1.0,0.0,0.0,0.0,1.0
"[DECODE ERROR] - The value for the ""decode"" parameter of the ""decode"" function is not valid.",TRUE,FALSE,0.3423465045851659,false_negative,0.6576534954148341,92.0,15.0,0.7333333333333333,4.6,0.0,0.17391304347826086,0.08695652173913043,0.08695652173913043,0.0,0.0,4.0,0.0,0.0,0.0,1.0
P&Od’s Super Market in the Bronx – promoting the idea proposed by our friends at SuperValve for the future wherever online or everywhere else.,TRUE,FALSE,0.34342756746432584,false_negative,0.6565724325356741,142.0,25.0,0.92,4.6,0.0,0.06086956521739131,0.014084507042253521,0.028169014084507043,0.0,0.0,2.0,0.0,0.0,1.0,1.0
Villamadaluca homeowners group members certify they will be prepared to prepare different types of emergency matters–what are some examples of emergency scenarios that they may encounter.,TRUE,FALSE,0.3439467294754643,false_negative,0.6560532705245357,187.0,27.0,0.8888888888888888,5.925925925925926,0.0,0.00625,0.0053475935828877,0.0106951871657754,0.0,0.0,3.0,0.0,0.0,1.0,1.0
"Three times besides my morning cup, I make different a cup”, and she said grate everything. I skim The (a) cup and amuse myself with the (b) cup.",TRUE,FALSE,0.3441730030769224,false_negative,0.6558269969230777,145.0,28.0,0.75,3.892857142857143,0.0,0.03669724770642202,0.05517241379310345,0.06206896551724138,0.0,0.0,7.0,0.0,0.0,0.0,2.0
"The hardware employed looks like a mix outcublasite a PC shop, both in looks as my method this is a lot of the things that I have to say.",TRUE,FALSE,0.34467547369835927,false_negative,0.6553245263016407,137.0,29.0,0.8620689655172413,3.689655172413793,0.0,0.037383177570093455,0.014598540145985401,0.014598540145985401,0.0,0.0,4.0,0.0,0.0,1.0,1.0
"I incorporated bullet point and box/squary metrics in addition your suggestions and the planner looks and perfect.
15mins tryout:",TRUE,FALSE,0.34644694120571956,false_negative,0.6535530587942804,129.0,20.0,0.9,5.4,0.015503875968992248,0.009433962264150943,0.023255813953488372,0.023255813953488372,1.0,0.0,2.0,0.0,1.0,0.0,2.0
"With younger members in your network staying in classrooms highly, I wander if you have been able observe great changes in comprehension and high academic achievement.",TRUE,FALSE,0.34804869025059143,false_negative,0.6519513097494085,167.0,26.0,0.9230769230769231,5.384615384615385,0.0,0.014285714285714285,0.011976047904191617,0.011976047904191617,0.0,0.0,2.0,0.0,0.0,1.0,1.0
