pattern_id,feature,condition,support_count,support_pct,true_count,false_count,true_rate,false_rate,base_true_rate,lift_TRUE,lift_FALSE,purity,direction,z_score,approx_p_value,confidence,log_odds_ratio_vs_rest,abs_log_odds_ratio
"rare_token_ratio__lte_p10__AND__token_entropy__quantile_(3.875,4.17]",rare_token_ratio + token_entropy,"(rare_token_ratio <= p10 (0)) AND (token_entropy in quantile bin (3.875, 4.17])",164,0.03346938775510204,0,164,0.0,1.0,0.2857142857142857,0.0,1.4,1.0,FALSE,-8.099382692526634,5.523876219533813e-16,0.9999999999999994,-4.927964713121874,4.927964713121874
"rare_token_ratio__eq_0__AND__token_entropy__quantile_(3.875,4.17]",rare_token_ratio + token_entropy,"(rare_token_ratio == 0) AND (token_entropy in quantile bin (3.875, 4.17])",164,0.03346938775510204,0,164,0.0,1.0,0.2857142857142857,0.0,1.4,1.0,FALSE,-8.099382692526634,5.523876219533813e-16,0.9999999999999994,-4.927964713121874,4.927964713121874
"rare_token_ratio__lte_p05__AND__token_entropy__quantile_(3.875,4.17]",rare_token_ratio + token_entropy,"(rare_token_ratio <= p05 (0)) AND (token_entropy in quantile bin (3.875, 4.17])",164,0.03346938775510204,0,164,0.0,1.0,0.2857142857142857,0.0,1.4,1.0,FALSE,-8.099382692526634,5.523876219533813e-16,0.9999999999999994,-4.927964713121874,4.927964713121874
"rare_token_ratio__lte_p10__AND__raw_token_count__quantile_(16.0,20.0]",rare_token_ratio + raw_token_count,"(rare_token_ratio <= p10 (0)) AND (raw_token_count in quantile bin (16.0, 20.0])",149,0.030408163265306123,0,149,0.0,1.0,0.2857142857142857,0.0,1.4,1.0,FALSE,-7.7201036262475125,1.1623516729466727e-14,0.9999999999999883,-4.827864882292837,4.827864882292837
"rare_token_ratio__eq_0__AND__raw_token_count__quantile_(16.0,20.0]",rare_token_ratio + raw_token_count,"(rare_token_ratio == 0) AND (raw_token_count in quantile bin (16.0, 20.0])",149,0.030408163265306123,0,149,0.0,1.0,0.2857142857142857,0.0,1.4,1.0,FALSE,-7.7201036262475125,1.1623516729466727e-14,0.9999999999999883,-4.827864882292837,4.827864882292837
"rare_token_ratio__lte_p05__AND__raw_token_count__quantile_(16.0,20.0]",rare_token_ratio + raw_token_count,"(rare_token_ratio <= p05 (0)) AND (raw_token_count in quantile bin (16.0, 20.0])",149,0.030408163265306123,0,149,0.0,1.0,0.2857142857142857,0.0,1.4,1.0,FALSE,-7.7201036262475125,1.1623516729466727e-14,0.9999999999999883,-4.827864882292837,4.827864882292837
"rare_token_ratio__lte_p10__AND__word_count__quantile_(16.0,20.0]",rare_token_ratio + word_count,"(rare_token_ratio <= p10 (0)) AND (word_count in quantile bin (16.0, 20.0])",148,0.030204081632653063,0,148,0.0,1.0,0.2857142857142857,0.0,1.4,1.0,FALSE,-7.694153624668537,1.4243383917839936e-14,0.9999999999999858,-4.820855118347029,4.820855118347029
"rare_token_ratio__eq_0__AND__word_count__quantile_(16.0,20.0]",rare_token_ratio + word_count,"(rare_token_ratio == 0) AND (word_count in quantile bin (16.0, 20.0])",148,0.030204081632653063,0,148,0.0,1.0,0.2857142857142857,0.0,1.4,1.0,FALSE,-7.694153624668537,1.4243383917839936e-14,0.9999999999999858,-4.820855118347029,4.820855118347029
"rare_token_ratio__lte_p05__AND__word_count__quantile_(16.0,20.0]",rare_token_ratio + word_count,"(rare_token_ratio <= p05 (0)) AND (word_count in quantile bin (16.0, 20.0])",148,0.030204081632653063,0,148,0.0,1.0,0.2857142857142857,0.0,1.4,1.0,FALSE,-7.694153624668537,1.4243383917839936e-14,0.9999999999999858,-4.820855118347029,4.820855118347029
"char_length__quantile_(15.999,96.0]__AND__char_entropy__quantile_(1.745,4.097]",char_length + char_entropy,"(char_length in quantile bin (15.999, 96.0]) AND (char_entropy in quantile bin (1.745, 4.097])",323,0.06591836734693877,1,322,0.0030959752321981426,0.9969040247678018,0.2857142857142857,0.0108359133126935,1.3956656346749226,0.9969040247678018,FALSE,-11.243450105667645,2.4943936427595864e-29,1.0,-4.550343670706708,4.550343670706708
"byte_length__quantile_(15.999,96.0]__AND__char_entropy__quantile_(1.745,4.097]",byte_length + char_entropy,"(byte_length in quantile bin (15.999, 96.0]) AND (char_entropy in quantile bin (1.745, 4.097])",321,0.06551020408163265,1,320,0.003115264797507788,0.9968847352024922,0.2857142857142857,0.010903426791277258,1.395638629283489,0.9968847352024922,FALSE,-11.207821590189049,3.7326699552482443e-29,1.0,-4.54349378108921,4.54349378108921
"token_entropy__quantile_(3.875,4.17]__AND__hapax_token_ratio__eq_0",token_entropy + hapax_token_ratio,"(token_entropy in quantile bin (3.875, 4.17]) AND (hapax_token_ratio == 0)",288,0.05877551020408163,1,287,0.003472222222222222,0.9965277777777778,0.2857142857142857,0.012152777777777778,1.395138888888889,0.9965277777777778,FALSE,-10.602688993311503,2.8953345771707646e-26,1.0,-4.424512096273408,4.424512096273408
"token_entropy__quantile_(3.875,4.17]__AND__hapax_token_ratio__lte_p10",token_entropy + hapax_token_ratio,"(token_entropy in quantile bin (3.875, 4.17]) AND (hapax_token_ratio <= p10 (0))",288,0.05877551020408163,1,287,0.003472222222222222,0.9965277777777778,0.2857142857142857,0.012152777777777778,1.395138888888889,0.9965277777777778,FALSE,-10.602688993311503,2.8953345771707646e-26,1.0,-4.424512096273408,4.424512096273408
"token_entropy__quantile_(3.875,4.17]__AND__hapax_token_ratio__lte_p05",token_entropy + hapax_token_ratio,"(token_entropy in quantile bin (3.875, 4.17]) AND (hapax_token_ratio <= p05 (0))",288,0.05877551020408163,1,287,0.003472222222222222,0.9965277777777778,0.2857142857142857,0.012152777777777778,1.395138888888889,0.9965277777777778,FALSE,-10.602688993311503,2.8953345771707646e-26,1.0,-4.424512096273408,4.424512096273408
"char_entropy__quantile_(1.745,4.097]__AND__compression_ratio__quantile_(0.918,1.5]",char_entropy + compression_ratio,"(char_entropy in quantile bin (1.745, 4.097]) AND (compression_ratio in quantile bin (0.918, 1.5])",211,0.04306122448979592,1,210,0.004739336492890996,0.995260663507109,0.2857142857142857,0.016587677725118485,1.3933649289099526,0.995260663507109,FALSE,-9.034557141820242,1.6466782393216648e-19,1.0,-4.089096046073606,4.089096046073606
"byte_length__quantile_(15.999,96.0]__AND__char_entropy__lte_p10",byte_length + char_entropy,"(byte_length in quantile bin (15.999, 96.0]) AND (char_entropy <= p10 (4.04045))",207,0.04224489795918367,1,206,0.004830917874396135,0.9951690821256038,0.2857142857142857,0.016908212560386472,1.3932367149758453,0.9951690821256038,FALSE,-8.945595089069508,3.6995100090638404e-19,1.0,-4.068695922894556,4.068695922894556
"char_length__quantile_(15.999,96.0]__AND__char_entropy__lte_p10",char_length + char_entropy,"(char_length in quantile bin (15.999, 96.0]) AND (char_entropy <= p10 (4.04045))",207,0.04224489795918367,1,206,0.004830917874396135,0.9951690821256038,0.2857142857142857,0.016908212560386472,1.3932367149758453,0.9951690821256038,FALSE,-8.945595089069508,3.6995100090638404e-19,1.0,-4.068695922894556,4.068695922894556
"raw_token_count__quantile_(0.999,16.0]__AND__char_entropy__quantile_(1.745,4.097]",raw_token_count + char_entropy,"(raw_token_count in quantile bin (0.999, 16.0]) AND (char_entropy in quantile bin (1.745, 4.097])",312,0.0636734693877551,2,310,0.00641025641025641,0.9935897435897436,0.2857142857142857,0.022435897435897436,1.391025641025641,0.9935897435897436,FALSE,-10.920751829101352,9.173328834267974e-28,1.0,-3.997115758832991,3.997115758832991
"raw_token_count__quantile_(0.999,16.0]__AND__char_entropy__lte_p10",raw_token_count + char_entropy,"(raw_token_count in quantile bin (0.999, 16.0]) AND (char_entropy <= p10 (4.04045))",184,0.037551020408163265,1,183,0.005434782608695652,0.9945652173913043,0.2857142857142857,0.019021739130434784,1.392391304347826,0.9945652173913043,FALSE,-8.415855894368832,3.900365460772419e-17,1.0,-3.943653102135606,3.943653102135606
"raw_token_count__quantile_(0.999,16.0]__AND__max_repeated_char_run__lte_p05",raw_token_count + max_repeated_char_run,"(raw_token_count in quantile bin (0.999, 16.0]) AND (max_repeated_char_run <= p05 (1))",180,0.036734693877551024,1,179,0.005555555555555556,0.9944444444444445,0.2857142857142857,0.019444444444444445,1.3922222222222222,0.9944444444444445,FALSE,-8.32028979196171,8.774850486357672e-17,0.9999999999999999,-3.9204086416703814,3.9204086416703814
"word_count__quantile_(-0.001,16.0]__AND__max_repeated_char_run__lte_p05",word_count + max_repeated_char_run,"(word_count in quantile bin (-0.001, 16.0]) AND (max_repeated_char_run <= p05 (1))",173,0.03530612244897959,1,172,0.005780346820809248,0.9942196531791907,0.2857142857142857,0.02023121387283237,1.391907514450867,0.9942196531791907,FALSE,-8.150357274342149,3.6285066125298263e-16,0.9999999999999997,-3.878525406278,3.878525406278
"char_length__quantile_(15.999,96.0]__AND__max_repeated_char_run__lte_p05",char_length + max_repeated_char_run,"(char_length in quantile bin (15.999, 96.0]) AND (max_repeated_char_run <= p05 (1))",163,0.03326530612244898,1,162,0.006134969325153374,0.9938650306748467,0.2857142857142857,0.02147239263803681,1.3914110429447852,0.9938650306748467,FALSE,-7.901269603658214,2.7607677524688334e-15,0.9999999999999972,-3.8158063193192127,3.8158063193192127
"byte_length__quantile_(15.999,96.0]__AND__max_repeated_char_run__lte_p05",byte_length + max_repeated_char_run,"(byte_length in quantile bin (15.999, 96.0]) AND (max_repeated_char_run <= p05 (1))",161,0.032857142857142856,1,160,0.006211180124223602,0.9937888198757764,0.2857142857142857,0.021739130434782608,1.391304347826087,0.9937888198757764,FALSE,-7.850505383897822,4.143640837709961e-15,0.9999999999999959,-3.8028233680518824,3.8028233680518824
"char_length__lte_p10__AND__char_entropy__quantile_(1.745,4.097]",char_length + char_entropy,"(char_length <= p10 (81)) AND (char_entropy in quantile bin (1.745, 4.097])",158,0.03224489795918367,1,157,0.006329113924050633,0.9936708860759493,0.2857142857142857,0.022151898734177215,1.391139240506329,0.9936708860759493,FALSE,-7.773738653841396,7.620287911100822e-15,0.9999999999999923,-3.7830572176189983,3.7830572176189983
"byte_length__lte_p10__AND__char_entropy__quantile_(1.745,4.097]",byte_length + char_entropy,"(byte_length <= p10 (81)) AND (char_entropy in quantile bin (1.745, 4.097])",155,0.03163265306122449,1,154,0.0064516129032258064,0.9935483870967742,0.2857142857142857,0.022580645161290325,1.3909677419354838,0.9935483870967742,FALSE,-7.696207696211544,1.4016391521603399e-14,0.999999999999986,-3.762928994644447,3.762928994644447
"char_entropy__lte_p10__AND__token_entropy__quantile_(3.875,4.17]",char_entropy + token_entropy,"(char_entropy <= p10 (4.04045)) AND (token_entropy in quantile bin (3.875, 4.17])",152,0.031020408163265307,1,151,0.006578947368421052,0.993421052631579,0.2857142857142857,0.023026315789473683,1.3907894736842106,0.993421052631579,FALSE,-7.617889264232268,2.5785735638297106e-14,0.9999999999999742,-3.7424244658484453,3.7424244658484453
"word_count__quantile_(-0.001,16.0]__AND__char_entropy__quantile_(1.745,4.097]",word_count + char_entropy,"(word_count in quantile bin (-0.001, 16.0]) AND (char_entropy in quantile bin (1.745, 4.097])",308,0.06285714285714286,3,305,0.00974025974025974,0.9902597402597403,0.2857142857142857,0.034090909090909095,1.3863636363636365,0.9902597402597403,FALSE,-10.721155806077151,8.098492238023129e-27,1.0,-3.6421281660552,3.6421281660552
"char_entropy__lte_p10__AND__compression_ratio__quantile_(0.918,1.5]",char_entropy + compression_ratio,"(char_entropy <= p10 (4.04045)) AND (compression_ratio in quantile bin (0.918, 1.5])",135,0.027551020408163266,1,134,0.007407407407407408,0.9925925925925926,0.2857142857142857,0.02592592592592593,1.3896296296296295,0.9925925925925926,FALSE,-7.157953359466397,8.189040423976515e-13,0.9999999999991811,-3.618340491903902,3.618340491903902
"byte_length__quantile_(15.999,96.0]__AND__word_count__quantile_(16.0,20.0]",byte_length + word_count,"(byte_length in quantile bin (15.999, 96.0]) AND (word_count in quantile bin (16.0, 20.0])",134,0.027346938775510202,1,133,0.007462686567164179,0.9925373134328358,0.2857142857142857,0.02611940298507463,1.38955223880597,0.9925373134328358,FALSE,-7.129976659441396,1.00385948738005e-12,0.9999999999989961,-3.610580770403129,3.610580770403129
"hapax_token_ratio__eq_0__AND__word_count__quantile_(16.0,20.0]",hapax_token_ratio + word_count,"(hapax_token_ratio == 0) AND (word_count in quantile bin (16.0, 20.0])",269,0.05489795918367347,3,266,0.011152416356877323,0.9888475836431226,0.2857142857142857,0.03903345724907063,1.3843866171003716,0.9888475836431226,FALSE,-9.96814629309011,2.101136404521472e-23,1.0,-3.4934218446557455,3.4934218446557455
"hapax_token_ratio__lte_p10__AND__word_count__quantile_(16.0,20.0]",hapax_token_ratio + word_count,"(hapax_token_ratio <= p10 (0)) AND (word_count in quantile bin (16.0, 20.0])",269,0.05489795918367347,3,266,0.011152416356877323,0.9888475836431226,0.2857142857142857,0.03903345724907063,1.3843866171003716,0.9888475836431226,FALSE,-9.96814629309011,2.101136404521472e-23,1.0,-3.4934218446557455,3.4934218446557455
"hapax_token_ratio__lte_p05__AND__word_count__quantile_(16.0,20.0]",hapax_token_ratio + word_count,"(hapax_token_ratio <= p05 (0)) AND (word_count in quantile bin (16.0, 20.0])",269,0.05489795918367347,3,266,0.011152416356877323,0.9888475836431226,0.2857142857142857,0.03903345724907063,1.3843866171003716,0.9888475836431226,FALSE,-9.96814629309011,2.101136404521472e-23,1.0,-3.4934218446557455,3.4934218446557455
"byte_length__quantile_(15.999,96.0]__AND__char_entropy__lte_p05",byte_length + char_entropy,"(byte_length in quantile bin (15.999, 96.0]) AND (char_entropy <= p05 (3.98924))",118,0.024081632653061225,1,117,0.00847457627118644,0.9915254237288136,0.2857142857142857,0.029661016949152543,1.388135593220339,0.9915254237288136,FALSE,-6.666447736518213,2.6206895153209123e-11,0.9999999999737931,-3.4781775787592775,3.4781775787592775
"char_length__quantile_(15.999,96.0]__AND__char_entropy__lte_p05",char_length + char_entropy,"(char_length in quantile bin (15.999, 96.0]) AND (char_entropy <= p05 (3.98924))",118,0.024081632653061225,1,117,0.00847457627118644,0.9915254237288136,0.2857142857142857,0.029661016949152543,1.388135593220339,0.9915254237288136,FALSE,-6.666447736518213,2.6206895153209123e-11,0.9999999999737931,-3.4781775787592775,3.4781775787592775
"char_entropy__quantile_(1.745,4.097]__AND__byte_length__quantile_(96.0,123.0]",char_entropy + byte_length,"(char_entropy in quantile bin (1.745, 4.097]) AND (byte_length in quantile bin (96.0, 123.0])",262,0.053469387755102044,3,259,0.011450381679389313,0.9885496183206107,0.2857142857142857,0.0400763358778626,1.383969465648855,0.9885496183206107,FALSE,-9.826918164444384,8.621680870906759e-23,1.0,-3.464642474524779,3.464642474524779
char_length__lte_p10__AND__char_entropy__lte_p10,char_length + char_entropy,(char_length <= p10 (81)) AND (char_entropy <= p10 (4.04045)),116,0.0236734693877551,1,115,0.008620689655172414,0.9913793103448276,0.2857142857142857,0.03017241379310345,1.3879310344827587,0.9913793103448276,FALSE,-6.606227469540412,3.942369927022318e-11,0.9999999999605763,-3.460418845883492,3.460418845883492
byte_length__lte_p10__AND__char_entropy__lte_p10,byte_length + char_entropy,(byte_length <= p10 (81)) AND (char_entropy <= p10 (4.04045)),113,0.023061224489795917,1,112,0.008849557522123894,0.9911504424778761,0.2857142857142857,0.030973451327433628,1.3876106194690265,0.9911504424778761,FALSE,-6.514857084530588,7.275889844327346e-11,0.9999999999272411,-3.433215797915651,3.433215797915651
"raw_token_count__lte_p10__AND__char_entropy__quantile_(1.745,4.097]",raw_token_count + char_entropy,"(raw_token_count <= p10 (13)) AND (char_entropy in quantile bin (1.745, 4.097])",113,0.023061224489795917,1,112,0.008849557522123894,0.9911504424778761,0.2857142857142857,0.030973451327433628,1.3876106194690265,0.9911504424778761,FALSE,-6.514857084530588,7.275889844327346e-11,0.9999999999272411,-3.433215797915651,3.433215797915651
"word_count__quantile_(-0.001,16.0]__AND__char_entropy__lte_p10",word_count + char_entropy,"(word_count in quantile bin (-0.001, 16.0]) AND (char_entropy <= p10 (4.04045))",179,0.03653061224489796,2,177,0.0111731843575419,0.9888268156424581,0.2857142857142857,0.03910614525139665,1.3843575418994414,0.9888268156424581,FALSE,-8.130774699049526,4.2655550166858645e-16,0.9999999999999996,-3.3970616662016933,3.3970616662016933
word_count__lte_p10__AND__max_repeated_char_run__lte_p05,word_count + max_repeated_char_run,(word_count <= p10 (14)) AND (max_repeated_char_run <= p05 (1)),105,0.02142857142857143,1,104,0.009523809523809525,0.9904761904761905,0.2857142857142857,0.03333333333333334,1.3866666666666667,0.9904761904761905,FALSE,-6.264716008460931,3.7350547807965716e-10,0.9999999996264946,-3.3570915036208526,3.3570915036208526
"rare_token_ratio__lte_p10__AND__byte_length__quantile_(96.0,123.0]",rare_token_ratio + byte_length,"(rare_token_ratio <= p10 (0)) AND (byte_length in quantile bin (96.0, 123.0])",171,0.03489795918367347,2,169,0.011695906432748537,0.9883040935672515,0.2857142857142857,0.04093567251461988,1.383625730994152,0.9883040935672515,FALSE,-7.931873667869461,2.1586397007488254e-15,0.9999999999999979,-3.3485397755857726,3.3485397755857726
"rare_token_ratio__eq_0__AND__byte_length__quantile_(96.0,123.0]",rare_token_ratio + byte_length,"(rare_token_ratio == 0) AND (byte_length in quantile bin (96.0, 123.0])",171,0.03489795918367347,2,169,0.011695906432748537,0.9883040935672515,0.2857142857142857,0.04093567251461988,1.383625730994152,0.9883040935672515,FALSE,-7.931873667869461,2.1586397007488254e-15,0.9999999999999979,-3.3485397755857726,3.3485397755857726
"rare_token_ratio__lte_p05__AND__byte_length__quantile_(96.0,123.0]",rare_token_ratio + byte_length,"(rare_token_ratio <= p05 (0)) AND (byte_length in quantile bin (96.0, 123.0])",171,0.03489795918367347,2,169,0.011695906432748537,0.9883040935672515,0.2857142857142857,0.04093567251461988,1.383625730994152,0.9883040935672515,FALSE,-7.931873667869461,2.1586397007488254e-15,0.9999999999999979,-3.3485397755857726,3.3485397755857726
word_count__lte_p10__AND__char_entropy__lte_p10,word_count + char_entropy,(word_count <= p10 (14)) AND (char_entropy <= p10 (4.04045)),100,0.02040816326530612,1,99,0.01,0.99,0.2857142857142857,0.035,1.386,0.99,FALSE,-6.103195884124971,1.0396829197580464e-09,0.9999999989603171,-3.306591055226775,3.306591055226775
"word_count__lte_p10__AND__char_entropy__quantile_(1.745,4.097]",word_count + char_entropy,"(word_count <= p10 (14)) AND (char_entropy in quantile bin (1.745, 4.097])",163,0.03326530612244898,2,161,0.012269938650306749,0.9877300613496932,0.2857142857142857,0.04294478527607362,1.3828220858895706,0.9877300613496932,FALSE,-7.727887512041891,1.093458992986314e-14,0.9999999999999891,-3.2977935492648798,3.2977935492648798
"raw_token_count__quantile_(0.999,16.0]__AND__char_entropy__lte_p05",raw_token_count + char_entropy,"(raw_token_count in quantile bin (0.999, 16.0]) AND (char_entropy <= p05 (3.98924))",98,0.02,1,97,0.01020408163265306,0.9897959183673469,0.2857142857142857,0.03571428571428571,1.3857142857142857,0.9897959183673469,FALSE,-6.037383539249432,1.5663312921022279e-09,0.9999999984336687,-3.285697985963139,3.285697985963139
char_length__lte_p10__AND__max_repeated_char_run__lte_p05,char_length + max_repeated_char_run,(char_length <= p10 (81)) AND (max_repeated_char_run <= p05 (1)),95,0.019387755102040816,1,94,0.010526315789473684,0.9894736842105263,0.2857142857142857,0.0368421052631579,1.3852631578947368,0.9894736842105263,FALSE,-5.937304013385909,2.8974708904134575e-09,0.9999999971025291,-3.253564385133318,3.253564385133318
byte_length__lte_p10__AND__max_repeated_char_run__lte_p05,byte_length + max_repeated_char_run,(byte_length <= p10 (81)) AND (max_repeated_char_run <= p05 (1)),92,0.018775510204081632,1,91,0.010869565217391304,0.9891304347826086,0.2857142857142857,0.03804347826086957,1.384782608695652,0.9891304347826086,FALSE,-5.835517189552715,5.3623967611745204e-09,0.9999999946376033,-3.220423241168112,3.220423241168112
"char_entropy__quantile_(1.745,4.097]__AND__char_length__quantile_(96.0,122.0]",char_entropy + char_length,"(char_entropy in quantile bin (1.745, 4.097]) AND (char_length in quantile bin (96.0, 122.0])",256,0.052244897959183675,4,252,0.015625,0.984375,0.2857142857142857,0.0546875,1.378125,0.984375,FALSE,-9.565889922009346,1.112402800029885e-21,1.0,-3.1831096070037863,3.1831096070037863
raw_token_count__lte_p10__AND__max_repeated_char_run__lte_p05,raw_token_count + max_repeated_char_run,(raw_token_count <= p10 (13)) AND (max_repeated_char_run <= p05 (1)),86,0.017551020408163264,1,85,0.011627906976744186,0.9883720930232558,0.2857142857142857,0.040697674418604654,1.3837209302325582,0.9883720930232558,FALSE,-5.626453300631406,1.839525570477321e-08,0.9999999816047443,-3.1508424026181543,3.1508424026181543
"char_entropy__quantile_(1.745,4.097]__AND__compression_ratio__gte_p90",char_entropy + compression_ratio,"(char_entropy in quantile bin (1.745, 4.097]) AND (compression_ratio >= p90 (0.987179))",85,0.017346938775510204,1,84,0.011764705882352941,0.9882352941176471,0.2857142857142857,0.041176470588235294,1.383529411764706,0.9882352941176471,FALSE,-5.590853875645787,2.2595567733311207e-08,0.9999999774044322,-3.1387848209896387,3.1387848209896387
"char_length__quantile_(15.999,96.0]__AND__word_count__quantile_(16.0,20.0]",char_length + word_count,"(char_length in quantile bin (15.999, 96.0]) AND (word_count in quantile bin (16.0, 20.0])",140,0.02857142857142857,2,138,0.014285714285714285,0.9857142857142858,0.2857142857142857,0.05,1.3800000000000001,0.9857142857142858,FALSE,-7.109149034870488,1.1676061212745299e-12,0.9999999999988324,-3.1372950824851578,3.1372950824851578
"char_entropy__lte_p10__AND__byte_length__quantile_(96.0,123.0]",char_entropy + byte_length,"(char_entropy <= p10 (4.04045)) AND (byte_length in quantile bin (96.0, 123.0])",136,0.027755102040816326,2,134,0.014705882352941176,0.9852941176470589,0.2857142857142857,0.05147058823529412,1.3794117647058823,0.9852941176470589,FALSE,-6.996007264651661,2.633598871487387e-12,0.9999999999973664,-3.1068000718244173,3.1068000718244173
compression_ratio__gte_p90__AND__max_repeated_char_run__lte_p05,compression_ratio + max_repeated_char_run,(compression_ratio >= p90 (0.987179)) AND (max_repeated_char_run <= p05 (1)),82,0.01673469387755102,1,81,0.012195121951219513,0.9878048780487805,0.2857142857142857,0.042682926829268296,1.3829268292682926,0.9878048780487805,FALSE,-5.482677821791189,4.1893555300675366e-08,0.9999999581064447,-3.10175860055601,3.10175860055601
"char_entropy__lte_p10__AND__char_length__quantile_(96.0,122.0]",char_entropy + char_length,"(char_entropy <= p10 (4.04045)) AND (char_length in quantile bin (96.0, 122.0])",134,0.027346938775510202,2,132,0.014925373134328358,0.9850746268656716,0.2857142857142857,0.05223880597014926,1.37910447761194,0.9850746268656716,FALSE,-6.938751231793543,3.95581007499185e-12,0.9999999999960442,-3.0912246057934216,3.0912246057934216
"char_length__lte_p05__AND__char_entropy__quantile_(1.745,4.097]",char_length + char_entropy,"(char_length <= p05 (71)) AND (char_entropy in quantile bin (1.745, 4.097])",81,0.01653061224489796,1,80,0.012345679012345678,0.9876543209876543,0.2857142857142857,0.043209876543209874,1.382716049382716,0.9876543209876543,FALSE,-5.446144859178875,5.147322185376379e-08,0.9999999485267781,-3.0891203670708087,3.0891203670708087
"char_entropy__quantile_(1.745,4.097]__AND__token_entropy__quantile_(3.875,4.17]",char_entropy + token_entropy,"(char_entropy in quantile bin (1.745, 4.097]) AND (token_entropy in quantile bin (3.875, 4.17])",283,0.057755102040816325,5,278,0.0176678445229682,0.9823321554770318,0.2857142857142857,0.061837455830388695,1.3752650176678445,0.9823321554770318,FALSE,-9.98162622976901,1.8343533328927302e-23,1.0,-3.087765285291948,3.087765285291948
"char_entropy__lte_p10__AND__raw_token_count__quantile_(16.0,20.0]",char_entropy + raw_token_count,"(char_entropy <= p10 (4.04045)) AND (raw_token_count in quantile bin (16.0, 20.0])",132,0.026938775510204082,2,130,0.015151515151515152,0.9848484848484849,0.2857142857142857,0.05303030303030303,1.3787878787878787,0.9848484848484849,FALSE,-6.8810235320397535,5.942403301799761e-12,0.9999999999940576,-3.0754216272371138,3.0754216272371138
"hapax_token_ratio__eq_0__AND__raw_token_count__quantile_(16.0,20.0]",hapax_token_ratio + raw_token_count,"(hapax_token_ratio == 0) AND (raw_token_count in quantile bin (16.0, 20.0])",272,0.05551020408163265,5,267,0.01838235294117647,0.9816176470588235,0.2857142857142857,0.06433823529411765,1.374264705882353,0.9816176470588235,FALSE,-9.759629483082788,1.6776702023713305e-22,1.0,-3.0440591061873654,3.0440591061873654
"hapax_token_ratio__lte_p10__AND__raw_token_count__quantile_(16.0,20.0]",hapax_token_ratio + raw_token_count,"(hapax_token_ratio <= p10 (0)) AND (raw_token_count in quantile bin (16.0, 20.0])",272,0.05551020408163265,5,267,0.01838235294117647,0.9816176470588235,0.2857142857142857,0.06433823529411765,1.374264705882353,0.9816176470588235,FALSE,-9.759629483082788,1.6776702023713305e-22,1.0,-3.0440591061873654,3.0440591061873654
"hapax_token_ratio__lte_p05__AND__raw_token_count__quantile_(16.0,20.0]",hapax_token_ratio + raw_token_count,"(hapax_token_ratio <= p05 (0)) AND (raw_token_count in quantile bin (16.0, 20.0])",272,0.05551020408163265,5,267,0.01838235294117647,0.9816176470588235,0.2857142857142857,0.06433823529411765,1.374264705882353,0.9816176470588235,FALSE,-9.759629483082788,1.6776702023713305e-22,1.0,-3.0440591061873654,3.0440591061873654
"char_length__quantile_(15.999,96.0]__AND__raw_token_count__quantile_(16.0,20.0]",char_length + raw_token_count,"(char_length in quantile bin (15.999, 96.0]) AND (raw_token_count in quantile bin (16.0, 20.0])",123,0.02510204081632653,2,121,0.016260162601626018,0.983739837398374,0.2857142857142857,0.05691056910569107,1.3772357723577235,0.983739837398374,FALSE,-6.615085002741531,3.713383066474989e-11,0.9999999999628661,-3.0012959950080536,3.0012959950080536
"rare_token_ratio__lte_p10__AND__char_length__quantile_(96.0,122.0]",rare_token_ratio + char_length,"(rare_token_ratio <= p10 (0)) AND (char_length in quantile bin (96.0, 122.0])",167,0.034081632653061224,3,164,0.017964071856287425,0.9820359281437125,0.2857142857142857,0.06287425149700598,1.3748502994011975,0.9820359281437125,FALSE,-7.659247473237004,1.8702570479537582e-14,0.9999999999999813,-2.9799101743956515,2.9799101743956515
"rare_token_ratio__eq_0__AND__char_length__quantile_(96.0,122.0]",rare_token_ratio + char_length,"(rare_token_ratio == 0) AND (char_length in quantile bin (96.0, 122.0])",167,0.034081632653061224,3,164,0.017964071856287425,0.9820359281437125,0.2857142857142857,0.06287425149700598,1.3748502994011975,0.9820359281437125,FALSE,-7.659247473237004,1.8702570479537582e-14,0.9999999999999813,-2.9799101743956515,2.9799101743956515
"rare_token_ratio__lte_p05__AND__char_length__quantile_(96.0,122.0]",rare_token_ratio + char_length,"(rare_token_ratio <= p05 (0)) AND (char_length in quantile bin (96.0, 122.0])",167,0.034081632653061224,3,164,0.017964071856287425,0.9820359281437125,0.2857142857142857,0.06287425149700598,1.3748502994011975,0.9820359281437125,FALSE,-7.659247473237004,1.8702570479537582e-14,0.9999999999999813,-2.9799101743956515,2.9799101743956515
"byte_length__quantile_(15.999,96.0]__AND__raw_token_count__quantile_(16.0,20.0]",byte_length + raw_token_count,"(byte_length in quantile bin (15.999, 96.0]) AND (raw_token_count in quantile bin (16.0, 20.0])",120,0.024489795918367346,2,118,0.016666666666666666,0.9833333333333333,0.2857142857142857,0.058333333333333334,1.3766666666666665,0.9833333333333333,FALSE,-6.524058041842771,6.843020845347249e-11,0.9999999999315697,-2.975407381298102,2.975407381298102
"raw_token_count__quantile_(0.999,16.0]__AND__hapax_token_ratio__eq_0",raw_token_count + hapax_token_ratio,"(raw_token_count in quantile bin (0.999, 16.0]) AND (hapax_token_ratio == 0)",335,0.06836734693877551,7,328,0.020895522388059702,0.9791044776119403,0.2857142857142857,0.07313432835820896,1.3707462686567164,0.9791044776119403,FALSE,-10.729245845720493,7.419924469365101e-27,1.0,-2.9569324647158606,2.9569324647158606
"raw_token_count__quantile_(0.999,16.0]__AND__hapax_token_ratio__lte_p10",raw_token_count + hapax_token_ratio,"(raw_token_count in quantile bin (0.999, 16.0]) AND (hapax_token_ratio <= p10 (0))",335,0.06836734693877551,7,328,0.020895522388059702,0.9791044776119403,0.2857142857142857,0.07313432835820896,1.3707462686567164,0.9791044776119403,FALSE,-10.729245845720493,7.419924469365101e-27,1.0,-2.9569324647158606,2.9569324647158606
"raw_token_count__quantile_(0.999,16.0]__AND__hapax_token_ratio__lte_p05",raw_token_count + hapax_token_ratio,"(raw_token_count in quantile bin (0.999, 16.0]) AND (hapax_token_ratio <= p05 (0))",335,0.06836734693877551,7,328,0.020895522388059702,0.9791044776119403,0.2857142857142857,0.07313432835820896,1.3707462686567164,0.9791044776119403,FALSE,-10.729245845720493,7.419924469365101e-27,1.0,-2.9569324647158606,2.9569324647158606
"char_length__quantile_(15.999,96.0]__AND__hapax_token_ratio__eq_0",char_length + hapax_token_ratio,"(char_length in quantile bin (15.999, 96.0]) AND (hapax_token_ratio == 0)",330,0.0673469387755102,7,323,0.021212121212121213,0.9787878787878788,0.2857142857142857,0.07424242424242425,1.3703030303030301,0.9787878787878788,FALSE,-10.636144778893136,2.023285850572196e-26,1.0,-2.9400199372570843,2.9400199372570843
"char_length__quantile_(15.999,96.0]__AND__hapax_token_ratio__lte_p10",char_length + hapax_token_ratio,"(char_length in quantile bin (15.999, 96.0]) AND (hapax_token_ratio <= p10 (0))",330,0.0673469387755102,7,323,0.021212121212121213,0.9787878787878788,0.2857142857142857,0.07424242424242425,1.3703030303030301,0.9787878787878788,FALSE,-10.636144778893136,2.023285850572196e-26,1.0,-2.9400199372570843,2.9400199372570843
"char_length__quantile_(15.999,96.0]__AND__hapax_token_ratio__lte_p05",char_length + hapax_token_ratio,"(char_length in quantile bin (15.999, 96.0]) AND (hapax_token_ratio <= p05 (0))",330,0.0673469387755102,7,323,0.021212121212121213,0.9787878787878788,0.2857142857142857,0.07424242424242425,1.3703030303030301,0.9787878787878788,FALSE,-10.636144778893136,2.023285850572196e-26,1.0,-2.9400199372570843,2.9400199372570843
"token_entropy__quantile_(-0.001,3.875]__AND__max_repeated_char_run__lte_p05",token_entropy + max_repeated_char_run,"(token_entropy in quantile bin (-0.001, 3.875]) AND (max_repeated_char_run <= p05 (1))",160,0.0326530612244898,3,157,0.01875,0.98125,0.2857142857142857,0.065625,1.3737499999999998,0.98125,FALSE,-7.474999999999999,7.720385414806113e-14,0.9999999999999228,-2.934329253305541,2.934329253305541
char_entropy__lte_p10__AND__max_word_length__lte_p10,char_entropy + max_word_length,(char_entropy <= p10 (4.04045)) AND (max_word_length <= p10 (8)),159,0.032448979591836735,3,156,0.018867924528301886,0.9811320754716981,0.2857142857142857,0.0660377358490566,1.3735849056603773,0.9811320754716981,FALSE,-7.448312459246459,9.454169991078601e-14,0.9999999999999054,-2.9276607619556314,2.9276607619556314
"byte_length__quantile_(15.999,96.0]__AND__hapax_token_ratio__eq_0",byte_length + hapax_token_ratio,"(byte_length in quantile bin (15.999, 96.0]) AND (hapax_token_ratio == 0)",325,0.0663265306122449,7,318,0.021538461538461538,0.9784615384615385,0.2857142857142857,0.07538461538461538,1.369846153846154,0.9784615384615385,FALSE,-10.542237392070488,5.51704749055363e-26,1.0,-2.9228709709603944,2.9228709709603944
"byte_length__quantile_(15.999,96.0]__AND__hapax_token_ratio__lte_p10",byte_length + hapax_token_ratio,"(byte_length in quantile bin (15.999, 96.0]) AND (hapax_token_ratio <= p10 (0))",325,0.0663265306122449,7,318,0.021538461538461538,0.9784615384615385,0.2857142857142857,0.07538461538461538,1.369846153846154,0.9784615384615385,FALSE,-10.542237392070488,5.51704749055363e-26,1.0,-2.9228709709603944,2.9228709709603944
"byte_length__quantile_(15.999,96.0]__AND__hapax_token_ratio__lte_p05",byte_length + hapax_token_ratio,"(byte_length in quantile bin (15.999, 96.0]) AND (hapax_token_ratio <= p05 (0))",325,0.0663265306122449,7,318,0.021538461538461538,0.9784615384615385,0.2857142857142857,0.07538461538461538,1.369846153846154,0.9784615384615385,FALSE,-10.542237392070488,5.51704749055363e-26,1.0,-2.9228709709603944,2.9228709709603944
"hapax_token_ratio__eq_0__AND__char_length__quantile_(96.0,122.0]",hapax_token_ratio + char_length,"(hapax_token_ratio == 0) AND (char_length in quantile bin (96.0, 122.0])",283,0.057755102040816325,6,277,0.02120141342756184,0.9787985865724381,0.2857142857142857,0.07420494699646644,1.3703180212014134,0.9787985865724381,FALSE,-9.850041703199551,6.851554095928542e-23,1.0,-2.916086958601767,2.916086958601767
"hapax_token_ratio__lte_p10__AND__char_length__quantile_(96.0,122.0]",hapax_token_ratio + char_length,"(hapax_token_ratio <= p10 (0)) AND (char_length in quantile bin (96.0, 122.0])",283,0.057755102040816325,6,277,0.02120141342756184,0.9787985865724381,0.2857142857142857,0.07420494699646644,1.3703180212014134,0.9787985865724381,FALSE,-9.850041703199551,6.851554095928542e-23,1.0,-2.916086958601767,2.916086958601767
"hapax_token_ratio__lte_p05__AND__char_length__quantile_(96.0,122.0]",hapax_token_ratio + char_length,"(hapax_token_ratio <= p05 (0)) AND (char_length in quantile bin (96.0, 122.0])",283,0.057755102040816325,6,277,0.02120141342756184,0.9787985865724381,0.2857142857142857,0.07420494699646644,1.3703180212014134,0.9787985865724381,FALSE,-9.850041703199551,6.851554095928542e-23,1.0,-2.916086958601767,2.916086958601767
"char_entropy__quantile_(1.745,4.097]__AND__raw_token_count__quantile_(16.0,20.0]",char_entropy + raw_token_count,"(char_entropy in quantile bin (1.745, 4.097]) AND (raw_token_count in quantile bin (16.0, 20.0])",238,0.04857142857142857,5,233,0.02100840336134454,0.9789915966386554,0.2857142857142857,0.0735294117647059,1.3705882352941177,0.9789915966386554,FALSE,-9.039618680140935,1.5721928476198664e-19,1.0,-2.8976615923485265,2.8976615923485265
"compression_ratio__quantile_(0.918,1.5]__AND__max_repeated_char_run__lte_p05",compression_ratio + max_repeated_char_run,"(compression_ratio in quantile bin (0.918, 1.5]) AND (max_repeated_char_run <= p05 (1))",148,0.030204081632653063,3,145,0.02027027027027027,0.9797297297297297,0.2857142857142857,0.07094594594594596,1.3716216216216215,0.9797297297297297,FALSE,-7.148284617512999,8.786898162101788e-13,0.9999999999991213,-2.8514972535471395,2.8514972535471395
"char_entropy__quantile_(1.745,4.097]__AND__max_word_length__lte_p05",char_entropy + max_word_length,"(char_entropy in quantile bin (1.745, 4.097]) AND (max_word_length <= p05 (7))",106,0.02163265306122449,2,104,0.018867924528301886,0.9811320754716981,0.2857142857142857,0.0660377358490566,1.3735849056603773,0.9811320754716981,FALSE,-6.0815216566561165,1.1904728231271779e-09,0.9999999988095272,-2.8455510835413684,2.8455510835413684
"char_entropy__quantile_(1.745,4.097]__AND__max_word_length__lte_p10",char_entropy + max_word_length,"(char_entropy in quantile bin (1.745, 4.097]) AND (max_word_length <= p10 (8))",221,0.04510204081632653,5,216,0.02262443438914027,0.9773755656108597,0.2857142857142857,0.07918552036199095,1.3683257918552036,0.9773755656108597,FALSE,-8.657615066664372,4.817371476607857e-18,1.0,-2.8168807958479687,2.8168807958479687
"hapax_token_ratio__eq_0__AND__byte_length__quantile_(96.0,123.0]",hapax_token_ratio + byte_length,"(hapax_token_ratio == 0) AND (byte_length in quantile bin (96.0, 123.0])",294,0.06,7,287,0.023809523809523808,0.9761904761904762,0.2857142857142857,0.08333333333333333,1.3666666666666667,0.9761904761904762,FALSE,-9.940657255265702,2.7699344371981504e-23,1.0,-2.8107777218058025,2.8107777218058025
"hapax_token_ratio__lte_p10__AND__byte_length__quantile_(96.0,123.0]",hapax_token_ratio + byte_length,"(hapax_token_ratio <= p10 (0)) AND (byte_length in quantile bin (96.0, 123.0])",294,0.06,7,287,0.023809523809523808,0.9761904761904762,0.2857142857142857,0.08333333333333333,1.3666666666666667,0.9761904761904762,FALSE,-9.940657255265702,2.7699344371981504e-23,1.0,-2.8107777218058025,2.8107777218058025
"hapax_token_ratio__lte_p05__AND__byte_length__quantile_(96.0,123.0]",hapax_token_ratio + byte_length,"(hapax_token_ratio <= p05 (0)) AND (byte_length in quantile bin (96.0, 123.0])",294,0.06,7,287,0.023809523809523808,0.9761904761904762,0.2857142857142857,0.08333333333333333,1.3666666666666667,0.9761904761904762,FALSE,-9.940657255265702,2.7699344371981504e-23,1.0,-2.8107777218058025,2.8107777218058025
"char_length__quantile_(15.999,96.0]__AND__rare_token_ratio__lte_p10",char_length + rare_token_ratio,"(char_length in quantile bin (15.999, 96.0]) AND (rare_token_ratio <= p10 (0))",215,0.04387755102040816,5,210,0.023255813953488372,0.9767441860465116,0.2857142857142857,0.08139534883720931,1.3674418604651162,0.9767441860465116,FALSE,-8.518789083071635,1.6123016090691068e-17,1.0,-2.786950805964214,2.786950805964214
"char_length__quantile_(15.999,96.0]__AND__rare_token_ratio__eq_0",char_length + rare_token_ratio,"(char_length in quantile bin (15.999, 96.0]) AND (rare_token_ratio == 0)",215,0.04387755102040816,5,210,0.023255813953488372,0.9767441860465116,0.2857142857142857,0.08139534883720931,1.3674418604651162,0.9767441860465116,FALSE,-8.518789083071635,1.6123016090691068e-17,1.0,-2.786950805964214,2.786950805964214
"char_length__quantile_(15.999,96.0]__AND__rare_token_ratio__lte_p05",char_length + rare_token_ratio,"(char_length in quantile bin (15.999, 96.0]) AND (rare_token_ratio <= p05 (0))",215,0.04387755102040816,5,210,0.023255813953488372,0.9767441860465116,0.2857142857142857,0.08139534883720931,1.3674418604651162,0.9767441860465116,FALSE,-8.518789083071635,1.6123016090691068e-17,1.0,-2.786950805964214,2.786950805964214
"word_count__quantile_(-0.001,16.0]__AND__hapax_token_ratio__eq_0",word_count + hapax_token_ratio,"(word_count in quantile bin (-0.001, 16.0]) AND (hapax_token_ratio == 0)",322,0.06571428571428571,8,314,0.024844720496894408,0.9751552795031055,0.2857142857142857,0.08695652173913043,1.3652173913043477,0.9751552795031055,FALSE,-10.362138439698548,3.6862698406779634e-25,1.0,-2.7830954696913146,2.7830954696913146
"word_count__quantile_(-0.001,16.0]__AND__hapax_token_ratio__lte_p10",word_count + hapax_token_ratio,"(word_count in quantile bin (-0.001, 16.0]) AND (hapax_token_ratio <= p10 (0))",322,0.06571428571428571,8,314,0.024844720496894408,0.9751552795031055,0.2857142857142857,0.08695652173913043,1.3652173913043477,0.9751552795031055,FALSE,-10.362138439698548,3.6862698406779634e-25,1.0,-2.7830954696913146,2.7830954696913146
"word_count__quantile_(-0.001,16.0]__AND__hapax_token_ratio__lte_p05",word_count + hapax_token_ratio,"(word_count in quantile bin (-0.001, 16.0]) AND (hapax_token_ratio <= p05 (0))",322,0.06571428571428571,8,314,0.024844720496894408,0.9751552795031055,0.2857142857142857,0.08695652173913043,1.3652173913043477,0.9751552795031055,FALSE,-10.362138439698548,3.6862698406779634e-25,1.0,-2.7830954696913146,2.7830954696913146
"byte_length__quantile_(15.999,96.0]__AND__rare_token_ratio__lte_p10",byte_length + rare_token_ratio,"(byte_length in quantile bin (15.999, 96.0]) AND (rare_token_ratio <= p10 (0))",212,0.04326530612244898,5,207,0.02358490566037736,0.9764150943396226,0.2857142857142857,0.08254716981132076,1.3669811320754717,0.9764150943396226,FALSE,-8.448540121741699,2.9496789148477054e-17,1.0,-2.771685192327957,2.771685192327957
"byte_length__quantile_(15.999,96.0]__AND__rare_token_ratio__eq_0",byte_length + rare_token_ratio,"(byte_length in quantile bin (15.999, 96.0]) AND (rare_token_ratio == 0)",212,0.04326530612244898,5,207,0.02358490566037736,0.9764150943396226,0.2857142857142857,0.08254716981132076,1.3669811320754717,0.9764150943396226,FALSE,-8.448540121741699,2.9496789148477054e-17,1.0,-2.771685192327957,2.771685192327957
"byte_length__quantile_(15.999,96.0]__AND__rare_token_ratio__lte_p05",byte_length + rare_token_ratio,"(byte_length in quantile bin (15.999, 96.0]) AND (rare_token_ratio <= p05 (0))",212,0.04326530612244898,5,207,0.02358490566037736,0.9764150943396226,0.2857142857142857,0.08254716981132076,1.3669811320754717,0.9764150943396226,FALSE,-8.448540121741699,2.9496789148477054e-17,1.0,-2.771685192327957,2.771685192327957
"raw_token_count__quantile_(0.999,16.0]__AND__rare_token_ratio__lte_p10",raw_token_count + rare_token_ratio,"(raw_token_count in quantile bin (0.999, 16.0]) AND (rare_token_ratio <= p10 (0))",212,0.04326530612244898,5,207,0.02358490566037736,0.9764150943396226,0.2857142857142857,0.08254716981132076,1.3669811320754717,0.9764150943396226,FALSE,-8.448540121741699,2.9496789148477054e-17,1.0,-2.771685192327957,2.771685192327957
"raw_token_count__quantile_(0.999,16.0]__AND__rare_token_ratio__eq_0",raw_token_count + rare_token_ratio,"(raw_token_count in quantile bin (0.999, 16.0]) AND (rare_token_ratio == 0)",212,0.04326530612244898,5,207,0.02358490566037736,0.9764150943396226,0.2857142857142857,0.08254716981132076,1.3669811320754717,0.9764150943396226,FALSE,-8.448540121741699,2.9496789148477054e-17,1.0,-2.771685192327957,2.771685192327957
"raw_token_count__quantile_(0.999,16.0]__AND__rare_token_ratio__lte_p05",raw_token_count + rare_token_ratio,"(raw_token_count in quantile bin (0.999, 16.0]) AND (rare_token_ratio <= p05 (0))",212,0.04326530612244898,5,207,0.02358490566037736,0.9764150943396226,0.2857142857142857,0.08254716981132076,1.3669811320754717,0.9764150943396226,FALSE,-8.448540121741699,2.9496789148477054e-17,1.0,-2.771685192327957,2.771685192327957
"word_count__quantile_(-0.001,16.0]__AND__rare_token_ratio__lte_p10",word_count + rare_token_ratio,"(word_count in quantile bin (-0.001, 16.0]) AND (rare_token_ratio <= p10 (0))",206,0.04204081632653061,5,201,0.024271844660194174,0.9757281553398058,0.2857142857142857,0.08495145631067962,1.366019417475728,0.9757281553398058,FALSE,-8.306302438159518,9.873039629619161e-17,0.9999999999999999,-2.740523121301213,2.740523121301213
"word_count__quantile_(-0.001,16.0]__AND__rare_token_ratio__eq_0",word_count + rare_token_ratio,"(word_count in quantile bin (-0.001, 16.0]) AND (rare_token_ratio == 0)",206,0.04204081632653061,5,201,0.024271844660194174,0.9757281553398058,0.2857142857142857,0.08495145631067962,1.366019417475728,0.9757281553398058,FALSE,-8.306302438159518,9.873039629619161e-17,0.9999999999999999,-2.740523121301213,2.740523121301213
"word_count__quantile_(-0.001,16.0]__AND__rare_token_ratio__lte_p05",word_count + rare_token_ratio,"(word_count in quantile bin (-0.001, 16.0]) AND (rare_token_ratio <= p05 (0))",206,0.04204081632653061,5,201,0.024271844660194174,0.9757281553398058,0.2857142857142857,0.08495145631067962,1.366019417475728,0.9757281553398058,FALSE,-8.306302438159518,9.873039629619161e-17,0.9999999999999999,-2.740523121301213,2.740523121301213
"char_entropy__lte_p10__AND__word_count__quantile_(16.0,20.0]",char_entropy + word_count,"(char_entropy <= p10 (4.04045)) AND (word_count in quantile bin (16.0, 20.0])",133,0.027142857142857142,3,130,0.022556390977443608,0.9774436090225563,0.2857142857142857,0.07894736842105263,1.3684210526315788,0.9774436090225563,FALSE,-6.7180040895617505,1.842305243113546e-11,0.999999999981577,-2.7382340830031406,2.7382340830031406
"rare_token_ratio__lte_p10__AND__char_entropy__quantile_(1.745,4.097]",rare_token_ratio + char_entropy,"(rare_token_ratio <= p10 (0)) AND (char_entropy in quantile bin (1.745, 4.097])",205,0.04183673469387755,5,200,0.024390243902439025,0.975609756097561,0.2857142857142857,0.08536585365853659,1.3658536585365852,0.975609756097561,FALSE,-8.28236445561349,1.207533649428931e-16,0.9999999999999999,-2.73524495635575,2.73524495635575
"rare_token_ratio__eq_0__AND__char_entropy__quantile_(1.745,4.097]",rare_token_ratio + char_entropy,"(rare_token_ratio == 0) AND (char_entropy in quantile bin (1.745, 4.097])",205,0.04183673469387755,5,200,0.024390243902439025,0.975609756097561,0.2857142857142857,0.08536585365853659,1.3658536585365852,0.975609756097561,FALSE,-8.28236445561349,1.207533649428931e-16,0.9999999999999999,-2.73524495635575,2.73524495635575
"rare_token_ratio__lte_p05__AND__char_entropy__quantile_(1.745,4.097]",rare_token_ratio + char_entropy,"(rare_token_ratio <= p05 (0)) AND (char_entropy in quantile bin (1.745, 4.097])",205,0.04183673469387755,5,200,0.024390243902439025,0.975609756097561,0.2857142857142857,0.08536585365853659,1.3658536585365852,0.975609756097561,FALSE,-8.28236445561349,1.207533649428931e-16,0.9999999999999999,-2.73524495635575,2.73524495635575
"word_count__quantile_(-0.001,16.0]__AND__char_entropy__lte_p05",word_count + char_entropy,"(word_count in quantile bin (-0.001, 16.0]) AND (char_entropy <= p05 (3.98924))",95,0.019387755102040816,2,93,0.021052631578947368,0.9789473684210527,0.2857142857142857,0.0736842105263158,1.3705263157894738,0.9789473684210527,FALSE,-5.710194023802841,1.1284744813735827e-08,0.9999999887152552,-2.731092053491813,2.731092053491813
"byte_length__quantile_(15.999,96.0]__AND__token_entropy__quantile_(3.875,4.17]",byte_length + token_entropy,"(byte_length in quantile bin (15.999, 96.0]) AND (token_entropy in quantile bin (3.875, 4.17])",238,0.04857142857142857,6,232,0.025210084033613446,0.9747899159663865,0.2857142857142857,0.08823529411764706,1.3647058823529412,0.9747899159663865,FALSE,-8.896132669345045,5.782644866174456e-19,1.0,-2.725292812140579,2.725292812140579
"char_entropy__quantile_(1.745,4.097]__AND__word_count__quantile_(16.0,20.0]",char_entropy + word_count,"(char_entropy in quantile bin (1.745, 4.097]) AND (word_count in quantile bin (16.0, 20.0])",234,0.04775510204081632,6,228,0.02564102564102564,0.9743589743589743,0.2857142857142857,0.08974358974358974,1.3641025641025641,0.9743589743589743,FALSE,-8.8064661558338,1.2915307396481327e-18,1.0,-2.7067157427161566,2.7067157427161566
rare_token_ratio__lte_p10__AND__char_entropy__lte_p10,rare_token_ratio + char_entropy,(rare_token_ratio <= p10 (0)) AND (char_entropy <= p10 (4.04045)),123,0.02510204081632653,3,120,0.024390243902439025,0.975609756097561,0.2857142857142857,0.08536585365853659,1.3658536585365852,0.975609756097561,FALSE,-6.4154919207622605,1.403688593795991e-10,0.9999999998596312,-2.6555480829338634,2.6555480829338634
rare_token_ratio__eq_0__AND__char_entropy__lte_p10,rare_token_ratio + char_entropy,(rare_token_ratio == 0) AND (char_entropy <= p10 (4.04045)),123,0.02510204081632653,3,120,0.024390243902439025,0.975609756097561,0.2857142857142857,0.08536585365853659,1.3658536585365852,0.975609756097561,FALSE,-6.4154919207622605,1.403688593795991e-10,0.9999999998596312,-2.6555480829338634,2.6555480829338634
rare_token_ratio__lte_p05__AND__char_entropy__lte_p10,rare_token_ratio + char_entropy,(rare_token_ratio <= p05 (0)) AND (char_entropy <= p10 (4.04045)),123,0.02510204081632653,3,120,0.024390243902439025,0.975609756097561,0.2857142857142857,0.08536585365853659,1.3658536585365852,0.975609756097561,FALSE,-6.4154919207622605,1.403688593795991e-10,0.9999999998596312,-2.6555480829338634,2.6555480829338634
"char_length__quantile_(15.999,96.0]__AND__token_entropy__quantile_(3.875,4.17]",char_length + token_entropy,"(char_length in quantile bin (15.999, 96.0]) AND (token_entropy in quantile bin (3.875, 4.17])",244,0.04979591836734694,7,237,0.028688524590163935,0.9713114754098361,0.2857142857142857,0.10040983606557378,1.3598360655737705,0.9713114754098361,FALSE,-8.887295223713604,6.261447682705334e-19,1.0,-2.604282931779162,2.604282931779162
"char_length__quantile_(15.999,96.0]__AND__max_word_length__lte_p10",char_length + max_word_length,"(char_length in quantile bin (15.999, 96.0]) AND (max_word_length <= p10 (8))",358,0.07306122448979592,11,347,0.030726256983240222,0.9692737430167597,0.2857142857142857,0.10754189944134078,1.3569832402234636,0.9692737430167597,FALSE,-10.679707170676386,1.2667059125677113e-26,1.0,-2.588848652714495,2.588848652714495
"byte_length__quantile_(15.999,96.0]__AND__max_word_length__lte_p10",byte_length + max_word_length,"(byte_length in quantile bin (15.999, 96.0]) AND (max_word_length <= p10 (8))",355,0.07244897959183673,11,344,0.030985915492957747,0.9690140845070423,0.2857142857142857,0.10845070422535212,1.3566197183098592,0.9690140845070423,FALSE,-10.624035996036083,2.30380035159472e-26,1.0,-2.579227206459387,2.579227206459387
char_entropy__lte_p10__AND__max_word_length__lte_p05,char_entropy + max_word_length,(char_entropy <= p10 (4.04045)) AND (max_word_length <= p05 (7)),82,0.01673469387755102,2,80,0.024390243902439025,0.975609756097561,0.2857142857142857,0.08536585365853659,1.3658536585365852,0.975609756097561,FALSE,-5.2382272182718355,1.621263832575431e-07,0.9999998378736168,-2.577579946991324,2.577579946991324
"byte_length__quantile_(15.999,96.0]__AND__char_length__quantile_(15.999,96.0]",byte_length + char_length,"(byte_length in quantile bin (15.999, 96.0]) AND (char_length in quantile bin (15.999, 96.0])",1001,0.2042857142857143,40,961,0.03996003996003996,0.9600399600399601,0.2857142857142857,0.13986013986013987,1.344055944055944,0.9600399600399601,FALSE,-17.211396452123452,2.1810827220352655e-66,1.0,-2.5430776588983424,2.5430776588983424
"char_entropy__quantile_(1.745,4.097]__AND__hapax_token_ratio__eq_0",char_entropy + hapax_token_ratio,"(char_entropy in quantile bin (1.745, 4.097]) AND (hapax_token_ratio == 0)",351,0.07163265306122449,12,339,0.03418803418803419,0.9658119658119658,0.2857142857142857,0.11965811965811968,1.3521367521367522,0.9658119658119658,FALSE,-10.431215480961766,1.7858898737649477e-25,1.0,-2.4789227319386815,2.4789227319386815
"char_entropy__quantile_(1.745,4.097]__AND__hapax_token_ratio__lte_p10",char_entropy + hapax_token_ratio,"(char_entropy in quantile bin (1.745, 4.097]) AND (hapax_token_ratio <= p10 (0))",351,0.07163265306122449,12,339,0.03418803418803419,0.9658119658119658,0.2857142857142857,0.11965811965811968,1.3521367521367522,0.9658119658119658,FALSE,-10.431215480961766,1.7858898737649477e-25,1.0,-2.4789227319386815,2.4789227319386815
"char_entropy__quantile_(1.745,4.097]__AND__hapax_token_ratio__lte_p05",char_entropy + hapax_token_ratio,"(char_entropy in quantile bin (1.745, 4.097]) AND (hapax_token_ratio <= p05 (0))",351,0.07163265306122449,12,339,0.03418803418803419,0.9658119658119658,0.2857142857142857,0.11965811965811968,1.3521367521367522,0.9658119658119658,FALSE,-10.431215480961766,1.7858898737649477e-25,1.0,-2.4789227319386815,2.4789227319386815
"compression_ratio__quantile_(0.918,1.5]__AND__hapax_token_ratio__eq_0",compression_ratio + hapax_token_ratio,"(compression_ratio in quantile bin (0.918, 1.5]) AND (hapax_token_ratio == 0)",270,0.05510204081632653,9,261,0.03333333333333333,0.9666666666666667,0.2857142857142857,0.11666666666666667,1.3533333333333333,0.9666666666666667,FALSE,-9.17986928011505,4.316150580517138e-20,1.0,-2.470105789974416,2.470105789974416
"compression_ratio__quantile_(0.918,1.5]__AND__hapax_token_ratio__lte_p10",compression_ratio + hapax_token_ratio,"(compression_ratio in quantile bin (0.918, 1.5]) AND (hapax_token_ratio <= p10 (0))",270,0.05510204081632653,9,261,0.03333333333333333,0.9666666666666667,0.2857142857142857,0.11666666666666667,1.3533333333333333,0.9666666666666667,FALSE,-9.17986928011505,4.316150580517138e-20,1.0,-2.470105789974416,2.470105789974416
"compression_ratio__quantile_(0.918,1.5]__AND__hapax_token_ratio__lte_p05",compression_ratio + hapax_token_ratio,"(compression_ratio in quantile bin (0.918, 1.5]) AND (hapax_token_ratio <= p05 (0))",270,0.05510204081632653,9,261,0.03333333333333333,0.9666666666666667,0.2857142857142857,0.11666666666666667,1.3533333333333333,0.9666666666666667,FALSE,-9.17986928011505,4.316150580517138e-20,1.0,-2.470105789974416,2.470105789974416
"char_length__quantile_(15.999,96.0]__AND__byte_length__lte_p10",char_length + byte_length,"(char_length in quantile bin (15.999, 96.0]) AND (byte_length <= p10 (81))",491,0.10020408163265306,18,473,0.03665987780040733,0.9633401221995926,0.2857142857142857,0.12830957230142567,1.3486761710794297,0.9633401221995926,FALSE,-12.216112361221795,2.5498976777315176e-34,1.0,-2.4585374385110965,2.4585374385110965
byte_length__lte_p10__AND__char_length__lte_p10,byte_length + char_length,(byte_length <= p10 (81)) AND (char_length <= p10 (81)),491,0.10020408163265306,18,473,0.03665987780040733,0.9633401221995926,0.2857142857142857,0.12830957230142567,1.3486761710794297,0.9633401221995926,FALSE,-12.216112361221795,2.5498976777315176e-34,1.0,-2.4585374385110965,2.4585374385110965
char_length__lte_p10__AND__max_word_length__lte_p10,char_length + max_word_length,(char_length <= p10 (81)) AND (max_word_length <= p10 (8)),239,0.048775510204081635,8,231,0.03347280334728033,0.9665271966527197,0.2857142857142857,0.11715481171548117,1.3531380753138076,0.9665271966527197,FALSE,-8.632041119643338,6.0266709398670175e-18,1.0,-2.4509773348301263,2.4509773348301263
"byte_length__quantile_(15.999,96.0]__AND__char_length__lte_p10",byte_length + char_length,"(byte_length in quantile bin (15.999, 96.0]) AND (char_length <= p10 (81))",505,0.10306122448979592,19,486,0.03762376237623762,0.9623762376237623,0.2857142857142857,0.1316831683168317,1.3473267326732672,0.9623762376237623,FALSE,-12.341100934569317,5.440680276546397e-35,1.0,-2.4365583224903697,2.4365583224903697
"char_length__quantile_(15.999,96.0]__AND__max_word_length__lte_p05",char_length + max_word_length,"(char_length in quantile bin (15.999, 96.0]) AND (max_word_length <= p05 (7))",182,0.037142857142857144,6,176,0.03296703296703297,0.967032967032967,0.2857142857142857,0.11538461538461539,1.353846153846154,0.967032967032967,FALSE,-7.547796418109775,4.426841744452576e-14,0.9999999999999557,-2.432735340696794,2.432735340696794
"byte_length__lte_p10__AND__raw_token_count__quantile_(0.999,16.0]",byte_length + raw_token_count,"(byte_length <= p10 (81)) AND (raw_token_count in quantile bin (0.999, 16.0])",477,0.0973469387755102,18,459,0.03773584905660377,0.9622641509433962,0.2857142857142857,0.1320754716981132,1.3471698113207546,0.9622641509433962,FALSE,-11.988673900260714,4.07374571156093e-33,1.0,-2.4239108493471924,2.4239108493471924
"byte_length__quantile_(15.999,96.0]__AND__max_word_length__lte_p05",byte_length + max_word_length,"(byte_length in quantile bin (15.999, 96.0]) AND (max_word_length <= p05 (7))",180,0.036734693877551024,6,174,0.03333333333333333,0.9666666666666667,0.2857142857142857,0.11666666666666667,1.3533333333333333,0.9666666666666667,FALSE,-7.495331880577404,6.613081850340811e-14,0.9999999999999338,-2.420737792626492,2.420737792626492
"byte_length__lte_p10__AND__word_count__quantile_(-0.001,16.0]",byte_length + word_count,"(byte_length <= p10 (81)) AND (word_count in quantile bin (-0.001, 16.0])",475,0.09693877551020408,18,457,0.037894736842105266,0.9621052631578947,0.2857142857142857,0.13263157894736843,1.3469473684210524,0.9621052631578947,FALSE,-11.955848601812992,6.051225061154319e-33,1.0,-2.4188914380938074,2.4188914380938074
char_entropy__lte_p05__AND__max_word_length__lte_p10,char_entropy + max_word_length,(char_entropy <= p05 (3.98924)) AND (max_word_length <= p10 (8)),98,0.02,3,95,0.030612244897959183,0.9693877551020408,0.2857142857142857,0.10714285714285715,1.357142857142857,0.9693877551020408,FALSE,-5.5901699437494745,2.268474859260088e-08,0.9999999773152514,-2.4156564333391977,2.4156564333391977
"byte_length__lte_p10__AND__compression_ratio__quantile_(0.918,1.5]",byte_length + compression_ratio,"(byte_length <= p10 (81)) AND (compression_ratio in quantile bin (0.918, 1.5])",473,0.09653061224489796,18,455,0.03805496828752643,0.9619450317124736,0.2857142857142857,0.1331923890063425,1.346723044397463,0.9619450317124736,FALSE,-11.922937901497258,8.988209225288773e-33,1.0,-2.4138533477356843,2.4138533477356843
byte_length__lte_p10__AND__max_word_length__lte_p10,byte_length + max_word_length,(byte_length <= p10 (81)) AND (max_word_length <= p10 (8)),231,0.047142857142857146,8,223,0.03463203463203463,0.9653679653679653,0.2857142857142857,0.12121212121212122,1.3515151515151513,0.9653679653679653,FALSE,-8.447341342551262,2.9801144800460835e-17,1.0,-2.413365006720937,2.413365006720937
"byte_length__quantile_(15.999,96.0]__AND__raw_token_count__quantile_(0.999,16.0]",byte_length + raw_token_count,"(byte_length in quantile bin (15.999, 96.0]) AND (raw_token_count in quantile bin (0.999, 16.0])",877,0.1789795918367347,38,839,0.043329532497149374,0.9566704675028507,0.2857142857142857,0.1516533637400228,1.339338654503991,0.9566704675028507,FALSE,-15.889240351601746,7.523375278631825e-57,1.0,-2.412579609148444,2.412579609148444
"token_entropy__quantile_(-0.001,3.875]__AND__rare_token_ratio__lte_p10",token_entropy + rare_token_ratio,"(token_entropy in quantile bin (-0.001, 3.875]) AND (rare_token_ratio <= p10 (0))",178,0.036326530612244896,6,172,0.033707865168539325,0.9662921348314607,0.2857142857142857,0.11797752808988764,1.3528089887640449,0.9662921348314607,FALSE,-7.442513771297643,9.878715692657505e-14,0.9999999999999012,-2.4086092355966082,2.4086092355966082
"token_entropy__quantile_(-0.001,3.875]__AND__rare_token_ratio__eq_0",token_entropy + rare_token_ratio,"(token_entropy in quantile bin (-0.001, 3.875]) AND (rare_token_ratio == 0)",178,0.036326530612244896,6,172,0.033707865168539325,0.9662921348314607,0.2857142857142857,0.11797752808988764,1.3528089887640449,0.9662921348314607,FALSE,-7.442513771297643,9.878715692657505e-14,0.9999999999999012,-2.4086092355966082,2.4086092355966082
"token_entropy__quantile_(-0.001,3.875]__AND__rare_token_ratio__lte_p05",token_entropy + rare_token_ratio,"(token_entropy in quantile bin (-0.001, 3.875]) AND (rare_token_ratio <= p05 (0))",178,0.036326530612244896,6,172,0.033707865168539325,0.9662921348314607,0.2857142857142857,0.11797752808988764,1.3528089887640449,0.9662921348314607,FALSE,-7.442513771297643,9.878715692657505e-14,0.9999999999999012,-2.4086092355966082,2.4086092355966082
"byte_length__quantile_(15.999,96.0]__AND__char_length__lte_p05",byte_length + char_length,"(byte_length in quantile bin (15.999, 96.0]) AND (char_length <= p05 (71))",255,0.05204081632653061,9,246,0.03529411764705882,0.9647058823529412,0.2857142857142857,0.12352941176470589,1.3505882352941176,0.9647058823529412,FALSE,-8.851919034211468,8.602710283168131e-19,1.0,-2.4064138428297532,2.4064138428297532
"char_length__lte_p05__AND__word_count__quantile_(-0.001,16.0]",char_length + word_count,"(char_length <= p05 (71)) AND (word_count in quantile bin (-0.001, 16.0])",255,0.05204081632653061,9,246,0.03529411764705882,0.9647058823529412,0.2857142857142857,0.12352941176470589,1.3505882352941176,0.9647058823529412,FALSE,-8.851919034211468,8.602710283168131e-19,1.0,-2.4064138428297532,2.4064138428297532
"char_length__lte_p05__AND__raw_token_count__quantile_(0.999,16.0]",char_length + raw_token_count,"(char_length <= p05 (71)) AND (raw_token_count in quantile bin (0.999, 16.0])",255,0.05204081632653061,9,246,0.03529411764705882,0.9647058823529412,0.2857142857142857,0.12352941176470589,1.3505882352941176,0.9647058823529412,FALSE,-8.851919034211468,8.602710283168131e-19,1.0,-2.4064138428297532,2.4064138428297532
byte_length__lte_p10__AND__char_length__lte_p05,byte_length + char_length,(byte_length <= p10 (81)) AND (char_length <= p05 (71)),254,0.05183673469387755,9,245,0.03543307086614173,0.9645669291338582,0.2857142857142857,0.12401574803149606,1.3503937007874014,0.9645669291338582,FALSE,-8.829643165224564,1.0501019608867228e-18,1.0,-2.402041576917109,2.402041576917109
char_length__lte_p10__AND__hapax_token_ratio__eq_0,char_length + hapax_token_ratio,(char_length <= p10 (81)) AND (hapax_token_ratio == 0),150,0.030612244897959183,5,145,0.03333333333333333,0.9666666666666667,0.2857142857142857,0.11666666666666667,1.3533333333333333,0.9666666666666667,FALSE,-6.842270578299769,7.794767939438321e-12,0.9999999999922052,-2.398079977751205,2.398079977751205
char_length__lte_p10__AND__hapax_token_ratio__lte_p10,char_length + hapax_token_ratio,(char_length <= p10 (81)) AND (hapax_token_ratio <= p10 (0)),150,0.030612244897959183,5,145,0.03333333333333333,0.9666666666666667,0.2857142857142857,0.11666666666666667,1.3533333333333333,0.9666666666666667,FALSE,-6.842270578299769,7.794767939438321e-12,0.9999999999922052,-2.398079977751205,2.398079977751205
char_length__lte_p10__AND__hapax_token_ratio__lte_p05,char_length + hapax_token_ratio,(char_length <= p10 (81)) AND (hapax_token_ratio <= p05 (0)),150,0.030612244897959183,5,145,0.03333333333333333,0.9666666666666667,0.2857142857142857,0.11666666666666667,1.3533333333333333,0.9666666666666667,FALSE,-6.842270578299769,7.794767939438321e-12,0.9999999999922052,-2.398079977751205,2.398079977751205
"char_length__lte_p05__AND__token_entropy__quantile_(-0.001,3.875]",char_length + token_entropy,"(char_length <= p05 (71)) AND (token_entropy in quantile bin (-0.001, 3.875])",249,0.050816326530612244,9,240,0.03614457831325301,0.963855421686747,0.2857142857142857,0.12650602409638553,1.3493975903614457,0.963855421686747,FALSE,-8.7174523746112,2.8453143451564755e-18,1.0,-2.379930035072009,2.379930035072009
"char_length__lte_p05__AND__compression_ratio__quantile_(0.918,1.5]",char_length + compression_ratio,"(char_length <= p05 (71)) AND (compression_ratio in quantile bin (0.918, 1.5])",249,0.050816326530612244,9,240,0.03614457831325301,0.963855421686747,0.2857142857142857,0.12650602409638553,1.3493975903614457,0.963855421686747,FALSE,-8.7174523746112,2.8453143451564755e-18,1.0,-2.379930035072009,2.379930035072009
"rare_token_ratio__lte_p10__AND__compression_ratio__quantile_(0.918,1.5]",rare_token_ratio + compression_ratio,"(rare_token_ratio <= p10 (0)) AND (compression_ratio in quantile bin (0.918, 1.5])",173,0.03530612244897959,6,167,0.03468208092485549,0.9653179190751445,0.2857142857142857,0.12138728323699421,1.3514450867052024,0.9653179190751445,FALSE,-7.308874959882044,2.6938830057597514e-13,0.9999999999997307,-2.377694299372959,2.377694299372959
"rare_token_ratio__eq_0__AND__compression_ratio__quantile_(0.918,1.5]",rare_token_ratio + compression_ratio,"(rare_token_ratio == 0) AND (compression_ratio in quantile bin (0.918, 1.5])",173,0.03530612244897959,6,167,0.03468208092485549,0.9653179190751445,0.2857142857142857,0.12138728323699421,1.3514450867052024,0.9653179190751445,FALSE,-7.308874959882044,2.6938830057597514e-13,0.9999999999997307,-2.377694299372959,2.377694299372959
"rare_token_ratio__lte_p05__AND__compression_ratio__quantile_(0.918,1.5]",rare_token_ratio + compression_ratio,"(rare_token_ratio <= p05 (0)) AND (compression_ratio in quantile bin (0.918, 1.5])",173,0.03530612244897959,6,167,0.03468208092485549,0.9653179190751445,0.2857142857142857,0.12138728323699421,1.3514450867052024,0.9653179190751445,FALSE,-7.308874959882044,2.6938830057597514e-13,0.9999999999997307,-2.377694299372959,2.377694299372959
"char_length__quantile_(15.999,96.0]__AND__raw_token_count__quantile_(0.999,16.0]",char_length + raw_token_count,"(char_length in quantile bin (15.999, 96.0]) AND (raw_token_count in quantile bin (0.999, 16.0])",890,0.1816326530612245,40,850,0.0449438202247191,0.9550561797752809,0.2857142857142857,0.15730337078651685,1.3370786516853932,0.9550561797752809,FALSE,-15.899968200095397,6.339692557663718e-57,1.0,-2.377626415518863,2.377626415518863
"char_length__quantile_(15.999,96.0]__AND__byte_length__lte_p05",char_length + byte_length,"(char_length in quantile bin (15.999, 96.0]) AND (byte_length <= p05 (71))",248,0.05061224489795919,9,239,0.036290322580645164,0.9637096774193549,0.2857142857142857,0.1270161290322581,1.3491935483870967,0.9637096774193549,FALSE,-8.694849235369551,3.472906112753059e-18,1.0,-2.3754567079742697,2.3754567079742697
char_length__lte_p05__AND__byte_length__lte_p05,char_length + byte_length,(char_length <= p05 (71)) AND (byte_length <= p05 (71)),248,0.05061224489795919,9,239,0.036290322580645164,0.9637096774193549,0.2857142857142857,0.1270161290322581,1.3491935483870967,0.9637096774193549,FALSE,-8.694849235369551,3.472906112753059e-18,1.0,-2.3754567079742697,2.3754567079742697
char_length__lte_p10__AND__byte_length__lte_p05,char_length + byte_length,(char_length <= p10 (81)) AND (byte_length <= p05 (71)),248,0.05061224489795919,9,239,0.036290322580645164,0.9637096774193549,0.2857142857142857,0.1270161290322581,1.3491935483870967,0.9637096774193549,FALSE,-8.694849235369551,3.472906112753059e-18,1.0,-2.3754567079742697,2.3754567079742697
char_entropy__lte_p05__AND__hapax_token_ratio__eq_0,char_entropy + hapax_token_ratio,(char_entropy <= p05 (3.98924)) AND (hapax_token_ratio == 0),94,0.019183673469387756,3,91,0.031914893617021274,0.9680851063829787,0.2857142857142857,0.11170212765957446,1.3553191489361702,0.9680851063829787,FALSE,-5.446939409996242,5.1243909218313934e-08,0.9999999487560908,-2.371695276854654,2.371695276854654
char_entropy__lte_p05__AND__hapax_token_ratio__lte_p10,char_entropy + hapax_token_ratio,(char_entropy <= p05 (3.98924)) AND (hapax_token_ratio <= p10 (0)),94,0.019183673469387756,3,91,0.031914893617021274,0.9680851063829787,0.2857142857142857,0.11170212765957446,1.3553191489361702,0.9680851063829787,FALSE,-5.446939409996242,5.1243909218313934e-08,0.9999999487560908,-2.371695276854654,2.371695276854654
char_entropy__lte_p05__AND__hapax_token_ratio__lte_p05,char_entropy + hapax_token_ratio,(char_entropy <= p05 (3.98924)) AND (hapax_token_ratio <= p05 (0)),94,0.019183673469387756,3,91,0.031914893617021274,0.9680851063829787,0.2857142857142857,0.11170212765957446,1.3553191489361702,0.9680851063829787,FALSE,-5.446939409996242,5.1243909218313934e-08,0.9999999487560908,-2.371695276854654,2.371695276854654
"byte_length__lte_p05__AND__word_count__quantile_(-0.001,16.0]",byte_length + word_count,"(byte_length <= p05 (71)) AND (word_count in quantile bin (-0.001, 16.0])",247,0.05040816326530612,9,238,0.03643724696356275,0.9635627530364372,0.2857142857142857,0.12753036437246965,1.348987854251012,0.9635627530364372,FALSE,-8.672190184209125,4.238868906690813e-18,1.0,-2.370966041056897,2.370966041056897
"byte_length__lte_p05__AND__raw_token_count__quantile_(0.999,16.0]",byte_length + raw_token_count,"(byte_length <= p05 (71)) AND (raw_token_count in quantile bin (0.999, 16.0])",247,0.05040816326530612,9,238,0.03643724696356275,0.9635627530364372,0.2857142857142857,0.12753036437246965,1.348987854251012,0.9635627530364372,FALSE,-8.672190184209125,4.238868906690813e-18,1.0,-2.370966041056897,2.370966041056897
"raw_token_count__quantile_(0.999,16.0]__AND__max_word_length__lte_p10",raw_token_count + max_word_length,"(raw_token_count in quantile bin (0.999, 16.0]) AND (max_word_length <= p10 (8))",294,0.06,11,283,0.03741496598639456,0.9625850340136054,0.2857142857142857,0.13095238095238096,1.3476190476190475,0.9625850340136054,FALSE,-9.42425947577138,4.3315115258606646e-21,1.0,-2.365204397510879,2.365204397510879
"byte_length__quantile_(15.999,96.0]__AND__word_count__quantile_(-0.001,16.0]",byte_length + word_count,"(byte_length in quantile bin (15.999, 96.0]) AND (word_count in quantile bin (-0.001, 16.0])",863,0.17612244897959184,39,824,0.04519119351100811,0.9548088064889919,0.2857142857142857,0.1581691772885284,1.3367323290845887,0.9548088064889919,FALSE,-15.640845152355215,3.836028934993765e-55,1.0,-2.3625535323729556,2.3625535323729556
byte_length__lte_p10__AND__hapax_token_ratio__eq_0,byte_length + hapax_token_ratio,(byte_length <= p10 (81)) AND (hapax_token_ratio == 0),145,0.02959183673469388,5,140,0.034482758620689655,0.9655172413793104,0.2857142857142857,0.1206896551724138,1.3517241379310345,0.9655172413793104,FALSE,-6.696628075845849,2.1328352655948498e-11,0.9999999999786716,-2.3616223981017312,2.3616223981017312
byte_length__lte_p10__AND__hapax_token_ratio__lte_p10,byte_length + hapax_token_ratio,(byte_length <= p10 (81)) AND (hapax_token_ratio <= p10 (0)),145,0.02959183673469388,5,140,0.034482758620689655,0.9655172413793104,0.2857142857142857,0.1206896551724138,1.3517241379310345,0.9655172413793104,FALSE,-6.696628075845849,2.1328352655948498e-11,0.9999999999786716,-2.3616223981017312,2.3616223981017312
byte_length__lte_p10__AND__hapax_token_ratio__lte_p05,byte_length + hapax_token_ratio,(byte_length <= p10 (81)) AND (hapax_token_ratio <= p05 (0)),145,0.02959183673469388,5,140,0.034482758620689655,0.9655172413793104,0.2857142857142857,0.1206896551724138,1.3517241379310345,0.9655172413793104,FALSE,-6.696628075845849,2.1328352655948498e-11,0.9999999999786716,-2.3616223981017312,2.3616223981017312
"char_length__lte_p10__AND__raw_token_count__quantile_(0.999,16.0]",char_length + raw_token_count,"(char_length <= p10 (81)) AND (raw_token_count in quantile bin (0.999, 16.0])",492,0.10040816326530612,20,472,0.04065040650406504,0.959349593495935,0.2857142857142857,0.14227642276422764,1.3430894308943089,0.959349593495935,FALSE,-12.03261151360744,2.394644394211226e-33,1.0,-2.3519911657386423,2.3519911657386423
"char_length__quantile_(15.999,96.0]__AND__word_count__quantile_(-0.001,16.0]",char_length + word_count,"(char_length in quantile bin (15.999, 96.0]) AND (word_count in quantile bin (-0.001, 16.0])",873,0.17816326530612245,40,833,0.045819014891179836,0.9541809851088202,0.2857142857142857,0.16036655211912942,1.3358533791523484,0.9541809851088202,FALSE,-15.690141073893223,1.7666253278610255e-55,1.0,-2.3510423031257477,2.3510423031257477
"token_entropy__quantile_(-0.001,3.875]__AND__hapax_token_ratio__eq_0",token_entropy + hapax_token_ratio,"(token_entropy in quantile bin (-0.001, 3.875]) AND (hapax_token_ratio == 0)",290,0.05918367346938776,11,279,0.03793103448275862,0.9620689655172414,0.2857142857142857,0.1327586206896552,1.346896551724138,0.9620689655172414,FALSE,-9.340475510305708,9.590243403910407e-21,1.0,-2.3497521378298107,2.3497521378298107
"token_entropy__quantile_(-0.001,3.875]__AND__hapax_token_ratio__lte_p10",token_entropy + hapax_token_ratio,"(token_entropy in quantile bin (-0.001, 3.875]) AND (hapax_token_ratio <= p10 (0))",290,0.05918367346938776,11,279,0.03793103448275862,0.9620689655172414,0.2857142857142857,0.1327586206896552,1.346896551724138,0.9620689655172414,FALSE,-9.340475510305708,9.590243403910407e-21,1.0,-2.3497521378298107,2.3497521378298107
"token_entropy__quantile_(-0.001,3.875]__AND__hapax_token_ratio__lte_p05",token_entropy + hapax_token_ratio,"(token_entropy in quantile bin (-0.001, 3.875]) AND (hapax_token_ratio <= p05 (0))",290,0.05918367346938776,11,279,0.03793103448275862,0.9620689655172414,0.2857142857142857,0.1327586206896552,1.346896551724138,0.9620689655172414,FALSE,-9.340475510305708,9.590243403910407e-21,1.0,-2.3497521378298107,2.3497521378298107
"byte_length__lte_p05__AND__token_entropy__quantile_(-0.001,3.875]",byte_length + token_entropy,"(byte_length <= p05 (71)) AND (token_entropy in quantile bin (-0.001, 3.875])",242,0.04938775510204082,9,233,0.0371900826446281,0.9628099173553719,0.2857142857142857,0.13016528925619836,1.3479338842975206,0.9628099173553719,FALSE,-8.558041986612832,1.1480055747890753e-17,1.0,-2.348247413970025,2.348247413970025
"byte_length__lte_p10__AND__token_entropy__quantile_(-0.001,3.875]",byte_length + token_entropy,"(byte_length <= p10 (81)) AND (token_entropy in quantile bin (-0.001, 3.875])",447,0.09122448979591836,18,429,0.040268456375838924,0.959731543624161,0.2857142857142857,0.14093959731543623,1.3436241610738253,0.959731543624161,FALSE,-11.48702214903188,1.5330582232733212e-30,1.0,-2.3465784221325388,2.3465784221325388
"char_length__lte_p10__AND__compression_ratio__quantile_(0.918,1.5]",char_length + compression_ratio,"(char_length <= p10 (81)) AND (compression_ratio in quantile bin (0.918, 1.5])",489,0.09979591836734694,20,469,0.0408997955010225,0.9591002044989775,0.2857142857142857,0.14314928425357876,1.3427402862985685,0.9591002044989775,FALSE,-11.983663044290765,4.3277002834505654e-33,1.0,-2.3446316183623788,2.3446316183623788
char_length__lte_p05__AND__word_count__lte_p10,char_length + word_count,(char_length <= p05 (71)) AND (word_count <= p10 (14)),241,0.049183673469387755,9,232,0.03734439834024896,0.9626556016597511,0.2857142857142857,0.13070539419087138,1.3477178423236515,0.9626556016597511,FALSE,-8.535038838037293,1.4010835550087518e-17,1.0,-2.343649564334077,2.343649564334077
"byte_length__lte_p05__AND__compression_ratio__quantile_(0.918,1.5]",byte_length + compression_ratio,"(byte_length <= p05 (71)) AND (compression_ratio in quantile bin (0.918, 1.5])",241,0.049183673469387755,9,232,0.03734439834024896,0.9626556016597511,0.2857142857142857,0.13070539419087138,1.3477178423236515,0.9626556016597511,FALSE,-8.535038838037293,1.4010835550087518e-17,1.0,-2.343649564334077,2.343649564334077
"char_length__lte_p10__AND__word_count__quantile_(-0.001,16.0]",char_length + word_count,"(char_length <= p10 (81)) AND (word_count in quantile bin (-0.001, 16.0])",488,0.09959183673469388,20,468,0.040983606557377046,0.9590163934426229,0.2857142857142857,0.14344262295081966,1.342622950819672,0.9590163934426229,FALSE,-11.967305187159845,5.271300335685763e-33,1.0,-2.3421696060861183,2.3421696060861183
"word_count__quantile_(-0.001,16.0]__AND__max_word_length__lte_p10",word_count + max_word_length,"(word_count in quantile bin (-0.001, 16.0]) AND (max_word_length <= p10 (8))",288,0.05877551020408163,11,277,0.03819444444444445,0.9618055555555556,0.2857142857142857,0.13368055555555558,1.3465277777777778,0.9618055555555556,FALSE,-9.298316006436625,1.4268760745753104e-20,1.0,-2.3419501422491686,2.3419501422491686
"byte_length__quantile_(15.999,96.0]__AND__token_entropy__quantile_(-0.001,3.875]",byte_length + token_entropy,"(byte_length in quantile bin (15.999, 96.0]) AND (token_entropy in quantile bin (-0.001, 3.875])",752,0.15346938775510205,34,718,0.04521276595744681,0.9547872340425532,0.2857142857142857,0.15824468085106386,1.3367021276595743,0.9547872340425532,FALSE,-14.599056367057107,2.847594767592742e-48,1.0,-2.3251093037001884,2.3251093037001884
"token_entropy__quantile_(-0.001,3.875]__AND__max_word_length__lte_p10",token_entropy + max_word_length,"(token_entropy in quantile bin (-0.001, 3.875]) AND (max_word_length <= p10 (8))",283,0.057755102040816325,11,272,0.038869257950530034,0.9611307420494699,0.2857142857142857,0.13604240282685512,1.3455830388692578,0.9611307420494699,FALSE,-9.192119070352252,3.851773865594478e-20,1.0,-2.322217915850131,2.322217915850131
word_count__lte_p10__AND__hapax_token_ratio__eq_0,word_count + hapax_token_ratio,(word_count <= p10 (14)) AND (hapax_token_ratio == 0),164,0.03346938775510204,6,158,0.036585365853658534,0.9634146341463414,0.2857142857142857,0.12804878048780488,1.348780487804878,0.9634146341463414,FALSE,-7.062266616044565,1.638082964616876e-12,0.9999999999983619,-2.319769314507189,2.319769314507189
word_count__lte_p10__AND__hapax_token_ratio__lte_p10,word_count + hapax_token_ratio,(word_count <= p10 (14)) AND (hapax_token_ratio <= p10 (0)),164,0.03346938775510204,6,158,0.036585365853658534,0.9634146341463414,0.2857142857142857,0.12804878048780488,1.348780487804878,0.9634146341463414,FALSE,-7.062266616044565,1.638082964616876e-12,0.9999999999983619,-2.319769314507189,2.319769314507189
word_count__lte_p10__AND__hapax_token_ratio__lte_p05,word_count + hapax_token_ratio,(word_count <= p10 (14)) AND (hapax_token_ratio <= p05 (0)),164,0.03346938775510204,6,158,0.036585365853658534,0.9634146341463414,0.2857142857142857,0.12804878048780488,1.348780487804878,0.9634146341463414,FALSE,-7.062266616044565,1.638082964616876e-12,0.9999999999983619,-2.319769314507189,2.319769314507189
byte_length__lte_p05__AND__word_count__lte_p10,byte_length + word_count,(byte_length <= p05 (71)) AND (word_count <= p10 (14)),234,0.04775510204081632,9,225,0.038461538461538464,0.9615384615384616,0.2857142857142857,0.13461538461538464,1.3461538461538463,0.9615384615384616,FALSE,-8.37234458477157,5.648299117512922e-17,0.9999999999999999,-2.310940133130252,2.310940133130252
"word_count__quantile_(-0.001,16.0]__AND__raw_token_count__quantile_(0.999,16.0]",word_count + raw_token_count,"(word_count in quantile bin (-0.001, 16.0]) AND (raw_token_count in quantile bin (0.999, 16.0])",1097,0.22387755102040816,56,1041,0.05104831358249772,0.9489516864175023,0.2857142857142857,0.17866909753874202,1.3285323609845032,0.9489516864175023,FALSE,-17.204873066867926,2.441111032056251e-66,1.0,-2.3102407420221565,2.3102407420221565
"char_length__quantile_(15.999,96.0]__AND__token_entropy__quantile_(-0.001,3.875]",char_length + token_entropy,"(char_length in quantile bin (15.999, 96.0]) AND (token_entropy in quantile bin (-0.001, 3.875])",761,0.1553061224489796,35,726,0.045992115637319315,0.9540078843626807,0.2857142857142857,0.1609724047306176,1.3356110381077528,0.9540078843626807,FALSE,-14.63856713725084,1.593919648226741e-48,1.0,-2.309755897676771,2.309755897676771
char_entropy__lte_p10__AND__hapax_token_ratio__eq_0,char_entropy + hapax_token_ratio,(char_entropy <= p10 (4.04045)) AND (hapax_token_ratio == 0),185,0.03775510204081633,7,178,0.03783783783783784,0.9621621621621622,0.2857142857142857,0.13243243243243244,1.347027027027027,0.9621621621621622,FALSE,-7.463098407353197,8.451117947522827e-14,0.9999999999999155,-2.3007866370120316,2.3007866370120316
char_entropy__lte_p10__AND__hapax_token_ratio__lte_p10,char_entropy + hapax_token_ratio,(char_entropy <= p10 (4.04045)) AND (hapax_token_ratio <= p10 (0)),185,0.03775510204081633,7,178,0.03783783783783784,0.9621621621621622,0.2857142857142857,0.13243243243243244,1.347027027027027,0.9621621621621622,FALSE,-7.463098407353197,8.451117947522827e-14,0.9999999999999155,-2.3007866370120316,2.3007866370120316
char_entropy__lte_p10__AND__hapax_token_ratio__lte_p05,char_entropy + hapax_token_ratio,(char_entropy <= p10 (4.04045)) AND (hapax_token_ratio <= p05 (0)),185,0.03775510204081633,7,178,0.03783783783783784,0.9621621621621622,0.2857142857142857,0.13243243243243244,1.347027027027027,0.9621621621621622,FALSE,-7.463098407353197,8.451117947522827e-14,0.9999999999999155,-2.3007866370120316,2.3007866370120316
char_length__lte_p05__AND__token_entropy__lte_p10,char_length + token_entropy,(char_length <= p05 (71)) AND (token_entropy <= p10 (3.66388)),208,0.04244897959183674,8,200,0.038461538461538464,0.9615384615384616,0.2857142857142857,0.13461538461538464,1.3461538461538463,0.9615384615384616,FALSE,-7.893522173763262,2.937753422249959e-15,0.9999999999999971,-2.297774803922967,2.297774803922967
byte_length__lte_p10__AND__token_entropy__lte_p10,byte_length + token_entropy,(byte_length <= p10 (81)) AND (token_entropy <= p10 (3.66388)),297,0.06061224489795918,12,285,0.04040404040404041,0.9595959595959596,0.2857142857142857,0.14141414141414144,1.3434343434343434,0.9595959595959596,FALSE,-9.358192003574064,8.111274282089503e-21,1.0,-2.288754545959746,2.288754545959746
char_length__lte_p05__AND__compression_ratio__gte_p90,char_length + compression_ratio,(char_length <= p05 (71)) AND (compression_ratio >= p90 (0.987179)),228,0.04653061224489796,9,219,0.039473684210526314,0.9605263157894737,0.2857142857142857,0.13815789473684212,1.344736842105263,0.9605263157894737,FALSE,-8.230479297931815,1.8646582989219993e-16,0.9999999999999998,-2.282142100960899,2.282142100960899
rare_token_ratio__lte_p10__AND__stopword_ratio__gte_p95,rare_token_ratio + stopword_ratio,(rare_token_ratio <= p10 (0)) AND (stopword_ratio >= p95 (0.5625)),86,0.017551020408163264,3,83,0.03488372093023256,0.9651162790697675,0.2857142857142857,0.12209302325581396,1.3511627906976744,0.9651162790697675,FALSE,-5.149057263002074,2.617989537335693e-07,0.9999997382010463,-2.2778592997925915,2.2778592997925915
rare_token_ratio__eq_0__AND__stopword_ratio__gte_p95,rare_token_ratio + stopword_ratio,(rare_token_ratio == 0) AND (stopword_ratio >= p95 (0.5625)),86,0.017551020408163264,3,83,0.03488372093023256,0.9651162790697675,0.2857142857142857,0.12209302325581396,1.3511627906976744,0.9651162790697675,FALSE,-5.149057263002074,2.617989537335693e-07,0.9999997382010463,-2.2778592997925915,2.2778592997925915
rare_token_ratio__lte_p05__AND__stopword_ratio__gte_p95,rare_token_ratio + stopword_ratio,(rare_token_ratio <= p05 (0)) AND (stopword_ratio >= p95 (0.5625)),86,0.017551020408163264,3,83,0.03488372093023256,0.9651162790697675,0.2857142857142857,0.12209302325581396,1.3511627906976744,0.9651162790697675,FALSE,-5.149057263002074,2.617989537335693e-07,0.9999997382010463,-2.2778592997925915,2.2778592997925915
hapax_token_ratio__eq_0__AND__max_repeated_char_run__lte_p05,hapax_token_ratio + max_repeated_char_run,(hapax_token_ratio == 0) AND (max_repeated_char_run <= p05 (1)),134,0.027346938775510202,5,129,0.03731343283582089,0.9626865671641791,0.2857142857142857,0.13059701492537312,1.3477611940298506,0.9626865671641791,FALSE,-6.3650749488499825,1.9519439782116923e-10,0.9999999998048056,-2.2768278137029077,2.2768278137029077
hapax_token_ratio__lte_p10__AND__max_repeated_char_run__lte_p05,hapax_token_ratio + max_repeated_char_run,(hapax_token_ratio <= p10 (0)) AND (max_repeated_char_run <= p05 (1)),134,0.027346938775510202,5,129,0.03731343283582089,0.9626865671641791,0.2857142857142857,0.13059701492537312,1.3477611940298506,0.9626865671641791,FALSE,-6.3650749488499825,1.9519439782116923e-10,0.9999999998048056,-2.2768278137029077,2.2768278137029077
hapax_token_ratio__lte_p05__AND__max_repeated_char_run__lte_p05,hapax_token_ratio + max_repeated_char_run,(hapax_token_ratio <= p05 (0)) AND (max_repeated_char_run <= p05 (1)),134,0.027346938775510202,5,129,0.03731343283582089,0.9626865671641791,0.2857142857142857,0.13059701492537312,1.3477611940298506,0.9626865671641791,FALSE,-6.3650749488499825,1.9519439782116923e-10,0.9999999998048056,-2.2768278137029077,2.2768278137029077
"char_length__lte_p10__AND__token_entropy__quantile_(-0.001,3.875]",char_length + token_entropy,"(char_length <= p10 (81)) AND (token_entropy in quantile bin (-0.001, 3.875])",461,0.09408163265306123,20,441,0.04338394793926247,0.9566160520607375,0.2857142857142857,0.15184381778741865,1.3392624728850324,0.9566160520607375,FALSE,-11.517448801624763,1.0775428708691905e-30,1.0,-2.273947382367266,2.273947382367266
byte_length__lte_p05__AND__token_entropy__lte_p10,byte_length + token_entropy,(byte_length <= p05 (71)) AND (token_entropy <= p10 (3.66388)),203,0.041428571428571426,8,195,0.03940886699507389,0.9605911330049262,0.2857142857142857,0.13793103448275862,1.3448275862068966,0.9605911330049262,FALSE,-7.768193328323316,7.961348533547146e-15,0.999999999999992,-2.2710071609569558,2.2710071609569558
char_length__lte_p05__AND__raw_token_count__lte_p10,char_length + raw_token_count,(char_length <= p05 (71)) AND (raw_token_count <= p10 (13)),224,0.045714285714285714,9,215,0.04017857142857143,0.9598214285714286,0.2857142857142857,0.14062500000000003,1.34375,0.9598214285714286,FALSE,-8.134609701761972,4.132676011052798e-16,0.9999999999999996,-2.2625325655653303,2.2625325655653303
char_length__lte_p10__AND__rare_token_ratio__lte_p10,char_length + rare_token_ratio,(char_length <= p10 (81)) AND (rare_token_ratio <= p10 (0)),108,0.022040816326530613,4,104,0.037037037037037035,0.9629629629629629,0.2857142857142857,0.12962962962962962,1.348148148148148,0.9629629629629629,FALSE,-5.720657822831734,1.0611240911208048e-08,0.9999999893887591,-2.2563332913824663,2.2563332913824663
char_length__lte_p10__AND__rare_token_ratio__eq_0,char_length + rare_token_ratio,(char_length <= p10 (81)) AND (rare_token_ratio == 0),108,0.022040816326530613,4,104,0.037037037037037035,0.9629629629629629,0.2857142857142857,0.12962962962962962,1.348148148148148,0.9629629629629629,FALSE,-5.720657822831734,1.0611240911208048e-08,0.9999999893887591,-2.2563332913824663,2.2563332913824663
char_length__lte_p10__AND__rare_token_ratio__lte_p05,char_length + rare_token_ratio,(char_length <= p10 (81)) AND (rare_token_ratio <= p05 (0)),108,0.022040816326530613,4,104,0.037037037037037035,0.9629629629629629,0.2857142857142857,0.12962962962962962,1.348148148148148,0.9629629629629629,FALSE,-5.720657822831734,1.0611240911208048e-08,0.9999999893887591,-2.2563332913824663,2.2563332913824663
word_count__lte_p10__AND__rare_token_ratio__lte_p10,word_count + rare_token_ratio,(word_count <= p10 (14)) AND (rare_token_ratio <= p10 (0)),108,0.022040816326530613,4,104,0.037037037037037035,0.9629629629629629,0.2857142857142857,0.12962962962962962,1.348148148148148,0.9629629629629629,FALSE,-5.720657822831734,1.0611240911208048e-08,0.9999999893887591,-2.2563332913824663,2.2563332913824663
word_count__lte_p10__AND__rare_token_ratio__eq_0,word_count + rare_token_ratio,(word_count <= p10 (14)) AND (rare_token_ratio == 0),108,0.022040816326530613,4,104,0.037037037037037035,0.9629629629629629,0.2857142857142857,0.12962962962962962,1.348148148148148,0.9629629629629629,FALSE,-5.720657822831734,1.0611240911208048e-08,0.9999999893887591,-2.2563332913824663,2.2563332913824663
word_count__lte_p10__AND__rare_token_ratio__lte_p05,word_count + rare_token_ratio,(word_count <= p10 (14)) AND (rare_token_ratio <= p05 (0)),108,0.022040816326530613,4,104,0.037037037037037035,0.9629629629629629,0.2857142857142857,0.12962962962962962,1.348148148148148,0.9629629629629629,FALSE,-5.720657822831734,1.0611240911208048e-08,0.9999999893887591,-2.2563332913824663,2.2563332913824663
rare_token_ratio__lte_p10__AND__max_word_length__lte_p10,rare_token_ratio + max_word_length,(rare_token_ratio <= p10 (0)) AND (max_word_length <= p10 (8)),154,0.03142857142857143,6,148,0.03896103896103896,0.961038961038961,0.2857142857142857,0.13636363636363638,1.3454545454545455,0.961038961038961,FALSE,-6.778307646120419,1.2159172134109542e-11,0.9999999999878408,-2.251612373252873,2.251612373252873
rare_token_ratio__eq_0__AND__max_word_length__lte_p10,rare_token_ratio + max_word_length,(rare_token_ratio == 0) AND (max_word_length <= p10 (8)),154,0.03142857142857143,6,148,0.03896103896103896,0.961038961038961,0.2857142857142857,0.13636363636363638,1.3454545454545455,0.961038961038961,FALSE,-6.778307646120419,1.2159172134109542e-11,0.9999999999878408,-2.251612373252873,2.251612373252873
rare_token_ratio__lte_p05__AND__max_word_length__lte_p10,rare_token_ratio + max_word_length,(rare_token_ratio <= p05 (0)) AND (max_word_length <= p10 (8)),154,0.03142857142857143,6,148,0.03896103896103896,0.961038961038961,0.2857142857142857,0.13636363636363638,1.3454545454545455,0.961038961038961,FALSE,-6.778307646120419,1.2159172134109542e-11,0.9999999999878408,-2.251612373252873,2.251612373252873
byte_length__lte_p05__AND__compression_ratio__gte_p90,byte_length + compression_ratio,(byte_length <= p05 (71)) AND (compression_ratio >= p90 (0.987179)),220,0.044897959183673466,9,211,0.04090909090909091,0.9590909090909091,0.2857142857142857,0.1431818181818182,1.3427272727272728,0.9590909090909091,FALSE,-8.037667006606513,9.156505528591787e-16,0.9999999999999991,-2.24257992431973,2.24257992431973
"byte_length__quantile_(15.999,96.0]__AND__compression_ratio__quantile_(0.918,1.5]",byte_length + compression_ratio,"(byte_length in quantile bin (15.999, 96.0]) AND (compression_ratio in quantile bin (0.918, 1.5])",783,0.15979591836734694,39,744,0.04980842911877394,0.9501915708812261,0.2857142857142857,0.1743295019157088,1.3302681992337164,0.9501915708812261,FALSE,-14.612268503028464,2.3457528551630732e-48,1.0,-2.2310374543010636,2.2310374543010636
"token_entropy__quantile_(-0.001,3.875]__AND__char_entropy__quantile_(1.745,4.097]",token_entropy + char_entropy,"(token_entropy in quantile bin (-0.001, 3.875]) AND (char_entropy in quantile bin (1.745, 4.097])",302,0.061632653061224486,13,289,0.04304635761589404,0.956953642384106,0.2857142857142857,0.15066225165562913,1.3397350993377484,0.956953642384106,FALSE,-9.33499078629071,1.0100003510714997e-20,1.0,-2.2262310604914086,2.2262310604914086
"word_count__quantile_(16.0,20.0]__AND__max_word_length__lte_p10",word_count + max_word_length,"(word_count in quantile bin (16.0, 20.0]) AND (max_word_length <= p10 (8))",150,0.030612244897959183,6,144,0.04,0.96,0.2857142857142857,0.14,1.3439999999999999,0.96,FALSE,-6.661531355476756,2.7098896680796677e-11,0.9999999999729011,-2.223114494339633,2.223114494339633
byte_length__lte_p05__AND__raw_token_count__lte_p10,byte_length + raw_token_count,(byte_length <= p05 (71)) AND (raw_token_count <= p10 (13)),216,0.044081632653061226,9,207,0.041666666666666664,0.9583333333333334,0.2857142857142857,0.14583333333333334,1.3416666666666668,0.9583333333333334,FALSE,-7.939615859725205,2.0280837102022542e-15,0.999999999999998,-2.2222710139494555,2.2222710139494555
"byte_length__quantile_(15.999,96.0]__AND__word_count__lte_p10",byte_length + word_count,"(byte_length in quantile bin (15.999, 96.0]) AND (word_count <= p10 (14))",589,0.12020408163265306,28,561,0.04753820033955857,0.9524617996604414,0.2857142857142857,0.166383701188455,1.333446519524618,0.9524617996604414,FALSE,-12.795399215600403,1.7395623201542686e-37,1.0,-2.219102082445269,2.219102082445269
byte_length__lte_p10__AND__rare_token_ratio__lte_p10,byte_length + rare_token_ratio,(byte_length <= p10 (81)) AND (rare_token_ratio <= p10 (0)),104,0.02122448979591837,4,100,0.038461538461538464,0.9615384615384616,0.2857142857142857,0.13461538461538464,1.3461538461538463,0.9615384615384616,FALSE,-5.58156305651438,2.3836660246448045e-08,0.9999999761633398,-2.2161269574923943,2.2161269574923943
byte_length__lte_p10__AND__rare_token_ratio__eq_0,byte_length + rare_token_ratio,(byte_length <= p10 (81)) AND (rare_token_ratio == 0),104,0.02122448979591837,4,100,0.038461538461538464,0.9615384615384616,0.2857142857142857,0.13461538461538464,1.3461538461538463,0.9615384615384616,FALSE,-5.58156305651438,2.3836660246448045e-08,0.9999999761633398,-2.2161269574923943,2.2161269574923943
byte_length__lte_p10__AND__rare_token_ratio__lte_p05,byte_length + rare_token_ratio,(byte_length <= p10 (81)) AND (rare_token_ratio <= p05 (0)),104,0.02122448979591837,4,100,0.038461538461538464,0.9615384615384616,0.2857142857142857,0.13461538461538464,1.3461538461538463,0.9615384615384616,FALSE,-5.58156305651438,2.3836660246448045e-08,0.9999999761633398,-2.2161269574923943,2.2161269574923943
byte_length__lte_p10__AND__word_count__lte_p10,byte_length + word_count,(byte_length <= p10 (81)) AND (word_count <= p10 (14)),400,0.08163265306122448,18,382,0.045,0.955,0.2857142857142857,0.1575,1.337,0.955,FALSE,-10.656875714767438,1.619465984473599e-26,1.0,-2.215499258612624,2.215499258612624
"raw_token_count__quantile_(16.0,20.0]__AND__max_word_length__lte_p10",raw_token_count + max_word_length,"(raw_token_count in quantile bin (16.0, 20.0]) AND (max_word_length <= p10 (8))",148,0.030204081632653063,6,142,0.04054054054054054,0.9594594594594594,0.2857142857142857,0.1418918918918919,1.343243243243243,0.9594594594594594,FALSE,-6.602415610357461,4.0451155254556505e-11,0.9999999999595488,-2.2085813051677383,2.2085813051677383
"char_length__quantile_(15.999,96.0]__AND__compression_ratio__quantile_(0.918,1.5]",char_length + compression_ratio,"(char_length in quantile bin (15.999, 96.0]) AND (compression_ratio in quantile bin (0.918, 1.5])",797,0.1626530612244898,41,756,0.05144291091593475,0.9485570890840652,0.2857142857142857,0.18005018820577165,1.3279799247176913,0.9485570890840652,FALSE,-14.640180354183185,1.556547912543705e-48,1.0,-2.2005271820743393,2.2005271820743393
"char_length__quantile_(15.999,96.0]__AND__word_count__lte_p10",char_length + word_count,"(char_length in quantile bin (15.999, 96.0]) AND (word_count <= p10 (14))",592,0.12081632653061225,29,563,0.048986486486486486,0.9510135135135135,0.2857142857142857,0.17145270270270271,1.331418918918919,0.9510135135135135,FALSE,-12.749940381418641,3.119837577929416e-37,1.0,-2.1881232220593003,2.1881232220593003
char_length__lte_p05__AND__word_count__lte_p05,char_length + word_count,(char_length <= p05 (71)) AND (word_count <= p05 (12)),186,0.037959183673469385,8,178,0.043010752688172046,0.956989247311828,0.2857142857142857,0.15053763440860218,1.3397849462365592,0.956989247311828,FALSE,-7.327074553010657,2.3523098098875836e-13,0.9999999999997647,-2.1749056189374616,2.1749056189374616
"raw_token_count__quantile_(0.999,16.0]__AND__max_word_length__lte_p05",raw_token_count + max_word_length,"(raw_token_count in quantile bin (0.999, 16.0]) AND (max_word_length <= p05 (7))",142,0.028979591836734694,6,136,0.04225352112676056,0.9577464788732394,0.2857142857142857,0.14788732394366197,1.3408450704225352,0.9577464788732394,FALSE,-6.422013198454731,1.3448375882153934e-10,0.9999999998655162,-2.163779002162594,2.163779002162594
char_length__lte_p10__AND__token_entropy__lte_p10,char_length + token_entropy,(char_length <= p10 (81)) AND (token_entropy <= p10 (3.66388)),304,0.062040816326530614,14,290,0.046052631578947366,0.9539473684210527,0.2857142857142857,0.1611842105263158,1.3355263157894737,0.9539473684210527,FALSE,-9.249822188902648,2.2486643397708843e-20,1.0,-2.157810824687167,2.157810824687167
char_length__lte_p10__AND__max_word_length__lte_p05,char_length + max_word_length,(char_length <= p10 (81)) AND (max_word_length <= p05 (7)),141,0.028775510204081634,6,135,0.0425531914893617,0.9574468085106383,0.2857142857142857,0.14893617021276595,1.3404255319148937,0.9574468085106383,FALSE,-6.391483695495689,1.6428380201247601e-10,0.9999999998357162,-2.15612885103494,2.15612885103494
byte_length__lte_p05__AND__word_count__lte_p05,byte_length + word_count,(byte_length <= p05 (71)) AND (word_count <= p05 (12)),181,0.03693877551020408,8,173,0.04419889502762431,0.9558011049723757,0.2857142857142857,0.15469613259668508,1.338121546961326,0.9558011049723757,FALSE,-7.192537569250707,6.359805925210834e-13,0.9999999999993641,-2.1449908574228154,2.1449908574228154
char_length__lte_p10__AND__word_count__lte_p10,char_length + word_count,(char_length <= p10 (81)) AND (word_count <= p10 (14)),410,0.0836734693877551,20,390,0.04878048780487805,0.9512195121951219,0.2857142857142857,0.17073170731707318,1.3317073170731706,0.9512195121951219,FALSE,-10.619815808425212,2.410362534919769e-26,1.0,-2.1346653505505127,2.1346653505505127
char_length__lte_p05__AND__raw_token_count__lte_p05,char_length + raw_token_count,(char_length <= p05 (71)) AND (raw_token_count <= p05 (12)),198,0.04040816326530612,9,189,0.045454545454545456,0.9545454545454546,0.2857142857142857,0.15909090909090912,1.3363636363636364,0.9545454545454546,FALSE,-7.483618473341987,7.230366196393097e-14,0.9999999999999277,-2.1260782689568973,2.1260782689568973
byte_length__lte_p10__AND__max_word_length__lte_p05,byte_length + max_word_length,(byte_length <= p10 (81)) AND (max_word_length <= p05 (7)),136,0.027755102040816326,6,130,0.04411764705882353,0.9558823529411765,0.2857142857142857,0.15441176470588236,1.3382352941176472,0.9558823529411765,FALSE,-6.236750662286364,4.4675320514010976e-10,0.9999999995532468,-2.1170458766352067,2.1170458766352067
"raw_token_count__quantile_(0.999,16.0]__AND__word_count__lte_p10",raw_token_count + word_count,"(raw_token_count in quantile bin (0.999, 16.0]) AND (word_count <= p10 (14))",640,0.1306122448979592,34,606,0.053125,0.946875,0.2857142857142857,0.1859375,1.325625,0.946875,FALSE,-13.024999999999997,8.820108368267138e-39,1.0,-2.116185746195854,2.116185746195854
"raw_token_count__quantile_(0.999,16.0]__AND__token_entropy__quantile_(-0.001,3.875]",raw_token_count + token_entropy,"(raw_token_count in quantile bin (0.999, 16.0]) AND (token_entropy in quantile bin (-0.001, 3.875])",864,0.1763265306122449,49,815,0.056712962962962965,0.9432870370370371,0.2857142857142857,0.19849537037037038,1.3206018518518519,0.9432870370370371,FALSE,-14.900227595825756,3.2845874834698443e-50,1.0,-2.1151769088574124,2.1151769088574124
byte_length__lte_p10__AND__raw_token_count__lte_p10,byte_length + raw_token_count,(byte_length <= p10 (81)) AND (raw_token_count <= p10 (13)),348,0.07102040816326531,17,331,0.04885057471264368,0.9511494252873564,0.2857142857142857,0.1709770114942529,1.3316091954022988,0.9511494252873564,FALSE,-9.781066039730188,1.3577285511445935e-22,1.0,-2.112469602199208,2.112469602199208
"max_repeated_char_run__lte_p05__AND__word_count__quantile_(16.0,20.0]",max_repeated_char_run + word_count,"(max_repeated_char_run <= p05 (1)) AND (word_count in quantile bin (16.0, 20.0])",93,0.018979591836734692,4,89,0.043010752688172046,0.956989247311828,0.2857142857142857,0.15053763440860218,1.3397849462365592,0.956989247311828,FALSE,-5.181024102693228,2.2067097253272738e-07,0.9999997793290275,-2.0969782576342886,2.0969782576342886
byte_length__lte_p10__AND__word_count__lte_p05,byte_length + word_count,(byte_length <= p10 (81)) AND (word_count <= p05 (12)),250,0.05102040816326531,12,238,0.048,0.952,0.2857142857142857,0.168,1.3328,0.952,FALSE,-8.32,8.796331252464759e-17,0.9999999999999999,-2.0943709211360457,2.0943709211360457
"byte_length__quantile_(15.999,96.0]__AND__token_entropy__lte_p10",byte_length + token_entropy,"(byte_length in quantile bin (15.999, 96.0]) AND (token_entropy <= p10 (3.66388))",396,0.08081632653061224,20,376,0.050505050505050504,0.9494949494949495,0.2857142857142857,0.17676767676767677,1.3292929292929292,0.9494949494949495,FALSE,-10.360960136468771,3.731968353871112e-25,1.0,-2.0936646430966586,2.0936646430966586
byte_length__lte_p10__AND__compression_ratio__gte_p90,byte_length + compression_ratio,(byte_length <= p10 (81)) AND (compression_ratio >= p90 (0.987179)),360,0.07346938775510205,18,342,0.05,0.95,0.2857142857142857,0.17500000000000002,1.3299999999999998,0.95,FALSE,-9.9,4.162750438986456e-23,1.0,-2.0922971486757356,2.0922971486757356
"word_count__quantile_(-0.001,16.0]__AND__token_entropy__quantile_(3.875,4.17]",word_count + token_entropy,"(word_count in quantile bin (-0.001, 16.0]) AND (token_entropy in quantile bin (3.875, 4.17])",266,0.054285714285714284,13,253,0.04887218045112782,0.9511278195488722,0.2857142857142857,0.17105263157894737,1.331578947368421,0.9511278195488722,FALSE,-8.55062324598253,1.2242562904932273e-17,1.0,-2.082292234662689,2.082292234662689
byte_length__lte_p05__AND__raw_token_count__lte_p05,byte_length + raw_token_count,(byte_length <= p05 (71)) AND (raw_token_count <= p05 (12)),190,0.03877551020408163,9,181,0.04736842105263158,0.9526315789473684,0.2857142857142857,0.16578947368421054,1.3336842105263158,0.9526315789473684,FALSE,-7.272478763696808,3.529500838689037e-13,0.9999999999996471,-2.080531987905142,2.080531987905142
"token_entropy__quantile_(3.875,4.17]__AND__max_repeated_char_run__lte_p05",token_entropy + max_repeated_char_run,"(token_entropy in quantile bin (3.875, 4.17]) AND (max_repeated_char_run <= p05 (1))",111,0.022653061224489797,5,106,0.04504504504504504,0.954954954954955,0.2857142857142857,0.15765765765765766,1.3369369369369368,0.954954954954955,FALSE,-5.61280710550466,1.990704724065076e-08,0.9999999800929528,-2.07449319214573,2.07449319214573
char_length__lte_p05__AND__compression_ratio__gte_p95,char_length + compression_ratio,(char_length <= p05 (71)) AND (compression_ratio >= p95 (1.04225)),188,0.03836734693877551,9,179,0.047872340425531915,0.9521276595744681,0.2857142857142857,0.1675531914893617,1.3329787234042554,0.9521276595744681,FALSE,-7.2188067028260265,5.2445739915195e-13,0.9999999999994755,-2.068849223182488,2.068849223182488
"word_count__lte_p10__AND__token_entropy__quantile_(-0.001,3.875]",word_count + token_entropy,"(word_count <= p10 (14)) AND (token_entropy in quantile bin (-0.001, 3.875])",645,0.13163265306122449,36,609,0.05581395348837209,0.9441860465116279,0.2857142857142857,0.19534883720930232,1.3218604651162789,0.9441860465116279,FALSE,-12.92461146013097,3.269440235062993e-38,1.0,-2.064339350883001,2.064339350883001
"char_length__quantile_(15.999,96.0]__AND__token_entropy__lte_p10",char_length + token_entropy,"(char_length in quantile bin (15.999, 96.0]) AND (token_entropy <= p10 (3.66388))",401,0.08183673469387755,21,380,0.05236907730673317,0.9476309226932669,0.2857142857142857,0.1832917705735661,1.3266832917705735,0.9476309226932669,FALSE,-10.343537985373418,4.476973007344234e-25,1.0,-2.0571611114513666,2.0571611114513666
"word_count__quantile_(-0.001,16.0]__AND__token_entropy__quantile_(-0.001,3.875]",word_count + token_entropy,"(word_count in quantile bin (-0.001, 16.0]) AND (token_entropy in quantile bin (-0.001, 3.875])",863,0.17612244897959184,52,811,0.06025492468134415,0.9397450753186558,0.2857142857142857,0.21089223638470453,1.3156431054461182,0.9397450753186558,FALSE,-14.661273983143705,1.1411161199716885e-48,1.0,-2.0477087782235555,2.0477087782235555
"byte_length__quantile_(15.999,96.0]__AND__raw_token_count__lte_p10",byte_length + raw_token_count,"(byte_length in quantile bin (15.999, 96.0]) AND (raw_token_count <= p10 (13))",479,0.09775510204081633,26,453,0.054279749478079335,0.9457202505219207,0.2857142857142857,0.1899791231732777,1.3240083507306888,0.9457202505219207,FALSE,-11.21228077081141,3.54927887445671e-29,1.0,-2.043618982812889,2.043618982812889
byte_length__lte_p05__AND__compression_ratio__gte_p95,byte_length + compression_ratio,(byte_length <= p05 (71)) AND (compression_ratio >= p95 (1.04225)),182,0.037142857142857144,9,173,0.04945054945054945,0.9505494505494505,0.2857142857142857,0.17307692307692307,1.3307692307692307,0.9505494505494505,FALSE,-7.0555488256243555,1.7192080124301682e-12,0.9999999999982808,-2.0330468314770975,2.0330468314770975
"token_entropy__quantile_(-0.001,3.875]__AND__max_word_length__lte_p05",token_entropy + max_word_length,"(token_entropy in quantile bin (-0.001, 3.875]) AND (max_word_length <= p05 (7))",144,0.029387755102040815,7,137,0.04861111111111111,0.9513888888888888,0.2857142857142857,0.1701388888888889,1.3319444444444444,0.9513888888888888,FALSE,-6.298203006502021,3.011159920983463e-10,0.999999999698884,-2.0275573660207034,2.0275573660207034
char_length__lte_p10__AND__compression_ratio__gte_p90,char_length + compression_ratio,(char_length <= p10 (81)) AND (compression_ratio >= p90 (0.987179)),374,0.0763265306122449,20,354,0.053475935828877004,0.946524064171123,0.2857142857142857,0.18716577540106952,1.3251336898395722,0.946524064171123,FALSE,-9.941863090549473,2.7366024567882984e-23,1.0,-2.0264384882310407,2.0264384882310407
char_length__lte_p10__AND__raw_token_count__lte_p10,char_length + raw_token_count,(char_length <= p10 (81)) AND (raw_token_count <= p10 (13)),357,0.07285714285714286,19,338,0.05322128851540616,0.9467787114845938,0.2857142857142857,0.18627450980392157,1.3254901960784313,0.9467787114845938,FALSE,-9.7239344897415,2.38388037031169e-22,1.0,-2.025916638110324,2.025916638110324
char_length__lte_p05__AND__max_word_length__lte_p10,char_length + max_word_length,(char_length <= p05 (71)) AND (max_word_length <= p10 (8)),143,0.029183673469387755,7,136,0.04895104895104895,0.951048951048951,0.2857142857142857,0.17132867132867133,1.3314685314685315,0.951048951048951,FALSE,-6.267297741373148,3.6736731897358203e-10,0.9999999996326326,-2.01996079837638,2.01996079837638
compression_ratio__gte_p90__AND__hapax_token_ratio__eq_0,compression_ratio + hapax_token_ratio,(compression_ratio >= p90 (0.987179)) AND (hapax_token_ratio == 0),124,0.025306122448979593,6,118,0.04838709677419355,0.9516129032258065,0.2857142857142857,0.16935483870967744,1.332258064516129,0.9516129032258065,FALSE,-5.850006892744767,4.915526418447079e-09,0.9999999950844736,-2.017031630696195,2.017031630696195
compression_ratio__gte_p90__AND__hapax_token_ratio__lte_p10,compression_ratio + hapax_token_ratio,(compression_ratio >= p90 (0.987179)) AND (hapax_token_ratio <= p10 (0)),124,0.025306122448979593,6,118,0.04838709677419355,0.9516129032258065,0.2857142857142857,0.16935483870967744,1.332258064516129,0.9516129032258065,FALSE,-5.850006892744767,4.915526418447079e-09,0.9999999950844736,-2.017031630696195,2.017031630696195
compression_ratio__gte_p90__AND__hapax_token_ratio__lte_p05,compression_ratio + hapax_token_ratio,(compression_ratio >= p90 (0.987179)) AND (hapax_token_ratio <= p05 (0)),124,0.025306122448979593,6,118,0.04838709677419355,0.9516129032258065,0.2857142857142857,0.16935483870967744,1.332258064516129,0.9516129032258065,FALSE,-5.850006892744767,4.915526418447079e-09,0.9999999950844736,-2.017031630696195,2.017031630696195
"char_length__quantile_(15.999,96.0]__AND__raw_token_count__lte_p10",char_length + raw_token_count,"(char_length in quantile bin (15.999, 96.0]) AND (raw_token_count <= p10 (13))",483,0.09857142857142857,27,456,0.055900621118012424,0.9440993788819876,0.2857142857142857,0.1956521739130435,1.3217391304347825,0.9440993788819876,FALSE,-11.180145445114434,5.100632413414766e-29,1.0,-2.0134282378491974,2.0134282378491974
"token_entropy__quantile_(-0.001,3.875]__AND__char_entropy__lte_p10",token_entropy + char_entropy,"(token_entropy in quantile bin (-0.001, 3.875]) AND (char_entropy <= p10 (4.04045))",196,0.04,10,186,0.05102040816326531,0.9489795918367347,0.2857142857142857,0.17857142857142858,1.3285714285714285,0.9489795918367347,FALSE,-7.273238618387271,3.509695505111007e-13,0.9999999999996491,-2.008412593912966,2.008412593912966
byte_length__lte_p10__AND__raw_token_count__lte_p05,byte_length + raw_token_count,(byte_length <= p10 (81)) AND (raw_token_count <= p05 (12)),283,0.057755102040816325,15,268,0.053003533568904596,0.9469964664310954,0.2857142857142857,0.1855123674911661,1.3257950530035334,0.9469964664310954,FALSE,-8.665780964074415,4.484283596600928e-18,1.0,-2.004816143680739,2.004816143680739
"word_count__quantile_(-0.001,16.0]__AND__max_word_length__lte_p05",word_count + max_word_length,"(word_count in quantile bin (-0.001, 16.0]) AND (max_word_length <= p05 (7))",141,0.028775510204081634,7,134,0.04964539007092199,0.950354609929078,0.2857142857142857,0.17375886524822698,1.3304964539007091,0.950354609929078,FALSE,-6.205065421043731,5.467415376909112e-10,0.9999999994532585,-2.0046061174362966,2.0046061174362966
"word_count__lte_p10__AND__compression_ratio__quantile_(0.918,1.5]",word_count + compression_ratio,"(word_count <= p10 (14)) AND (compression_ratio in quantile bin (0.918, 1.5])",538,0.10979591836734694,31,507,0.05762081784386617,0.9423791821561338,0.2857142857142857,0.2016728624535316,1.3193308550185874,0.9423791821561338,FALSE,-11.711216940629324,1.1166526741393041e-31,1.0,-1.997511603422081,1.997511603422081
"char_entropy__quantile_(1.745,4.097]__AND__max_repeated_char_run__lte_p05",char_entropy + max_repeated_char_run,"(char_entropy in quantile bin (1.745, 4.097]) AND (max_repeated_char_run <= p05 (1))",140,0.02857142857142857,7,133,0.05,0.95,0.2857142857142857,0.17500000000000002,1.3299999999999998,0.95,FALSE,-6.173734688177003,6.669542612029779e-10,0.9999999993330457,-1.9968463959355234,1.9968463959355234
"raw_token_count__quantile_(0.999,16.0]__AND__token_entropy__lte_p10",raw_token_count + token_entropy,"(raw_token_count in quantile bin (0.999, 16.0]) AND (token_entropy <= p10 (3.66388))",428,0.08734693877551021,24,404,0.056074766355140186,0.9439252336448598,0.2857142857142857,0.19626168224299068,1.3214953271028036,0.9439252336448598,FALSE,-10.51638685687078,7.260465057073627e-26,1.0,-1.9932502231524114,1.9932502231524114
word_count__lte_p10__AND__max_word_length__lte_p10,word_count + max_word_length,(word_count <= p10 (14)) AND (max_word_length <= p10 (8)),193,0.03938775510204082,10,183,0.05181347150259067,0.9481865284974094,0.2857142857142857,0.18134715025906736,1.3274611398963732,0.9481865284974094,FALSE,-7.19297296697457,6.339549830418621e-13,0.9999999999993661,-1.9912913177988043,1.9912913177988043
word_count__lte_p10__AND__raw_token_count__lte_p10,word_count + raw_token_count,(word_count <= p10 (14)) AND (raw_token_count <= p10 (13)),489,0.09979591836734694,28,461,0.05725971370143149,0.9427402862985685,0.2857142857142857,0.20040899795501024,1.319836400817996,0.9427402862985685,FALSE,-11.182845466152003,4.9477677052534347e-29,1.0,-1.9895188328632105,1.9895188328632105
raw_token_count__lte_p10__AND__token_entropy__lte_p10,raw_token_count + token_entropy,(raw_token_count <= p10 (13)) AND (token_entropy <= p10 (3.66388)),360,0.07346938775510205,20,340,0.05555555555555555,0.9444444444444444,0.2857142857142857,0.19444444444444445,1.3222222222222222,0.9444444444444444,FALSE,-9.666666666666666,4.1776363964580805e-22,1.0,-1.9817057489030603,1.9817057489030603
"byte_length__quantile_(96.0,123.0]__AND__max_repeated_char_run__lte_p05",byte_length + max_repeated_char_run,"(byte_length in quantile bin (96.0, 123.0]) AND (max_repeated_char_run <= p05 (1))",120,0.024489795918367346,6,114,0.05,0.95,0.2857142857142857,0.17500000000000002,1.3299999999999998,0.95,FALSE,-5.715767664977295,1.092098677273351e-08,0.9999999890790132,-1.9815116345052883,1.9815116345052883
"byte_length__quantile_(15.999,96.0]__AND__word_count__lte_p05",byte_length + word_count,"(byte_length in quantile bin (15.999, 96.0]) AND (word_count <= p05 (12))",293,0.05979591836734694,16,277,0.05460750853242321,0.9453924914675768,0.2857142857142857,0.19112627986348124,1.3235494880546075,0.9453924914675768,FALSE,-8.75678186715542,2.0090392322470123e-18,1.0,-1.977331890140296,1.977331890140296
byte_length__lte_p05__AND__max_word_length__lte_p10,byte_length + max_word_length,(byte_length <= p05 (71)) AND (max_word_length <= p10 (8)),137,0.027959183673469386,7,130,0.051094890510948905,0.948905109489051,0.2857142857142857,0.17883211678832117,1.3284671532846715,0.948905109489051,FALSE,-6.078861303280866,1.2103899465758484e-09,0.9999999987896101,-1.9732276728489926,1.9732276728489926
word_count__lte_p10__AND__token_entropy__lte_p10,word_count + token_entropy,(word_count <= p10 (14)) AND (token_entropy <= p10 (3.66388)),372,0.07591836734693877,21,351,0.056451612903225805,0.9435483870967742,0.2857142857142857,0.19758064516129034,1.320967741935484,0.9435483870967742,FALSE,-9.788200599075497,1.26527489448729e-22,1.0,-1.9686341807124597,1.9686341807124597
hapax_token_ratio__eq_0__AND__stopword_ratio__gte_p95,hapax_token_ratio + stopword_ratio,(hapax_token_ratio == 0) AND (stopword_ratio >= p95 (0.5625)),118,0.024081632653061225,6,112,0.05084745762711865,0.9491525423728814,0.2857142857142857,0.17796610169491528,1.3288135593220338,0.9491525423728814,FALSE,-5.647558344473945,1.627426129582697e-08,0.9999999837257387,-1.9632996272342593,1.9632996272342593
hapax_token_ratio__lte_p10__AND__stopword_ratio__gte_p95,hapax_token_ratio + stopword_ratio,(hapax_token_ratio <= p10 (0)) AND (stopword_ratio >= p95 (0.5625)),118,0.024081632653061225,6,112,0.05084745762711865,0.9491525423728814,0.2857142857142857,0.17796610169491528,1.3288135593220338,0.9491525423728814,FALSE,-5.647558344473945,1.627426129582697e-08,0.9999999837257387,-1.9632996272342593,1.9632996272342593
hapax_token_ratio__lte_p05__AND__stopword_ratio__gte_p95,hapax_token_ratio + stopword_ratio,(hapax_token_ratio <= p05 (0)) AND (stopword_ratio >= p95 (0.5625)),118,0.024081632653061225,6,112,0.05084745762711865,0.9491525423728814,0.2857142857142857,0.17796610169491528,1.3288135593220338,0.9491525423728814,FALSE,-5.647558344473945,1.627426129582697e-08,0.9999999837257387,-1.9632996272342593,1.9632996272342593
"char_length__quantile_(96.0,122.0]__AND__max_repeated_char_run__lte_p05",char_length + max_repeated_char_run,"(char_length in quantile bin (96.0, 122.0]) AND (max_repeated_char_run <= p05 (1))",118,0.024081632653061225,6,112,0.05084745762711865,0.9491525423728814,0.2857142857142857,0.17796610169491528,1.3288135593220338,0.9491525423728814,FALSE,-5.647558344473945,1.627426129582697e-08,0.9999999837257387,-1.9632996272342593,1.9632996272342593
raw_token_count__lte_p10__AND__max_word_length__lte_p10,raw_token_count + max_word_length,(raw_token_count <= p10 (13)) AND (max_word_length <= p10 (8)),153,0.031224489795918367,8,145,0.05228758169934641,0.9477124183006536,0.2857142857142857,0.18300653594771243,1.326797385620915,0.9477124183006536,FALSE,-6.39137490706142,1.6440074602249693e-10,0.9999999998355993,-1.9606098253184217,1.9606098253184217
char_length__lte_p10__AND__word_count__lte_p05,char_length + word_count,(char_length <= p10 (81)) AND (word_count <= p05 (12)),255,0.05204081632653061,14,241,0.054901960784313725,0.9450980392156862,0.2857142857142857,0.19215686274509805,1.3231372549019607,0.9450980392156862,FALSE,-8.158815754127795,3.383252655378086e-16,0.9999999999999997,-1.9579296003573374,1.9579296003573374
"token_entropy__quantile_(3.875,4.17]__AND__max_word_length__lte_p10",token_entropy + max_word_length,"(token_entropy in quantile bin (3.875, 4.17]) AND (max_word_length <= p10 (8))",166,0.03387755102040816,9,157,0.05421686746987952,0.9457831325301205,0.2857142857142857,0.18975903614457834,1.3240963855421686,0.9457831325301205,FALSE,-6.602345329912824,4.047034266094985e-11,0.9999999999595297,-1.9314977991311049,1.9314977991311049
"char_length__quantile_(15.999,96.0]__AND__word_count__lte_p05",char_length + word_count,"(char_length in quantile bin (15.999, 96.0]) AND (word_count <= p05 (12))",296,0.060408163265306125,17,279,0.057432432432432436,0.9425675675675675,0.2857142857142857,0.20101351351351354,1.3195945945945946,0.9425675675675675,FALSE,-8.693912906259277,3.501661458616815e-18,1.0,-1.9255708423139688,1.9255708423139688
token_entropy__lte_p10__AND__compression_ratio__gte_p95,token_entropy + compression_ratio,(token_entropy <= p10 (3.66388)) AND (compression_ratio >= p95 (1.04225)),180,0.036734693877551024,10,170,0.05555555555555555,0.9444444444444444,0.2857142857142857,0.19444444444444445,1.3222222222222222,0.9444444444444444,FALSE,-6.83536555146996,8.179618113006672e-12,0.9999999999918204,-1.913900991380879,1.913900991380879
"token_entropy__lte_p10__AND__compression_ratio__quantile_(0.918,1.5]",token_entropy + compression_ratio,"(token_entropy <= p10 (3.66388)) AND (compression_ratio in quantile bin (0.918, 1.5])",355,0.07244897959183673,21,334,0.059154929577464786,0.9408450704225352,0.2857142857142857,0.20704225352112676,1.3171830985915491,0.9408450704225352,FALSE,-9.449182094420719,3.4148855471164555e-21,1.0,-1.9136781821355218,1.9136781821355218
"token_entropy__quantile_(-0.001,3.875]__AND__compression_ratio__quantile_(0.918,1.5]",token_entropy + compression_ratio,"(token_entropy in quantile bin (-0.001, 3.875]) AND (compression_ratio in quantile bin (0.918, 1.5])",667,0.13612244897959183,43,624,0.06446776611694154,0.9355322338830585,0.2857142857142857,0.2256371814092954,1.309745127436282,0.9355322338830585,FALSE,-12.648452803439618,1.1409965838939916e-36,1.0,-1.9132608869757364,1.9132608869757364
byte_length__lte_p10__AND__compression_ratio__gte_p95,byte_length + compression_ratio,(byte_length <= p10 (81)) AND (compression_ratio >= p95 (1.04225)),228,0.04653061224489796,13,215,0.05701754385964912,0.9429824561403509,0.2857142857142857,0.19956140350877194,1.3201754385964912,0.9429824561403509,FALSE,-7.644083826323442,2.1043828380604466e-14,0.9999999999999789,-1.9082559433820858,1.9082559433820858
char_length__lte_p10__AND__raw_token_count__lte_p05,char_length + raw_token_count,(char_length <= p10 (81)) AND (raw_token_count <= p05 (12)),291,0.059387755102040814,17,274,0.058419243986254296,0.9415807560137457,0.2857142857142857,0.20446735395189006,1.318213058419244,0.9415807560137457,FALSE,-8.582908774072749,9.250371493496915e-18,1.0,-1.9059689418712031,1.9059689418712031
max_word_length__lte_p05__AND__hapax_token_ratio__eq_0,max_word_length + hapax_token_ratio,(max_word_length <= p05 (7)) AND (hapax_token_ratio == 0),111,0.022653061224489797,6,105,0.05405405405405406,0.9459459459459459,0.2857142857142857,0.1891891891891892,1.3243243243243243,0.9459459459459459,FALSE,-5.402702026688978,6.564445710999344e-08,0.9999999343555429,-1.8969936785282273,1.8969936785282273
max_word_length__lte_p05__AND__hapax_token_ratio__lte_p10,max_word_length + hapax_token_ratio,(max_word_length <= p05 (7)) AND (hapax_token_ratio <= p10 (0)),111,0.022653061224489797,6,105,0.05405405405405406,0.9459459459459459,0.2857142857142857,0.1891891891891892,1.3243243243243243,0.9459459459459459,FALSE,-5.402702026688978,6.564445710999344e-08,0.9999999343555429,-1.8969936785282273,1.8969936785282273
max_word_length__lte_p05__AND__hapax_token_ratio__lte_p05,max_word_length + hapax_token_ratio,(max_word_length <= p05 (7)) AND (hapax_token_ratio <= p05 (0)),111,0.022653061224489797,6,105,0.05405405405405406,0.9459459459459459,0.2857142857142857,0.1891891891891892,1.3243243243243243,0.9459459459459459,FALSE,-5.402702026688978,6.564445710999344e-08,0.9999999343555429,-1.8969936785282273,1.8969936785282273
word_count__lte_p05__AND__raw_token_count__lte_p05,word_count + raw_token_count,(word_count <= p05 (12)) AND (raw_token_count <= p05 (12)),287,0.05857142857142857,17,270,0.059233449477351915,0.9407665505226481,0.2857142857142857,0.20731707317073172,1.3170731707317074,0.9407665505226481,FALSE,-8.493182344767089,2.0105448031637515e-17,1.0,-1.8900508135858283,1.8900508135858283
"raw_token_count__quantile_(0.999,16.0]__AND__compression_ratio__quantile_(0.918,1.5]",raw_token_count + compression_ratio,"(raw_token_count in quantile bin (0.999, 16.0]) AND (compression_ratio in quantile bin (0.918, 1.5])",792,0.16163265306122448,54,738,0.06818181818181818,0.9318181818181818,0.2857142857142857,0.23863636363636362,1.3045454545454545,0.9318181818181818,FALSE,-13.551417235511167,7.771503735974809e-42,1.0,-1.8877929667278814,1.8877929667278814
"raw_token_count__quantile_(0.999,16.0]__AND__word_count__lte_p05",raw_token_count + word_count,"(raw_token_count in quantile bin (0.999, 16.0]) AND (word_count <= p05 (12))",301,0.06142857142857143,18,283,0.059800664451827246,0.9401993355481728,0.2857142857142857,0.20930232558139536,1.3162790697674418,0.9401993355481728,FALSE,-8.67608313726022,4.096327603440138e-18,1.0,-1.8847301850097358,1.8847301850097358
word_count__lte_p05__AND__raw_token_count__lte_p10,word_count + raw_token_count,(word_count <= p05 (12)) AND (raw_token_count <= p10 (13)),301,0.06142857142857143,18,283,0.059800664451827246,0.9401993355481728,0.2857142857142857,0.20930232558139536,1.3162790697674418,0.9401993355481728,FALSE,-8.67608313726022,4.096327603440138e-18,1.0,-1.8847301850097358,1.8847301850097358
"byte_length__quantile_(15.999,96.0]__AND__raw_token_count__lte_p05",byte_length + raw_token_count,"(byte_length in quantile bin (15.999, 96.0]) AND (raw_token_count <= p05 (12))",345,0.07040816326530612,21,324,0.06086956521739131,0.9391304347826087,0.2857142857142857,0.21304347826086958,1.3147826086956522,0.9391304347826087,FALSE,-9.24464592404001,2.3602084069108582e-20,1.0,-1.8801737539612804,1.8801737539612804
"word_count__quantile_(-0.001,16.0]__AND__compression_ratio__quantile_(0.918,1.5]",word_count + compression_ratio,"(word_count in quantile bin (-0.001, 16.0]) AND (compression_ratio in quantile bin (0.918, 1.5])",772,0.15755102040816327,53,719,0.06865284974093264,0.9313471502590673,0.2857142857142857,0.24028497409326424,1.3038860103626941,0.9313471502590673,FALSE,-13.350248876995522,1.1805384555519752e-40,1.0,-1.874135545693266,1.874135545693266
raw_token_count__lte_p10__AND__hapax_token_ratio__eq_0,raw_token_count + hapax_token_ratio,(raw_token_count <= p10 (13)) AND (hapax_token_ratio == 0),125,0.025510204081632654,7,118,0.056,0.944,0.2857142857142857,0.196,1.3215999999999999,0.944,FALSE,-5.685138520739842,1.3070667257073168e-08,0.9999999869293328,-1.873213426909981,1.873213426909981
raw_token_count__lte_p10__AND__hapax_token_ratio__lte_p10,raw_token_count + hapax_token_ratio,(raw_token_count <= p10 (13)) AND (hapax_token_ratio <= p10 (0)),125,0.025510204081632654,7,118,0.056,0.944,0.2857142857142857,0.196,1.3215999999999999,0.944,FALSE,-5.685138520739842,1.3070667257073168e-08,0.9999999869293328,-1.873213426909981,1.873213426909981
raw_token_count__lte_p10__AND__hapax_token_ratio__lte_p05,raw_token_count + hapax_token_ratio,(raw_token_count <= p10 (13)) AND (hapax_token_ratio <= p05 (0)),125,0.025510204081632654,7,118,0.056,0.944,0.2857142857142857,0.196,1.3215999999999999,0.944,FALSE,-5.685138520739842,1.3070667257073168e-08,0.9999999869293328,-1.873213426909981,1.873213426909981
"word_count__quantile_(-0.001,16.0]__AND__token_entropy__lte_p10",word_count + token_entropy,"(word_count in quantile bin (-0.001, 16.0]) AND (token_entropy <= p10 (3.66388))",428,0.08734693877551021,27,401,0.0630841121495327,0.9369158878504673,0.2857142857142857,0.22079439252336447,1.3116822429906543,0.9369158878504673,FALSE,-10.195392490600016,2.079030490258102e-24,1.0,-1.867142947107645,1.867142947107645
raw_token_count__lte_p05__AND__token_entropy__lte_p10,raw_token_count + token_entropy,(raw_token_count <= p05 (12)) AND (token_entropy <= p10 (3.66388)),311,0.06346938775510204,19,292,0.06109324758842444,0.9389067524115756,0.2857142857142857,0.21382636655948553,1.3144694533762058,0.9389067524115756,FALSE,-8.768567804977177,1.809531922075694e-18,1.0,-1.8654165282751112,1.8654165282751112
char_length__lte_p05__AND__max_word_length__lte_p05,char_length + max_word_length,(char_length <= p05 (71)) AND (max_word_length <= p05 (7)),91,0.018571428571428572,5,86,0.054945054945054944,0.945054945054945,0.2857142857142857,0.19230769230769232,1.323076923076923,0.945054945054945,FALSE,-4.873002549368699,1.0991480407155181e-06,0.9999989008519593,-1.8606180262746415,1.8606180262746415
compression_ratio__gte_p90__AND__max_word_length__lte_p10,compression_ratio + max_word_length,(compression_ratio >= p90 (0.987179)) AND (max_word_length <= p10 (8)),203,0.041428571428571426,12,191,0.059113300492610835,0.9408866995073891,0.2857142857142857,0.20689655172413793,1.3172413793103448,0.9408866995073891,FALSE,-7.146737862057452,8.886434309667826e-13,0.9999999999991114,-1.860586071500322,1.860586071500322
char_length__lte_p10__AND__compression_ratio__gte_p95,char_length + compression_ratio,(char_length <= p10 (81)) AND (compression_ratio >= p95 (1.04225)),234,0.04775510204081632,14,220,0.05982905982905983,0.9401709401709402,0.2857142857142857,0.20940170940170943,1.3162393162393162,0.9401709401709402,FALSE,-7.648808633001187,2.0284985179505465e-14,0.9999999999999797,-1.8605357817312724,1.8605357817312724
"token_entropy__quantile_(-0.001,3.875]__AND__raw_token_count__lte_p10",token_entropy + raw_token_count,"(token_entropy in quantile bin (-0.001, 3.875]) AND (raw_token_count <= p10 (13))",508,0.1036734693877551,33,475,0.06496062992125984,0.9350393700787402,0.2857142857142857,0.22736220472440943,1.3090551181102361,0.9350393700787402,FALSE,-11.013815590351408,3.2781967508324267e-28,1.0,-1.8587293313881845,1.8587293313881845
"word_count__lte_p05__AND__compression_ratio__quantile_(0.918,1.5]",word_count + compression_ratio,"(word_count <= p05 (12)) AND (compression_ratio in quantile bin (0.918, 1.5])",278,0.05673469387755102,17,261,0.06115107913669065,0.9388489208633094,0.2857142857142857,0.2140287769784173,1.314388489208633,0.9388489208633094,FALSE,-8.28817741678388,1.1499695994770153e-16,0.9999999999999999,-1.853430925912478,1.853430925912478
token_entropy__lte_p10__AND__max_word_length__lte_p10,token_entropy + max_word_length,(token_entropy <= p10 (3.66388)) AND (max_word_length <= p10 (8)),153,0.031224489795918367,9,144,0.058823529411764705,0.9411764705882353,0.2857142857142857,0.2058823529411765,1.3176470588235294,0.9411764705882353,FALSE,-6.2124164096637,5.217593779958491e-10,0.9999999994782406,-1.8414712465331309,1.8414712465331309
"raw_token_count__quantile_(0.999,16.0]__AND__token_entropy__quantile_(3.875,4.17]",raw_token_count + token_entropy,"(raw_token_count in quantile bin (0.999, 16.0]) AND (token_entropy in quantile bin (3.875, 4.17])",304,0.062040816326530614,19,285,0.0625,0.9375,0.2857142857142857,0.21875,1.3125,0.9375,FALSE,-8.615030470056388,6.992299736773754e-18,1.0,-1.8390145623149172,1.8390145623149172
"char_length__quantile_(15.999,96.0]__AND__raw_token_count__lte_p05",char_length + raw_token_count,"(char_length in quantile bin (15.999, 96.0]) AND (raw_token_count <= p05 (12))",347,0.07081632653061225,22,325,0.06340057636887608,0.9365994236311239,0.2857142857142857,0.2219020172910663,1.3112391930835734,0.9365994236311239,FALSE,-9.167037805778094,4.861952987450366e-20,1.0,-1.8373780036590714,1.8373780036590714
word_count__lte_p05__AND__compression_ratio__gte_p95,word_count + compression_ratio,(word_count <= p05 (12)) AND (compression_ratio >= p95 (1.04225)),168,0.03428571428571429,10,158,0.05952380952380952,0.9404761904761905,0.2857142857142857,0.20833333333333334,1.3166666666666667,0.9404761904761905,FALSE,-6.489735485107745,8.598720826362026e-11,0.9999999999140128,-1.8373237008517789,1.8373237008517789
rare_token_ratio__lte_p10__AND__compression_ratio__gte_p90,rare_token_ratio + compression_ratio,(rare_token_ratio <= p10 (0)) AND (compression_ratio >= p90 (0.987179)),89,0.018163265306122448,5,84,0.056179775280898875,0.9438202247191011,0.2857142857142857,0.19662921348314608,1.3213483146067415,0.9438202247191011,FALSE,-4.793370890551034,1.640020196416503e-06,0.9999983599798036,-1.836639580880247,1.836639580880247
rare_token_ratio__eq_0__AND__compression_ratio__gte_p90,rare_token_ratio + compression_ratio,(rare_token_ratio == 0) AND (compression_ratio >= p90 (0.987179)),89,0.018163265306122448,5,84,0.056179775280898875,0.9438202247191011,0.2857142857142857,0.19662921348314608,1.3213483146067415,0.9438202247191011,FALSE,-4.793370890551034,1.640020196416503e-06,0.9999983599798036,-1.836639580880247,1.836639580880247
rare_token_ratio__lte_p05__AND__compression_ratio__gte_p90,rare_token_ratio + compression_ratio,(rare_token_ratio <= p05 (0)) AND (compression_ratio >= p90 (0.987179)),89,0.018163265306122448,5,84,0.056179775280898875,0.9438202247191011,0.2857142857142857,0.19662921348314608,1.3213483146067415,0.9438202247191011,FALSE,-4.793370890551034,1.640020196416503e-06,0.9999983599798036,-1.836639580880247,1.836639580880247
"word_count__quantile_(-0.001,16.0]__AND__raw_token_count__lte_p10",word_count + raw_token_count,"(word_count in quantile bin (-0.001, 16.0]) AND (raw_token_count <= p10 (13))",522,0.10653061224489796,35,487,0.06704980842911877,0.9329501915708812,0.2857142857142857,0.23467432950191572,1.3061302681992337,0.9329501915708812,FALSE,-11.058889733856372,1.9853985287084448e-28,1.0,-1.8281760619471927,1.8281760619471927
char_length__lte_p05__AND__token_entropy__lte_p05,char_length + token_entropy,(char_length <= p05 (71)) AND (token_entropy <= p05 (3.45943)),135,0.027551020408163266,8,127,0.05925925925925926,0.9407407407407408,0.2857142857142857,0.20740740740740743,1.317037037037037,0.9407407407407408,FALSE,-5.824342277284445,5.733795801479175e-09,0.9999999942662042,-1.823200112836169,1.823200112836169
rare_token_ratio__lte_p10__AND__hapax_token_ratio__eq_0,rare_token_ratio + hapax_token_ratio,(rare_token_ratio <= p10 (0)) AND (hapax_token_ratio == 0),632,0.12897959183673469,44,588,0.06962025316455696,0.930379746835443,0.2857142857142857,0.24367088607594936,1.30253164556962,0.930379746835443,FALSE,-12.0253950696964,2.6133509063493543e-33,1.0,-1.8179837717531673,1.8179837717531673
rare_token_ratio__lte_p10__AND__hapax_token_ratio__lte_p10,rare_token_ratio + hapax_token_ratio,(rare_token_ratio <= p10 (0)) AND (hapax_token_ratio <= p10 (0)),632,0.12897959183673469,44,588,0.06962025316455696,0.930379746835443,0.2857142857142857,0.24367088607594936,1.30253164556962,0.930379746835443,FALSE,-12.0253950696964,2.6133509063493543e-33,1.0,-1.8179837717531673,1.8179837717531673
rare_token_ratio__lte_p10__AND__hapax_token_ratio__lte_p05,rare_token_ratio + hapax_token_ratio,(rare_token_ratio <= p10 (0)) AND (hapax_token_ratio <= p05 (0)),632,0.12897959183673469,44,588,0.06962025316455696,0.930379746835443,0.2857142857142857,0.24367088607594936,1.30253164556962,0.930379746835443,FALSE,-12.0253950696964,2.6133509063493543e-33,1.0,-1.8179837717531673,1.8179837717531673
rare_token_ratio__eq_0__AND__hapax_token_ratio__eq_0,rare_token_ratio + hapax_token_ratio,(rare_token_ratio == 0) AND (hapax_token_ratio == 0),632,0.12897959183673469,44,588,0.06962025316455696,0.930379746835443,0.2857142857142857,0.24367088607594936,1.30253164556962,0.930379746835443,FALSE,-12.0253950696964,2.6133509063493543e-33,1.0,-1.8179837717531673,1.8179837717531673
rare_token_ratio__eq_0__AND__hapax_token_ratio__lte_p10,rare_token_ratio + hapax_token_ratio,(rare_token_ratio == 0) AND (hapax_token_ratio <= p10 (0)),632,0.12897959183673469,44,588,0.06962025316455696,0.930379746835443,0.2857142857142857,0.24367088607594936,1.30253164556962,0.930379746835443,FALSE,-12.0253950696964,2.6133509063493543e-33,1.0,-1.8179837717531673,1.8179837717531673
rare_token_ratio__eq_0__AND__hapax_token_ratio__lte_p05,rare_token_ratio + hapax_token_ratio,(rare_token_ratio == 0) AND (hapax_token_ratio <= p05 (0)),632,0.12897959183673469,44,588,0.06962025316455696,0.930379746835443,0.2857142857142857,0.24367088607594936,1.30253164556962,0.930379746835443,FALSE,-12.0253950696964,2.6133509063493543e-33,1.0,-1.8179837717531673,1.8179837717531673
rare_token_ratio__lte_p05__AND__hapax_token_ratio__eq_0,rare_token_ratio + hapax_token_ratio,(rare_token_ratio <= p05 (0)) AND (hapax_token_ratio == 0),632,0.12897959183673469,44,588,0.06962025316455696,0.930379746835443,0.2857142857142857,0.24367088607594936,1.30253164556962,0.930379746835443,FALSE,-12.0253950696964,2.6133509063493543e-33,1.0,-1.8179837717531673,1.8179837717531673
rare_token_ratio__lte_p05__AND__hapax_token_ratio__lte_p10,rare_token_ratio + hapax_token_ratio,(rare_token_ratio <= p05 (0)) AND (hapax_token_ratio <= p10 (0)),632,0.12897959183673469,44,588,0.06962025316455696,0.930379746835443,0.2857142857142857,0.24367088607594936,1.30253164556962,0.930379746835443,FALSE,-12.0253950696964,2.6133509063493543e-33,1.0,-1.8179837717531673,1.8179837717531673
rare_token_ratio__lte_p05__AND__hapax_token_ratio__lte_p05,rare_token_ratio + hapax_token_ratio,(rare_token_ratio <= p05 (0)) AND (hapax_token_ratio <= p05 (0)),632,0.12897959183673469,44,588,0.06962025316455696,0.930379746835443,0.2857142857142857,0.24367088607594936,1.30253164556962,0.930379746835443,FALSE,-12.0253950696964,2.6133509063493543e-33,1.0,-1.8179837717531673,1.8179837717531673
byte_length__lte_p05__AND__max_word_length__lte_p05,byte_length + max_word_length,(byte_length <= p05 (71)) AND (max_word_length <= p05 (7)),87,0.017755102040816328,5,82,0.05747126436781609,0.9425287356321839,0.2857142857142857,0.20114942528735633,1.3195402298850574,0.9425287356321839,FALSE,-4.712541350164632,2.4464641669772524e-06,0.999997553535833,-1.8121011167247383,1.8121011167247383
byte_length__lte_p10__AND__sentence_count__gte_p90,byte_length + sentence_count,(byte_length <= p10 (81)) AND (sentence_count >= p90 (3)),117,0.02387755102040816,7,110,0.05982905982905983,0.9401709401709402,0.2857142857142857,0.20940170940170943,1.3162393162393162,0.9401709401709402,FALSE,-5.408524452393346,6.354611243852583e-08,0.9999999364538875,-1.8009536652136489,1.8009536652136489
"byte_length__lte_p10__AND__sentence_count__quantile_(2.0,49.0]",byte_length + sentence_count,"(byte_length <= p10 (81)) AND (sentence_count in quantile bin (2.0, 49.0])",117,0.02387755102040816,7,110,0.05982905982905983,0.9401709401709402,0.2857142857142857,0.20940170940170943,1.3162393162393162,0.9401709401709402,FALSE,-5.408524452393346,6.354611243852583e-08,0.9999999364538875,-1.8009536652136489,1.8009536652136489
"byte_length__quantile_(15.999,96.0]__AND__compression_ratio__gte_p90",byte_length + compression_ratio,"(byte_length in quantile bin (15.999, 96.0]) AND (compression_ratio >= p90 (0.987179))",457,0.09326530612244897,31,426,0.06783369803063458,0.9321663019693655,0.2857142857142857,0.23741794310722103,1.3050328227571115,0.9321663019693655,FALSE,-10.31038014482751,6.32506333049814e-25,1.0,-1.796928244409755,1.796928244409755
hapax_token_ratio__eq_0__AND__max_word_length__lte_p10,hapax_token_ratio + max_word_length,(hapax_token_ratio == 0) AND (max_word_length <= p10 (8)),235,0.04795918367346939,15,220,0.06382978723404255,0.9361702127659575,0.2857142857142857,0.22340425531914893,1.3106382978723403,0.9361702127659575,FALSE,-7.529375097689192,5.0983728344386775e-14,0.999999999999949,-1.7931229064798007,1.7931229064798007
hapax_token_ratio__lte_p10__AND__max_word_length__lte_p10,hapax_token_ratio + max_word_length,(hapax_token_ratio <= p10 (0)) AND (max_word_length <= p10 (8)),235,0.04795918367346939,15,220,0.06382978723404255,0.9361702127659575,0.2857142857142857,0.22340425531914893,1.3106382978723403,0.9361702127659575,FALSE,-7.529375097689192,5.0983728344386775e-14,0.999999999999949,-1.7931229064798007,1.7931229064798007
hapax_token_ratio__lte_p05__AND__max_word_length__lte_p10,hapax_token_ratio + max_word_length,(hapax_token_ratio <= p05 (0)) AND (max_word_length <= p10 (8)),235,0.04795918367346939,15,220,0.06382978723404255,0.9361702127659575,0.2857142857142857,0.22340425531914893,1.3106382978723403,0.9361702127659575,FALSE,-7.529375097689192,5.0983728344386775e-14,0.999999999999949,-1.7931229064798007,1.7931229064798007
byte_length__lte_p05__AND__token_entropy__lte_p05,byte_length + token_entropy,(byte_length <= p05 (71)) AND (token_entropy <= p05 (3.45943)),131,0.026734693877551022,8,123,0.061068702290076333,0.9389312977099237,0.2857142857142857,0.21374045801526717,1.3145038167938932,0.9389312977099237,FALSE,-5.691563329154037,1.2588144972822829e-08,0.999999987411855,-1.7901398945388463,1.7901398945388463
raw_token_count__lte_p05__AND__hapax_token_ratio__eq_0,raw_token_count + hapax_token_ratio,(raw_token_count <= p05 (12)) AND (hapax_token_ratio == 0),85,0.017346938775510204,5,80,0.058823529411764705,0.9411764705882353,0.2857142857142857,0.2058823529411765,1.3176470588235294,0.9411764705882353,FALSE,-4.630461798847738,3.6485109408413805e-06,0.9999963514890592,-1.7869751269614167,1.7869751269614167
raw_token_count__lte_p05__AND__hapax_token_ratio__lte_p10,raw_token_count + hapax_token_ratio,(raw_token_count <= p05 (12)) AND (hapax_token_ratio <= p10 (0)),85,0.017346938775510204,5,80,0.058823529411764705,0.9411764705882353,0.2857142857142857,0.2058823529411765,1.3176470588235294,0.9411764705882353,FALSE,-4.630461798847738,3.6485109408413805e-06,0.9999963514890592,-1.7869751269614167,1.7869751269614167
raw_token_count__lte_p05__AND__hapax_token_ratio__lte_p05,raw_token_count + hapax_token_ratio,(raw_token_count <= p05 (12)) AND (hapax_token_ratio <= p05 (0)),85,0.017346938775510204,5,80,0.058823529411764705,0.9411764705882353,0.2857142857142857,0.2058823529411765,1.3176470588235294,0.9411764705882353,FALSE,-4.630461798847738,3.6485109408413805e-06,0.9999963514890592,-1.7869751269614167,1.7869751269614167
"token_entropy__quantile_(-0.001,3.875]__AND__word_count__lte_p05",token_entropy + word_count,"(token_entropy in quantile bin (-0.001, 3.875]) AND (word_count <= p05 (12))",304,0.062040816326530614,20,284,0.06578947368421052,0.9342105263157895,0.2857142857142857,0.23026315789473684,1.3078947368421052,0.9342105263157895,FALSE,-8.488072126287136,2.1009317002303736e-17,1.0,-1.7844603079411772,1.7844603079411772
word_count__lte_p05__AND__token_entropy__lte_p10,word_count + token_entropy,(word_count <= p05 (12)) AND (token_entropy <= p10 (3.66388)),304,0.062040816326530614,20,284,0.06578947368421052,0.9342105263157895,0.2857142857142857,0.23026315789473684,1.3078947368421052,0.9342105263157895,FALSE,-8.488072126287136,2.1009317002303736e-17,1.0,-1.7844603079411772,1.7844603079411772
"max_repeated_char_run__lte_p05__AND__raw_token_count__quantile_(16.0,20.0]",max_repeated_char_run + raw_token_count,"(max_repeated_char_run <= p05 (1)) AND (raw_token_count in quantile bin (16.0, 20.0])",99,0.02020408163265306,6,93,0.06060606060606061,0.9393939393939394,0.2857142857142857,0.21212121212121213,1.3151515151515152,0.9393939393939394,FALSE,-4.95800546407708,7.122056081351195e-07,0.9999992877943918,-1.772716302889906,1.772716302889906
raw_token_count__lte_p05__AND__compression_ratio__gte_p95,raw_token_count + compression_ratio,(raw_token_count <= p05 (12)) AND (compression_ratio >= p95 (1.04225)),187,0.03816326530612245,12,175,0.06417112299465241,0.9358288770053476,0.2857142857142857,0.22459893048128346,1.3101604278074865,0.9358288770053476,FALSE,-6.706210705911764,1.9974324939747236e-11,0.9999999999800256,-1.7685143876200433,1.7685143876200433
word_count__lte_p10__AND__raw_token_count__lte_p05,word_count + raw_token_count,(word_count <= p10 (14)) AND (raw_token_count <= p05 (12)),354,0.07224489795918368,24,330,0.06779661016949153,0.9322033898305084,0.2857142857142857,0.23728813559322035,1.3050847457627117,0.9322033898305084,FALSE,-9.075950713612993,1.126893561962783e-19,1.0,-1.7675882831836354,1.7675882831836354
token_entropy__lte_p10__AND__compression_ratio__gte_p90,token_entropy + compression_ratio,(token_entropy <= p10 (3.66388)) AND (compression_ratio >= p90 (0.987179)),257,0.05244897959183673,17,240,0.06614785992217899,0.933852140077821,0.2857142857142857,0.23151750972762647,1.3073929961089494,0.933852140077821,FALSE,-7.791669701130657,6.6129418464849796e-15,0.9999999999999933,-1.7632551710100712,1.7632551710100712
max_repeated_char_run__lte_p05__AND__max_word_length__lte_p10,max_repeated_char_run + max_word_length,(max_repeated_char_run <= p05 (1)) AND (max_word_length <= p10 (8)),98,0.02,6,92,0.061224489795918366,0.9387755102040817,0.2857142857142857,0.2142857142857143,1.3142857142857143,0.9387755102040817,FALSE,-4.919349550499537,8.683228085454739e-07,0.9999991316771915,-1.7616700838814916,1.7616700838814916
word_count__lte_p10__AND__compression_ratio__gte_p90,word_count + compression_ratio,(word_count <= p10 (14)) AND (compression_ratio >= p90 (0.987179)),376,0.07673469387755102,26,350,0.06914893617021277,0.9308510638297872,0.2857142857142857,0.2420212765957447,1.303191489361702,0.9308510638297872,FALSE,-9.295675041011549,1.462750225022206e-20,1.0,-1.7527448317056584,1.7527448317056584
"char_length__quantile_(15.999,96.0]__AND__compression_ratio__gte_p90",char_length + compression_ratio,"(char_length in quantile bin (15.999, 96.0]) AND (compression_ratio >= p90 (0.987179))",462,0.09428571428571429,33,429,0.07142857142857142,0.9285714285714286,0.2857142857142857,0.25,1.3,0.9285714285714286,FALSE,-10.195587280779856,2.074866758469056e-24,1.0,-1.7418945162854433,1.7418945162854433
"raw_token_count__lte_p10__AND__compression_ratio__quantile_(0.918,1.5]",raw_token_count + compression_ratio,"(raw_token_count <= p10 (13)) AND (compression_ratio in quantile bin (0.918, 1.5])",456,0.09306122448979592,33,423,0.07236842105263158,0.9276315789473685,0.2857142857142857,0.25328947368421056,1.2986842105263159,0.9276315789473685,FALSE,-10.084739643848547,6.453604208136241e-24,1.0,-1.725874751498616,1.725874751498616
compression_ratio__gte_p95__AND__max_word_length__lte_p10,compression_ratio + max_word_length,(compression_ratio >= p95 (1.04225)) AND (max_word_length <= p10 (8)),122,0.02489795918367347,8,114,0.06557377049180328,0.9344262295081968,0.2857142857142857,0.2295081967213115,1.3081967213114754,0.9344262295081968,FALSE,-5.38242434255036,7.348926861203625e-08,0.9999999265107314,-1.7118124126445042,1.7118124126445042
"compression_ratio__quantile_(0.918,1.5]__AND__max_word_length__lte_p10",compression_ratio + max_word_length,"(compression_ratio in quantile bin (0.918, 1.5]) AND (max_word_length <= p10 (8))",322,0.06571428571428571,23,299,0.07142857142857142,0.9285714285714286,0.2857142857142857,0.25,1.3,0.9285714285714286,FALSE,-8.511756575466665,1.7131794456927113e-17,1.0,-1.7017648084736035,1.7017648084736035
char_length__lte_p10__AND__sentence_count__gte_p90,char_length + sentence_count,(char_length <= p10 (81)) AND (sentence_count >= p90 (3)),120,0.024489795918367346,8,112,0.06666666666666667,0.9333333333333333,0.2857142857142857,0.23333333333333334,1.3066666666666666,0.9333333333333333,FALSE,-5.311622476544557,1.0865350963689954e-07,0.9999998913464904,-1.6936004053734754,1.6936004053734754
"char_length__lte_p10__AND__sentence_count__quantile_(2.0,49.0]",char_length + sentence_count,"(char_length <= p10 (81)) AND (sentence_count in quantile bin (2.0, 49.0])",120,0.024489795918367346,8,112,0.06666666666666667,0.9333333333333333,0.2857142857142857,0.23333333333333334,1.3066666666666666,0.9333333333333333,FALSE,-5.311622476544557,1.0865350963689954e-07,0.9999998913464904,-1.6936004053734754,1.6936004053734754
word_count__lte_p05__AND__compression_ratio__gte_p90,word_count + compression_ratio,(word_count <= p05 (12)) AND (compression_ratio >= p90 (0.987179)),227,0.0463265306122449,16,211,0.07048458149779736,0.9295154185022027,0.2857142857142857,0.24669603524229078,1.3013215859030838,0.9295154185022027,FALSE,-7.178160710755041,7.06554781725316e-13,0.9999999999992935,-1.6854681036647616,1.6854681036647616
byte_length__lte_p10__AND__token_entropy__lte_p05,byte_length + token_entropy,(byte_length <= p10 (81)) AND (token_entropy <= p05 (3.45943)),159,0.032448979591836735,11,148,0.06918238993710692,0.9308176100628931,0.2857142857142857,0.24213836477987422,1.3031446540880502,0.9308176100628931,FALSE,-6.043916844035006,1.5041705813284005e-09,0.9999999984958294,-1.6774755569002748,1.6774755569002748
raw_token_count__lte_p05__AND__max_word_length__lte_p10,raw_token_count + max_word_length,(raw_token_count <= p05 (12)) AND (max_word_length <= p10 (8)),118,0.024081632653061225,8,110,0.06779661016949153,0.9322033898305084,0.2857142857142857,0.23728813559322035,1.3050847457627117,0.9322033898305084,FALSE,-5.240002587656237,1.605743455761282e-07,0.9999998394256544,-1.6750726471390789,1.6750726471390789
"token_entropy__quantile_(-0.001,3.875]__AND__raw_token_count__lte_p05",token_entropy + raw_token_count,"(token_entropy in quantile bin (-0.001, 3.875]) AND (raw_token_count <= p05 (12))",364,0.07428571428571429,27,337,0.07417582417582418,0.9258241758241759,0.2857142857142857,0.25961538461538464,1.2961538461538462,0.9258241758241759,FALSE,-8.933838007175947,4.114796946675719e-19,1.0,-1.6730627225884485,1.6730627225884485
word_count__lte_p10__AND__compression_ratio__gte_p95,word_count + compression_ratio,(word_count <= p10 (14)) AND (compression_ratio >= p95 (1.04225)),221,0.04510204081632653,16,205,0.07239819004524888,0.9276018099547512,0.2857142857142857,0.2533936651583711,1.2986425339366516,0.9276018099547512,FALSE,-7.01968789189003,2.223644014305049e-12,0.9999999999977763,-1.6548668151479962,1.6548668151479962
word_count__lte_p10__AND__max_word_length__lte_p05,word_count + max_word_length,(word_count <= p10 (14)) AND (max_word_length <= p05 (7)),102,0.020816326530612245,7,95,0.06862745098039216,0.9313725490196079,0.2857142857142857,0.24019607843137258,1.303921568627451,0.9313725490196079,FALSE,-4.8532382559099085,1.2146161922973228e-06,0.9999987853838077,-1.6506500231850496,1.6506500231850496
"token_entropy__quantile_(-0.001,3.875]__AND__compression_ratio__gte_p90",token_entropy + compression_ratio,"(token_entropy in quantile bin (-0.001, 3.875]) AND (compression_ratio >= p90 (0.987179))",417,0.08510204081632652,32,385,0.07673860911270983,0.9232613908872902,0.2857142857142857,0.2685851318944844,1.2925659472422062,0.9232613908872902,FALSE,-9.44630159950829,3.510142235771998e-21,1.0,-1.6506267001641495,1.6506267001641495
token_entropy__lte_p10__AND__max_word_length__lte_p05,token_entropy + max_word_length,(token_entropy <= p10 (3.66388)) AND (max_word_length <= p05 (7)),88,0.017959183673469388,6,82,0.06818181818181818,0.9318181818181818,0.2857142857142857,0.23863636363636362,1.3045454545454545,0.9318181818181818,FALSE,-4.517139078503721,6.268073877688414e-06,0.9999937319261223,-1.6443301861527388,1.6443301861527388
token_entropy__lte_p10__AND__hapax_token_ratio__eq_0,token_entropy + hapax_token_ratio,(token_entropy <= p10 (3.66388)) AND (hapax_token_ratio == 0),128,0.026122448979591838,9,119,0.0703125,0.9296875,0.2857142857142857,0.24609375,1.3015625,0.9296875,FALSE,-5.394513995718242,6.870927161614257e-08,0.9999999312907284,-1.6440874767160212,1.6440874767160212
token_entropy__lte_p10__AND__hapax_token_ratio__lte_p10,token_entropy + hapax_token_ratio,(token_entropy <= p10 (3.66388)) AND (hapax_token_ratio <= p10 (0)),128,0.026122448979591838,9,119,0.0703125,0.9296875,0.2857142857142857,0.24609375,1.3015625,0.9296875,FALSE,-5.394513995718242,6.870927161614257e-08,0.9999999312907284,-1.6440874767160212,1.6440874767160212
token_entropy__lte_p10__AND__hapax_token_ratio__lte_p05,token_entropy + hapax_token_ratio,(token_entropy <= p10 (3.66388)) AND (hapax_token_ratio <= p05 (0)),128,0.026122448979591838,9,119,0.0703125,0.9296875,0.2857142857142857,0.24609375,1.3015625,0.9296875,FALSE,-5.394513995718242,6.870927161614257e-08,0.9999999312907284,-1.6440874767160212,1.6440874767160212
"token_entropy__quantile_(-0.001,3.875]__AND__compression_ratio__gte_p95",token_entropy + compression_ratio,"(token_entropy in quantile bin (-0.001, 3.875]) AND (compression_ratio >= p95 (1.04225))",231,0.047142857142857146,17,214,0.0735930735930736,0.9264069264069265,0.2857142857142857,0.2575757575757576,1.296969696969697,0.9264069264069265,FALSE,-7.1365469962933075,9.570459492284676e-13,0.999999999999043,-1.640902208961953,1.640902208961953
"compression_ratio__quantile_(0.918,1.5]__AND__max_word_length__lte_p05",compression_ratio + max_word_length,"(compression_ratio in quantile bin (0.918, 1.5]) AND (max_word_length <= p05 (7))",165,0.0336734693877551,12,153,0.07272727272727272,0.9272727272727272,0.2857142857142857,0.2545454545454546,1.298181818181818,0.9272727272727272,FALSE,-6.056101356183169,1.3946014921473836e-09,0.9999999986053985,-1.627982151900523,1.627982151900523
"raw_token_count__quantile_(0.999,16.0]__AND__char_length__quantile_(96.0,122.0]",raw_token_count + char_length,"(raw_token_count in quantile bin (0.999, 16.0]) AND (char_length in quantile bin (96.0, 122.0])",252,0.05142857142857143,19,233,0.07539682539682539,0.9246031746031746,0.2857142857142857,0.2638888888888889,1.2944444444444445,0.9246031746031746,FALSE,-7.390496901051,1.4628110968745954e-13,0.9999999999998537,-1.6219123104043451,1.6219123104043451
compression_ratio__gte_p90__AND__max_word_length__lte_p05,compression_ratio + max_word_length,(compression_ratio >= p90 (0.987179)) AND (max_word_length <= p05 (7)),112,0.022857142857142857,8,104,0.07142857142857142,0.9285714285714286,0.2857142857142857,0.25,1.3,0.9285714285714286,FALSE,-5.019960159204453,5.168219753811365e-07,0.9999994831780247,-1.6174761110786773,1.6174761110786773
char_length__lte_p10__AND__token_entropy__lte_p05,char_length + token_entropy,(char_length <= p10 (81)) AND (token_entropy <= p05 (3.45943)),163,0.03326530612244898,12,151,0.0736196319018405,0.9263803680981595,0.2857142857142857,0.25766871165644173,1.2969325153374232,0.9263803680981595,FALSE,-5.994066595878645,2.0465749779588795e-09,0.999999997953425,-1.6142699274397003,1.6142699274397003
raw_token_count__lte_p10__AND__compression_ratio__gte_p95,raw_token_count + compression_ratio,(raw_token_count <= p10 (13)) AND (compression_ratio >= p95 (1.04225)),213,0.04346938775510204,16,197,0.07511737089201878,0.9248826291079812,0.2857142857142857,0.26291079812206575,1.2948356807511736,0.9248826291079812,FALSE,-6.803616823273799,1.0202468282933659e-11,0.9999999999897975,-1.6127347545757178,1.6127347545757178
"byte_length__quantile_(15.999,96.0]__AND__token_entropy__lte_p05",byte_length + token_entropy,"(byte_length in quantile bin (15.999, 96.0]) AND (token_entropy <= p05 (3.45943))",188,0.03836734693877551,14,174,0.07446808510638298,0.925531914893617,0.2857142857142857,0.26063829787234044,1.2957446808510638,0.925531914893617,FALSE,-6.411591895800751,1.4400791050545897e-10,0.9999999998559921,-1.6126379780898437,1.6126379780898437
"raw_token_count__quantile_(0.999,16.0]__AND__compression_ratio__gte_p90",raw_token_count + compression_ratio,"(raw_token_count in quantile bin (0.999, 16.0]) AND (compression_ratio >= p90 (0.987179))",458,0.09346938775510204,37,421,0.08078602620087336,0.9192139737991266,0.2857142857142857,0.2827510917030568,1.2868995633187772,0.9192139737991266,FALSE,-9.708063995989022,2.785779727589715e-22,1.0,-1.6047665216240903,1.6047665216240903
"token_entropy__quantile_(-0.001,3.875]__AND__char_entropy__lte_p05",token_entropy + char_entropy,"(token_entropy in quantile bin (-0.001, 3.875]) AND (char_entropy <= p05 (3.98924))",122,0.02489795918367347,9,113,0.07377049180327869,0.9262295081967213,0.2857142857142857,0.2581967213114754,1.29672131147541,0.9262295081967213,FALSE,-5.182014925540506,2.1950164537695175e-07,0.9999997804983546,-1.5908011540929514,1.5908011540929514
"byte_length__quantile_(15.999,96.0]__AND__compression_ratio__gte_p95",byte_length + compression_ratio,"(byte_length in quantile bin (15.999, 96.0]) AND (compression_ratio >= p95 (1.04225))",244,0.04979591836734694,19,225,0.0778688524590164,0.9221311475409836,0.2857142857142857,0.27254098360655743,1.290983606557377,0.9221311475409836,FALSE,-7.186764930337879,6.634448910275128e-13,0.9999999999993365,-1.5846050295645722,1.5846050295645722
"char_entropy__quantile_(1.745,4.097]__AND__stopword_ratio__gte_p95",char_entropy + stopword_ratio,"(char_entropy in quantile bin (1.745, 4.097]) AND (stopword_ratio >= p95 (0.5625))",121,0.02469387755102041,9,112,0.0743801652892562,0.9256198347107438,0.2857142857142857,0.2603305785123967,1.2958677685950413,0.9256198347107438,FALSE,-5.145888192455817,2.6625798026172834e-07,0.9999997337420198,-1.5816563794277574,1.5816563794277574
"raw_token_count__quantile_(0.999,16.0]__AND__byte_length__quantile_(96.0,123.0]",raw_token_count + byte_length,"(raw_token_count in quantile bin (0.999, 16.0]) AND (byte_length in quantile bin (96.0, 123.0])",266,0.054285714285714284,21,245,0.07894736842105263,0.9210526315789473,0.2857142857142857,0.27631578947368424,1.2894736842105263,0.9210526315789473,FALSE,-7.464829817921257,8.340734181158399e-14,0.9999999999999166,-1.576619253081382,1.576619253081382
"word_count__quantile_(-0.001,16.0]__AND__raw_token_count__lte_p05",word_count + raw_token_count,"(word_count in quantile bin (-0.001, 16.0]) AND (raw_token_count <= p05 (12))",368,0.07510204081632653,30,338,0.08152173913043478,0.9184782608695652,0.2857142857142857,0.2853260869565218,1.2858695652173913,0.9184782608695652,FALSE,-8.670853225154598,4.2889427700486964e-18,1.0,-1.5706101914460286,1.5706101914460286
"word_count__quantile_(-0.001,16.0]__AND__byte_length__quantile_(96.0,123.0]",word_count + byte_length,"(word_count in quantile bin (-0.001, 16.0]) AND (byte_length in quantile bin (96.0, 123.0])",241,0.049183673469387755,19,222,0.07883817427385892,0.921161825726141,0.2857142857142857,0.27593360995850624,1.2896265560165974,0.921161825726141,FALSE,-7.109137361515549,1.167704870162883e-12,0.9999999999988323,-1.570296500696391,1.570296500696391
"raw_token_count__lte_p05__AND__compression_ratio__quantile_(0.918,1.5]",raw_token_count + compression_ratio,"(raw_token_count <= p05 (12)) AND (compression_ratio in quantile bin (0.918, 1.5])",333,0.06795918367346938,27,306,0.08108108108108109,0.918918918918919,0.2857142857142857,0.2837837837837838,1.2864864864864864,0.918918918918919,FALSE,-8.266016394069577,1.3850951436056613e-16,0.9999999999999999,-1.5669633961966711,1.5669633961966711
raw_token_count__lte_p10__AND__compression_ratio__gte_p90,raw_token_count + compression_ratio,(raw_token_count <= p10 (13)) AND (compression_ratio >= p90 (0.987179)),342,0.06979591836734694,28,314,0.08187134502923976,0.9181286549707602,0.2857142857142857,0.28654970760233917,1.2853801169590644,0.9181286549707602,FALSE,-8.344623930292586,7.144085442989455e-17,0.9999999999999999,-1.5587907474952274,1.5587907474952274
"char_length__quantile_(15.999,96.0]__AND__token_entropy__lte_p05",char_length + token_entropy,"(char_length in quantile bin (15.999, 96.0]) AND (token_entropy <= p05 (3.45943))",191,0.038979591836734696,15,176,0.07853403141361257,0.9214659685863874,0.2857142857142857,0.274869109947644,1.2900523560209423,0.9214659685863874,FALSE,-6.338158353094416,2.3252777773256997e-10,0.9999999997674722,-1.557222650908674,1.557222650908674
"word_count__quantile_(-0.001,16.0]__AND__compression_ratio__gte_p95",word_count + compression_ratio,"(word_count in quantile bin (-0.001, 16.0]) AND (compression_ratio >= p95 (1.04225))",246,0.05020408163265306,20,226,0.08130081300813008,0.9186991869918699,0.2857142857142857,0.2845528455284553,1.2861788617886178,0.9186991869918699,FALSE,-7.097004979200504,1.274894673280195e-12,0.9999999999987251,-1.538600625490827,1.538600625490827
"word_count__quantile_(-0.001,16.0]__AND__compression_ratio__gte_p90",word_count + compression_ratio,"(word_count in quantile bin (-0.001, 16.0]) AND (compression_ratio >= p90 (0.987179))",455,0.09285714285714286,39,416,0.08571428571428572,0.9142857142857143,0.2857142857142857,0.30000000000000004,1.28,0.9142857142857143,FALSE,-9.443516294262427,3.604749009360277e-21,1.0,-1.5377832531639422,1.5377832531639422
word_count__lte_p05__AND__sentence_count__gte_p90,word_count + sentence_count,(word_count <= p05 (12)) AND (sentence_count >= p90 (3)),92,0.018775510204081632,7,85,0.07608695652173914,0.9239130434782609,0.2857142857142857,0.266304347826087,1.2934782608695652,0.9239130434782609,FALSE,-4.450818195421562,8.554374034355952e-06,0.9999914456259656,-1.5371080281505487,1.5371080281505487
"word_count__lte_p05__AND__sentence_count__quantile_(2.0,49.0]",word_count + sentence_count,"(word_count <= p05 (12)) AND (sentence_count in quantile bin (2.0, 49.0])",92,0.018775510204081632,7,85,0.07608695652173914,0.9239130434782609,0.2857142857142857,0.266304347826087,1.2934782608695652,0.9239130434782609,FALSE,-4.450818195421562,8.554374034355952e-06,0.9999914456259656,-1.5371080281505487,1.5371080281505487
raw_token_count__lte_p10__AND__token_entropy__lte_p05,raw_token_count + token_entropy,(raw_token_count <= p10 (13)) AND (token_entropy <= p05 (3.45943)),184,0.037551020408163265,15,169,0.08152173913043478,0.9184782608695652,0.2857142857142857,0.2853260869565218,1.2858695652173913,0.9184782608695652,FALSE,-6.131219114180063,8.720819670335624e-10,0.999999999127918,-1.5146513351957454,1.5146513351957454
word_count__lte_p05__AND__max_word_length__lte_p10,word_count + max_word_length,(word_count <= p05 (12)) AND (max_word_length <= p10 (8)),102,0.020816326530612245,8,94,0.0784313725490196,0.9215686274509803,0.2857142857142857,0.27450980392156865,1.2901960784313724,0.9215686274509803,FALSE,-4.6340597540301065,3.5856342217979804e-06,0.9999964143657782,-1.5139489925911425,1.5139489925911425
"token_entropy__quantile_(-0.001,3.875]__AND__char_length__quantile_(96.0,122.0]",token_entropy + char_length,"(token_entropy in quantile bin (-0.001, 3.875]) AND (char_length in quantile bin (96.0, 122.0])",169,0.034489795918367344,14,155,0.08284023668639054,0.9171597633136095,0.2857142857142857,0.2899408284023669,1.2840236686390532,0.9171597633136095,FALSE,-5.838051064926238,5.281497171205684e-09,0.9999999947185029,-1.4916635090257213,1.4916635090257213
"char_length__quantile_(15.999,96.0]__AND__compression_ratio__gte_p95",char_length + compression_ratio,"(char_length in quantile bin (15.999, 96.0]) AND (compression_ratio >= p95 (1.04225))",247,0.05040816326530612,21,226,0.08502024291497975,0.9149797570850202,0.2857142857142857,0.2975708502024292,1.2809716599190282,0.9149797570850202,FALSE,-6.9820185473795044,2.9096870327486166e-12,0.9999999999970903,-1.490247938788704,1.490247938788704
"raw_token_count__quantile_(0.999,16.0]__AND__compression_ratio__gte_p95",raw_token_count + compression_ratio,"(raw_token_count in quantile bin (0.999, 16.0]) AND (compression_ratio >= p95 (1.04225))",247,0.05040816326530612,21,226,0.08502024291497975,0.9149797570850202,0.2857142857142857,0.2975708502024292,1.2809716599190282,0.9149797570850202,FALSE,-6.9820185473795044,2.9096870327486166e-12,0.9999999999970903,-1.490247938788704,1.490247938788704
"token_entropy__quantile_(-0.001,3.875]__AND__raw_token_count__quantile_(16.0,20.0]",token_entropy + raw_token_count,"(token_entropy in quantile bin (-0.001, 3.875]) AND (raw_token_count in quantile bin (16.0, 20.0])",88,0.017959183673469388,7,81,0.07954545454545454,0.9204545454545454,0.2857142857142857,0.27840909090909094,1.2886363636363636,0.9204545454545454,FALSE,-4.281169126641587,1.8591399170023196e-05,0.99998140860083,-1.4880242260884045,1.4880242260884045
token_entropy__lte_p05__AND__max_word_length__lte_p10,token_entropy + max_word_length,(token_entropy <= p05 (3.45943)) AND (max_word_length <= p10 (8)),88,0.017959183673469388,7,81,0.07954545454545454,0.9204545454545454,0.2857142857142857,0.27840909090909094,1.2886363636363636,0.9204545454545454,FALSE,-4.281169126641587,1.8591399170023196e-05,0.99998140860083,-1.4880242260884045,1.4880242260884045
raw_token_count__lte_p05__AND__compression_ratio__gte_p90,raw_token_count + compression_ratio,(raw_token_count <= p05 (12)) AND (compression_ratio >= p90 (0.987179)),266,0.054285714285714284,23,243,0.08646616541353383,0.9135338345864662,0.2857142857142857,0.3026315789473684,1.2789473684210526,0.9135338345864662,FALSE,-7.193381460905938,6.320602978864609e-13,0.999999999999368,-1.4774267534006005,1.4774267534006005
"token_entropy__quantile_(-0.001,3.875]__AND__byte_length__quantile_(96.0,123.0]",token_entropy + byte_length,"(token_entropy in quantile bin (-0.001, 3.875]) AND (byte_length in quantile bin (96.0, 123.0])",178,0.036326530612244896,15,163,0.08426966292134831,0.9157303370786517,0.2857142857142857,0.2949438202247191,1.2820224719101123,0.9157303370786517,FALSE,-5.949270562406714,2.693400997743075e-09,0.999999997306599,-1.4768120280066352,1.4768120280066352
"word_count__quantile_(-0.001,16.0]__AND__char_length__quantile_(96.0,122.0]",word_count + char_length,"(word_count in quantile bin (-0.001, 16.0]) AND (char_length in quantile bin (96.0, 122.0])",233,0.047551020408163266,20,213,0.08583690987124463,0.9141630901287554,0.2857142857142857,0.30042918454935624,1.2798283261802574,0.9141630901287554,FALSE,-6.7536669422900895,1.4415445941210626e-11,0.9999999999855845,-1.4755303014085057,1.4755303014085057
word_count__lte_p10__AND__token_entropy__lte_p05,word_count + token_entropy,(word_count <= p10 (14)) AND (token_entropy <= p05 (3.45943)),188,0.03836734693877551,16,172,0.0851063829787234,0.9148936170212766,0.2857142857142857,0.2978723404255319,1.2808510638297872,0.9148936170212766,FALSE,-6.088705972990641,1.1382694423005705e-09,0.9999999988617305,-1.4698541671351377,1.4698541671351377
compression_ratio__gte_p95__AND__token_entropy__lte_p05,compression_ratio + token_entropy,(compression_ratio >= p95 (1.04225)) AND (token_entropy <= p05 (3.45943)),109,0.022244897959183673,9,100,0.08256880733944955,0.9174311926605505,0.2857142857142857,0.28899082568807344,1.2844036697247707,0.9174311926605505,FALSE,-4.6948146293192154,2.668485975082378e-06,0.9999973315140249,-1.4653257512428874,1.4653257512428874
raw_token_count__lte_p05__AND__token_entropy__lte_p05,raw_token_count + token_entropy,(raw_token_count <= p05 (12)) AND (token_entropy <= p05 (3.45943)),176,0.035918367346938776,15,161,0.08522727272727272,0.9147727272727273,0.2857142857142857,0.29829545454545453,1.2806818181818183,0.9147727272727273,FALSE,-5.887631488591532,3.917694547368506e-09,0.9999999960823055,-1.4639051088748527,1.4639051088748527
"raw_token_count__quantile_(0.999,16.0]__AND__token_entropy__lte_p05",raw_token_count + token_entropy,"(raw_token_count in quantile bin (0.999, 16.0]) AND (token_entropy <= p05 (3.45943))",198,0.04040816326530612,17,181,0.08585858585858586,0.9141414141414141,0.2857142857142857,0.3005050505050505,1.2797979797979797,0.9141414141414141,FALSE,-6.225112063410602,4.81211928936908e-10,0.999999999518788,-1.4638571238432037,1.4638571238432037
"char_entropy__quantile_(1.745,4.097]__AND__token_entropy__lte_p10",char_entropy + token_entropy,"(char_entropy in quantile bin (1.745, 4.097]) AND (token_entropy <= p10 (3.66388))",141,0.028775510204081634,12,129,0.0851063829787234,0.9148936170212766,0.2857142857142857,0.2978723404255319,1.2808510638297872,0.9148936170212766,FALSE,-5.272974048783944,1.3423055018111527e-07,0.9999998657694498,-1.4508185154035547,1.4508185154035547
"token_entropy__quantile_(-0.001,3.875]__AND__word_count__quantile_(16.0,20.0]",token_entropy + word_count,"(token_entropy in quantile bin (-0.001, 3.875]) AND (word_count in quantile bin (16.0, 20.0])",94,0.019183673469387756,8,86,0.0851063829787234,0.9148936170212766,0.2857142857142857,0.2978723404255319,1.2808510638297872,0.9148936170212766,FALSE,-4.305365282152718,1.6671041934742798e-05,0.9999833289580653,-1.4231478738418581,1.4231478738418581
"compression_ratio__quantile_(0.918,1.5]__AND__token_entropy__lte_p05",compression_ratio + token_entropy,"(compression_ratio in quantile bin (0.918, 1.5]) AND (token_entropy <= p05 (3.45943))",169,0.034489795918367344,15,154,0.08875739644970414,0.9112426035502958,0.2857142857142857,0.3106508875739645,1.2757396449704141,0.9112426035502958,FALSE,-5.6677745755325555,1.4466411633253719e-08,0.9999999855335884,-1.4175001341749354,1.4175001341749354
word_count__lte_p05__AND__token_entropy__lte_p05,word_count + token_entropy,(word_count <= p05 (12)) AND (token_entropy <= p05 (3.45943)),177,0.03612244897959184,16,161,0.0903954802259887,0.9096045197740112,0.2857142857142857,0.3163841807909605,1.2734463276836157,0.9096045197740112,FALSE,-5.752130531352493,8.812571227481454e-09,0.9999999911874288,-1.4006627302015022,1.4006627302015022
"byte_length__quantile_(15.999,96.0]__AND__sentence_count__gte_p90",byte_length + sentence_count,"(byte_length in quantile bin (15.999, 96.0]) AND (sentence_count >= p90 (3))",184,0.037551020408163265,17,167,0.09239130434782608,0.907608695652174,0.2857142857142857,0.3233695652173913,1.2706521739130434,0.907608695652174,FALSE,-5.8048424312959535,6.4426562521024745e-09,0.9999999935573437,-1.3793761875045187,1.3793761875045187
"byte_length__quantile_(15.999,96.0]__AND__sentence_count__quantile_(2.0,49.0]",byte_length + sentence_count,"(byte_length in quantile bin (15.999, 96.0]) AND (sentence_count in quantile bin (2.0, 49.0])",184,0.037551020408163265,17,167,0.09239130434782608,0.907608695652174,0.2857142857142857,0.3233695652173913,1.2706521739130434,0.907608695652174,FALSE,-5.8048424312959535,6.4426562521024745e-09,0.9999999935573437,-1.3793761875045187,1.3793761875045187
"char_length__quantile_(15.999,96.0]__AND__sentence_count__gte_p90",char_length + sentence_count,"(char_length in quantile bin (15.999, 96.0]) AND (sentence_count >= p90 (3))",184,0.037551020408163265,17,167,0.09239130434782608,0.907608695652174,0.2857142857142857,0.3233695652173913,1.2706521739130434,0.907608695652174,FALSE,-5.8048424312959535,6.4426562521024745e-09,0.9999999935573437,-1.3793761875045187,1.3793761875045187
"char_length__quantile_(15.999,96.0]__AND__sentence_count__quantile_(2.0,49.0]",char_length + sentence_count,"(char_length in quantile bin (15.999, 96.0]) AND (sentence_count in quantile bin (2.0, 49.0])",184,0.037551020408163265,17,167,0.09239130434782608,0.907608695652174,0.2857142857142857,0.3233695652173913,1.2706521739130434,0.907608695652174,FALSE,-5.8048424312959535,6.4426562521024745e-09,0.9999999935573437,-1.3793761875045187,1.3793761875045187
"token_entropy__quantile_(3.875,4.17]__AND__raw_token_count__quantile_(16.0,20.0]",token_entropy + raw_token_count,"(token_entropy in quantile bin (3.875, 4.17]) AND (raw_token_count in quantile bin (16.0, 20.0])",511,0.10428571428571429,51,460,0.09980430528375733,0.9001956947162426,0.2857142857142857,0.3493150684931507,1.2602739726027397,0.9001956947162426,FALSE,-9.302746685275856,1.3686349570044034e-20,1.0,-1.378443225923566,1.378443225923566
compression_ratio__gte_p90__AND__token_entropy__lte_p05,compression_ratio + token_entropy,(compression_ratio >= p90 (0.987179)) AND (token_entropy <= p05 (3.45943)),132,0.026938775510204082,12,120,0.09090909090909091,0.9090909090909091,0.2857142857142857,0.31818181818181823,1.2727272727272727,0.9090909090909091,FALSE,-4.954336943068622,7.257734782341898e-07,0.9999992742265218,-1.376121508838576,1.376121508838576
"word_count__quantile_(-0.001,16.0]__AND__token_entropy__lte_p05",word_count + token_entropy,"(word_count in quantile bin (-0.001, 16.0]) AND (token_entropy <= p05 (3.45943))",200,0.04081632653061224,19,181,0.095,0.905,0.2857142857142857,0.3325,1.267,0.905,FALSE,-5.970301499924438,2.368155476529521e-09,0.9999999976318446,-1.3541968843394614,1.3541968843394614
token_entropy__gte_p90__AND__sentence_count__gte_p90,token_entropy + sentence_count,(token_entropy >= p90 (4.875)) AND (sentence_count >= p90 (3)),107,0.021836734693877553,80,27,0.7476635514018691,0.2523364485981308,0.2857142857142857,2.616822429906542,0.35327102803738314,0.7476635514018691,TRUE,10.577528640922354,3.788184141833882e-26,1.0,2.0412234581477406,2.0412234581477406
"token_entropy__gte_p90__AND__sentence_count__quantile_(2.0,49.0]",token_entropy + sentence_count,"(token_entropy >= p90 (4.875)) AND (sentence_count in quantile bin (2.0, 49.0])",107,0.021836734693877553,80,27,0.7476635514018691,0.2523364485981308,0.2857142857142857,2.616822429906542,0.35327102803738314,0.7476635514018691,TRUE,10.577528640922354,3.788184141833882e-26,1.0,2.0412234581477406,2.0412234581477406
"token_entropy__quantile_(4.685,6.523]__AND__sentence_count__gte_p90",token_entropy + sentence_count,"(token_entropy in quantile bin (4.685, 6.523]) AND (sentence_count >= p90 (3))",183,0.0373469387755102,133,50,0.726775956284153,0.273224043715847,0.2857142857142857,2.5437158469945356,0.38251366120218583,0.726775956284153,TRUE,13.20756944749421,7.934530585450168e-40,1.0,1.9736008331543082,1.9736008331543082
"token_entropy__quantile_(4.685,6.523]__AND__sentence_count__quantile_(2.0,49.0]",token_entropy + sentence_count,"(token_entropy in quantile bin (4.685, 6.523]) AND (sentence_count in quantile bin (2.0, 49.0])",183,0.0373469387755102,133,50,0.726775956284153,0.273224043715847,0.2857142857142857,2.5437158469945356,0.38251366120218583,0.726775956284153,TRUE,13.20756944749421,7.934530585450168e-40,1.0,1.9736008331543082,1.9736008331543082
token_entropy__gte_p95__AND__char_length__gte_p90,token_entropy + char_length,(token_entropy >= p95 (5)) AND (char_length >= p90 (220)),212,0.04326530612244898,150,62,0.7075471698113207,0.29245283018867924,0.2857142857142857,2.4764150943396226,0.4094339622641509,0.7075471698113207,TRUE,13.595851198484072,4.238012340777018e-42,1.0,1.8902883858887916,1.8902883858887916
"token_entropy__gte_p95__AND__raw_token_count__quantile_(30.2,222.0]",token_entropy + raw_token_count,"(token_entropy >= p95 (5)) AND (raw_token_count in quantile bin (30.2, 222.0])",242,0.04938775510204082,170,72,0.7024793388429752,0.2975206611570248,0.2857142857142857,2.458677685950413,0.41652892561983473,0.7024793388429752,TRUE,14.351490837407741,1.0427139167195206e-46,1.0,1.879850991756251,1.879850991756251
token_entropy__gte_p95__AND__raw_token_count__gte_p95,token_entropy + raw_token_count,(token_entropy >= p95 (5)) AND (raw_token_count >= p95 (41)),145,0.02959183673469388,103,42,0.7103448275862069,0.2896551724137931,0.2857142857142857,2.486206896551724,0.4055172413793104,0.7103448275862069,TRUE,11.318614512508084,1.0613603826872928e-29,1.0,1.8704631697756482,1.8704631697756482
token_entropy__gte_p95__AND__byte_length__gte_p90,token_entropy + byte_length,(token_entropy >= p95 (5)) AND (byte_length >= p90 (221)),212,0.04326530612244898,149,63,0.7028301886792453,0.2971698113207547,0.2857142857142857,2.4599056603773586,0.41603773584905657,0.7028301886792453,TRUE,13.443820913516998,3.34698216803971e-41,1.0,1.866658118035093,1.866658118035093
"token_entropy__gte_p95__AND__byte_length__quantile_(188.0,1163.0]",token_entropy + byte_length,"(token_entropy >= p95 (5)) AND (byte_length in quantile bin (188.0, 1163.0])",238,0.04857142857142857,166,72,0.6974789915966386,0.3025210084033613,0.2857142857142857,2.4411764705882355,0.4235294117647058,0.6974789915966386,TRUE,14.06162905799701,6.536404163930379e-45,1.0,1.8528655654990542,1.8528655654990542
token_entropy__gte_p95__AND__raw_token_count__gte_p90,token_entropy + raw_token_count,(token_entropy >= p95 (5)) AND (raw_token_count >= p90 (36)),219,0.04469387755102041,153,66,0.6986301369863014,0.3013698630136986,0.2857142857142857,2.445205479452055,0.42191780821917807,0.6986301369863014,TRUE,13.526382136352284,1.092704436170043e-41,1.0,1.849228425393706,1.849228425393706
"token_entropy__gte_p95__AND__char_length__quantile_(188.0,1163.0]",token_entropy + char_length,"(token_entropy >= p95 (5)) AND (char_length in quantile bin (188.0, 1163.0])",237,0.04836734693877551,165,72,0.6962025316455697,0.3037974683544304,0.2857142857142857,2.4367088607594938,0.4253164556962025,0.6962025316455697,TRUE,13.988557711052383,1.8308730746646848e-44,1.0,1.8460317342522428,1.8460317342522428
"token_entropy__gte_p95__AND__compression_ratio__quantile_(0.0837,0.735]",token_entropy + compression_ratio,"(token_entropy >= p95 (5)) AND (compression_ratio in quantile bin (0.0837, 0.735])",206,0.04204081632653061,144,62,0.6990291262135923,0.30097087378640774,0.2857142857142857,2.446601941747573,0.4213592233009708,0.6990291262135923,TRUE,13.131448947329107,2.174554878713455e-39,1.0,1.8448182025863749,1.8448182025863749
token_entropy__gte_p95__AND__word_count__gte_p90,token_entropy + word_count,(token_entropy >= p95 (5)) AND (word_count >= p90 (36)),230,0.04693877551020408,160,70,0.6956521739130435,0.30434782608695654,0.2857142857142857,2.4347826086956523,0.42608695652173917,0.6956521739130435,TRUE,13.761951327766935,4.317151080117934e-43,1.0,1.8398727317509376,1.8398727317509376
token_entropy__gte_p90__AND__char_length__gte_p90,token_entropy + char_length,(token_entropy >= p90 (4.875)) AND (char_length >= p90 (220)),317,0.0646938775510204,217,100,0.6845425867507886,0.31545741324921134,0.2857142857142857,2.3958990536277605,0.4416403785488959,0.6845425867507886,TRUE,15.718591937324206,1.1280281339892592e-55,1.0,1.827487452691263,1.827487452691263
"token_entropy__gte_p95__AND__word_count__quantile_(31.0,222.0]",token_entropy + word_count,"(token_entropy >= p95 (5)) AND (word_count in quantile bin (31.0, 222.0])",246,0.05020408163265306,170,76,0.6910569105691057,0.3089430894308943,0.2857142857142857,2.41869918699187,0.43252032520325207,0.6910569105691057,TRUE,14.073038282619182,5.562717655771354e-45,1.0,1.8249794406979307,1.8249794406979307
token_entropy__gte_p90__AND__byte_length__gte_p90,token_entropy + byte_length,(token_entropy >= p90 (4.875)) AND (byte_length >= p90 (221)),318,0.06489795918367347,216,102,0.6792452830188679,0.32075471698113206,0.2857142857142857,2.3773584905660377,0.44905660377358486,0.6792452830188679,TRUE,15.5342591566888,2.03409322410605e-54,1.0,1.8017411620519346,1.8017411620519346
token_entropy__gte_p90__AND__raw_token_count__gte_p95,token_entropy + raw_token_count,(token_entropy >= p90 (4.875)) AND (raw_token_count >= p95 (41)),185,0.03775510204081633,128,57,0.6918918918918919,0.3081081081081081,0.2857142857142857,2.4216216216216218,0.4313513513513514,0.6918918918918919,TRUE,12.229251595849789,2.1692803787172597e-34,1.0,1.799648883092045,1.799648883092045
token_entropy__gte_p95__AND__byte_length__gte_p95,token_entropy + byte_length,(token_entropy >= p95 (5)) AND (byte_length >= p95 (255)),135,0.027551020408163266,94,41,0.6962962962962963,0.3037037037037037,0.2857142857142857,2.437037037037037,0.42518518518518517,0.6962962962962963,TRUE,10.560022446665258,4.5655263984378007e-26,1.0,1.796678671241243,1.796678671241243
token_entropy__gte_p95__AND__word_count__gte_p95,token_entropy + word_count,(token_entropy >= p95 (5)) AND (word_count >= p95 (42)),146,0.02979591836734694,101,45,0.6917808219178082,0.3082191780821918,0.2857142857142857,2.421232876712329,0.4315068493150685,0.6917808219178082,TRUE,10.861046393746935,1.7671258255834535e-27,1.0,1.7803340619748413,1.7803340619748413
token_entropy__gte_p90__AND__byte_length__gte_p95,token_entropy + byte_length,(token_entropy >= p90 (4.875)) AND (byte_length >= p95 (255)),172,0.03510204081632653,118,54,0.686046511627907,0.313953488372093,0.2857142857142857,2.4011627906976747,0.43953488372093025,0.686046511627907,TRUE,11.622052014306933,3.183956185361509e-31,1.0,1.7652601841867694,1.7652601841867694
token_entropy__gte_p90__AND__raw_token_count__gte_p90,token_entropy + raw_token_count,(token_entropy >= p90 (4.875)) AND (raw_token_count >= p90 (36)),340,0.06938775510204082,227,113,0.6676470588235294,0.3323529411764706,0.2857142857142857,2.336764705882353,0.4652941176470588,0.6676470588235294,TRUE,15.589221389454051,8.61774914099439e-55,1.0,1.7554488513664257,1.7554488513664257
token_entropy__gte_p95__AND__repeated_token_count__gte_p90,token_entropy + repeated_token_count,(token_entropy >= p95 (5)) AND (repeated_token_count >= p90 (6)),125,0.025510204081632654,86,39,0.688,0.312,0.2857142857142857,2.408,0.43679999999999997,0.688,TRUE,9.95606347910659,2.372722871077561e-23,1.0,1.7520893979789016,1.7520893979789016
token_entropy__gte_p95__AND__char_length__gte_p95,token_entropy + char_length,(token_entropy >= p95 (5)) AND (char_length >= p95 (254)),131,0.026734693877551022,90,41,0.6870229007633588,0.31297709923664124,0.2857142857142857,2.404580152671756,0.43816793893129774,0.6870229007633588,TRUE,10.167452937517893,2.770588321324667e-24,1.0,1.7503717496446325,1.7503717496446325
"token_entropy__gte_p95__AND__repeated_token_types__quantile_(3.0,39.0]",token_entropy + repeated_token_types,"(token_entropy >= p95 (5)) AND (repeated_token_types in quantile bin (3.0, 39.0])",158,0.03224489795918367,108,50,0.6835443037974683,0.31645569620253167,0.2857142857142857,2.392405063291139,0.44303797468354433,0.6835443037974683,TRUE,11.069401319385806,1.7657628683502855e-28,1.0,1.7467176573772725,1.7467176573772725
"token_entropy__quantile_(4.685,6.523]__AND__raw_token_count__gte_p95",token_entropy + raw_token_count,"(token_entropy in quantile bin (4.685, 6.523]) AND (raw_token_count >= p95 (41))",208,0.04244897959183674,141,67,0.6778846153846154,0.32211538461538464,0.2857142857142857,2.372596153846154,0.45096153846153847,0.6778846153846154,TRUE,12.520003225607843,5.803279010779404e-36,1.0,1.7430374514728744,1.7430374514728744
"token_entropy__gte_p90__AND__raw_token_count__quantile_(30.2,222.0]",token_entropy + raw_token_count,"(token_entropy >= p90 (4.875)) AND (raw_token_count in quantile bin (30.2, 222.0])",479,0.09775510204081633,312,167,0.651356993736952,0.348643006263048,0.2857142857142857,2.279749478079332,0.4881002087682672,0.651356993736952,TRUE,17.714247712647925,3.25550716225487e-70,1.0,1.7428433192948476,1.7428433192948476
token_entropy__gte_p90__AND__word_count__gte_p95,token_entropy + word_count,(token_entropy >= p90 (4.875)) AND (word_count >= p95 (42)),184,0.037551020408163265,125,59,0.6793478260869565,0.32065217391304346,0.2857142857142857,2.377717391304348,0.44891304347826083,0.6793478260869565,TRUE,11.81949844444598,3.095269349835446e-32,1.0,1.7388986102768074,1.7388986102768074
"token_entropy__gte_p90__AND__byte_length__quantile_(188.0,1163.0]",token_entropy + byte_length,"(token_entropy >= p90 (4.875)) AND (byte_length in quantile bin (188.0, 1163.0])",450,0.09183673469387756,294,156,0.6533333333333333,0.3466666666666667,0.2857142857142857,2.2866666666666666,0.48533333333333334,0.6533333333333333,TRUE,17.262444786298374,9.02093927451867e-67,1.0,1.7383383181787917,1.7383383181787917
token_entropy__gte_p90__AND__char_length__gte_p95,token_entropy + char_length,(token_entropy >= p90 (4.875)) AND (char_length >= p95 (254)),169,0.034489795918367344,115,54,0.6804733727810651,0.31952662721893493,0.2857142857142857,2.381656804733728,0.4473372781065089,0.6804733727810651,TRUE,11.35987436383564,6.623983016707875e-30,1.0,1.7372813039124122,1.7372813039124122
"token_entropy__gte_p90__AND__char_length__quantile_(188.0,1163.0]",token_entropy + char_length,"(token_entropy >= p90 (4.875)) AND (char_length in quantile bin (188.0, 1163.0])",443,0.09040816326530612,289,154,0.6523702031602708,0.3476297968397291,0.2857142857142857,2.283295711060948,0.48668171557562073,0.6523702031602708,TRUE,17.08278211226905,1.9938120339026688e-65,1.0,1.7301657698116952,1.7301657698116952
"token_entropy__gte_p90__AND__word_count__quantile_(31.0,222.0]",token_entropy + word_count,"(token_entropy >= p90 (4.875)) AND (word_count in quantile bin (31.0, 222.0])",478,0.09755102040816327,310,168,0.6485355648535565,0.3514644351464435,0.2857142857142857,2.269874476987448,0.49205020920502085,0.6485355648535565,TRUE,17.559200523160282,5.058262576442613e-69,1.0,1.728334617992297,1.728334617992297
token_entropy__gte_p90__AND__word_count__gte_p90,token_entropy + word_count,(token_entropy >= p90 (4.875)) AND (word_count >= p90 (36)),370,0.07551020408163266,243,127,0.6567567567567567,0.34324324324324323,0.2857142857142857,2.2986486486486486,0.4805405405405405,0.6567567567567567,TRUE,15.798742680044834,3.1738371437946403e-56,1.0,1.7166888520312547,1.7166888520312547
"token_entropy__gte_p90__AND__compression_ratio__quantile_(0.0837,0.735]",token_entropy + compression_ratio,"(token_entropy >= p90 (4.875)) AND (compression_ratio in quantile bin (0.0837, 0.735])",364,0.07428571428571429,239,125,0.6565934065934066,0.3434065934065934,0.2857142857142857,2.2980769230769234,0.4807692307692308,0.6565934065934066,TRUE,15.663222480113676,2.698696216956674e-55,1.0,1.7130788465505926,1.7130788465505926
"token_entropy__quantile_(4.685,6.523]__AND__char_length__gte_p90",token_entropy + char_length,"(token_entropy in quantile bin (4.685, 6.523]) AND (char_length >= p90 (220))",398,0.08122448979591837,260,138,0.6532663316582915,0.34673366834170855,0.2857142857142857,2.2864321608040203,0.48542713567839196,0.6532663316582915,TRUE,16.231491198674984,3.020318675815943e-59,1.0,1.7129505177516804,1.7129505177516804
"token_entropy__gte_p95__AND__repeated_token_count__quantile_(4.0,204.0]",token_entropy + repeated_token_count,"(token_entropy >= p95 (5)) AND (repeated_token_count in quantile bin (4.0, 204.0])",151,0.030816326530612243,102,49,0.6754966887417219,0.32450331125827814,0.2857142857142857,2.364238410596027,0.45430463576158936,0.6754966887417219,TRUE,10.602511260692562,2.9008435681800114e-26,1.0,1.7054892960445454,1.7054892960445454
token_entropy__gte_p90__AND__repeated_token_count__gte_p95,token_entropy + repeated_token_count,(token_entropy >= p90 (4.875)) AND (repeated_token_count >= p95 (9)),94,0.019183673469387756,64,30,0.6808510638297872,0.3191489361702128,0.2857142857142857,2.382978723404255,0.4468085106382979,0.6808510638297872,TRUE,8.480264949694748,2.246817042420038e-17,1.0,1.7031829593890255,1.7031829593890255
"token_entropy__gte_p90__AND__repeated_token_types__quantile_(3.0,39.0]",token_entropy + repeated_token_types,"(token_entropy >= p90 (4.875)) AND (repeated_token_types in quantile bin (3.0, 39.0])",266,0.054285714285714284,176,90,0.6616541353383458,0.3383458646616541,0.2857142857142857,2.3157894736842106,0.47368421052631576,0.6616541353383458,TRUE,13.572417850765921,5.836451329347258e-42,1.0,1.6922973363700227,1.6922973363700227
"token_entropy__quantile_(4.685,6.523]__AND__byte_length__gte_p95",token_entropy + byte_length,"(token_entropy in quantile bin (4.685, 6.523]) AND (byte_length >= p95 (255))",193,0.03938775510204082,129,64,0.6683937823834197,0.3316062176165803,0.2857142857142857,2.3393782383419692,0.46424870466321244,0.6683937823834197,TRUE,11.768250075714725,5.689240417230113e-32,1.0,1.6912718630373513,1.6912718630373513
token_entropy__gte_p95__AND__repeated_token_types__gte_p90,token_entropy + repeated_token_types,(token_entropy >= p95 (5)) AND (repeated_token_types >= p90 (5)),114,0.02326530612244898,77,37,0.6754385964912281,0.32456140350877194,0.2857142857142857,2.3640350877192984,0.4543859649122807,0.6754385964912281,TRUE,9.211025049153886,3.2302524954169666e-20,1.0,1.68793689917844,1.68793689917844
"token_entropy__quantile_(4.685,6.523]__AND__byte_length__gte_p90",token_entropy + byte_length,"(token_entropy in quantile bin (4.685, 6.523]) AND (byte_length >= p90 (221))",399,0.08142857142857143,258,141,0.6466165413533834,0.3533834586466165,0.2857142857142857,2.263157894736842,0.49473684210526314,0.6466165413533834,TRUE,15.957839188904849,2.512815586279493e-57,1.0,1.6811692864570364,1.6811692864570364
"token_entropy__quantile_(4.685,6.523]__AND__word_count__gte_p95",token_entropy + word_count,"(token_entropy in quantile bin (4.685, 6.523]) AND (word_count >= p95 (42))",203,0.041428571428571426,135,68,0.6650246305418719,0.33497536945812806,0.2857142857142857,2.3275862068965516,0.46896551724137925,0.6650246305418719,TRUE,11.963017725617908,5.55073712372232e-33,1.0,1.6799594527085233,1.6799594527085233
"token_entropy__quantile_(4.685,6.523]__AND__char_length__gte_p95",token_entropy + char_length,"(token_entropy in quantile bin (4.685, 6.523]) AND (char_length >= p95 (254))",190,0.03877551020408163,126,64,0.6631578947368421,0.3368421052631579,0.2857142857142857,2.3210526315789473,0.47157894736842104,0.6631578947368421,TRUE,11.516669840302201,1.0873258414635323e-30,1.0,1.665476651111338,1.665476651111338
token_entropy__gte_p95__AND__compression_ratio__lte_p10,token_entropy + compression_ratio,(token_entropy >= p95 (5)) AND (compression_ratio <= p10 (0.696058)),132,0.026938775510204082,88,44,0.6666666666666666,0.3333333333333333,0.2857142857142857,2.3333333333333335,0.4666666666666666,0.6666666666666666,TRUE,9.688481133111972,3.375104021436813e-22,1.0,1.6558361637612302,1.6558361637612302
"token_entropy__quantile_(4.685,6.523]__AND__char_length__quantile_(188.0,1163.0]",token_entropy + char_length,"(token_entropy in quantile bin (4.685, 6.523]) AND (char_length in quantile bin (188.0, 1163.0])",692,0.14122448979591837,423,269,0.611271676300578,0.38872832369942195,0.2857142857142857,2.139450867052023,0.5442196531791907,0.611271676300578,TRUE,18.957394427194053,3.836869645751473e-80,1.0,1.6476885365864866,1.6476885365864866
token_entropy__gte_p90__AND__repeated_token_count__gte_p90,token_entropy + repeated_token_count,(token_entropy >= p90 (4.875)) AND (repeated_token_count >= p90 (6)),207,0.04224489795918367,136,71,0.6570048309178744,0.34299516908212563,0.2857142857142857,2.299516908212561,0.4801932367149759,0.6570048309178744,TRUE,11.82488982289778,2.902833335484425e-32,1.0,1.6443648557544086,1.6443648557544086
"token_entropy__quantile_(4.685,6.523]__AND__byte_length__quantile_(188.0,1163.0]",token_entropy + byte_length,"(token_entropy in quantile bin (4.685, 6.523]) AND (byte_length in quantile bin (188.0, 1163.0])",706,0.14408163265306123,430,276,0.6090651558073654,0.3909348441926346,0.2857142857142857,2.131728045325779,0.5473087818696883,0.6090651558073654,TRUE,19.018419579084874,1.2004789670180027e-80,1.0,1.643458278746763,1.643458278746763
token_entropy__gte_p90__AND__compression_ratio__lte_p10,token_entropy + compression_ratio,(token_entropy >= p90 (4.875)) AND (compression_ratio <= p10 (0.696058)),212,0.04326530612244898,139,73,0.6556603773584906,0.3443396226415094,0.2857142857142857,2.294811320754717,0.48207547169811316,0.6556603773584906,TRUE,11.923518063846256,8.925820246988178e-33,1.0,1.6403088383979862,1.6403088383979862
"token_entropy__gte_p90__AND__char_entropy__quantile_(4.325,5.115]",token_entropy + char_entropy,"(token_entropy >= p90 (4.875)) AND (char_entropy in quantile bin (4.325, 5.115])",124,0.025306122448979593,82,42,0.6612903225806451,0.3387096774193548,0.2857142857142857,2.314516129032258,0.4741935483870967,0.6612903225806451,TRUE,9.257777898227156,2.0873078896225472e-20,1.0,1.6276344596575623,1.6276344596575623
"token_entropy__quantile_(4.685,6.523]__AND__raw_token_count__gte_p90",token_entropy + raw_token_count,"(token_entropy in quantile bin (4.685, 6.523]) AND (raw_token_count >= p90 (36))",425,0.08673469387755102,269,156,0.6329411764705882,0.36705882352941177,0.2857142857142857,2.215294117647059,0.5138823529411765,0.6329411764705882,TRUE,15.845496669586675,1.5102304646694237e-56,1.0,1.6272853998537147,1.6272853998537147
"token_entropy__gte_p90__AND__repeated_token_count__quantile_(4.0,204.0]",token_entropy + repeated_token_count,"(token_entropy >= p90 (4.875)) AND (repeated_token_count in quantile bin (4.0, 204.0])",268,0.054693877551020405,173,95,0.6455223880597015,0.35447761194029853,0.2857142857142857,2.2593283582089554,0.49626865671641796,0.6455223880597015,TRUE,13.038762531705569,7.364259463027174e-39,1.0,1.6174635429129267,1.6174635429129267
"token_entropy__quantile_(4.685,6.523]__AND__word_count__gte_p90",token_entropy + word_count,"(token_entropy in quantile bin (4.685, 6.523]) AND (word_count >= p90 (36))",458,0.09346938775510204,287,171,0.6266375545851528,0.37336244541484714,0.2857142857142857,2.193231441048035,0.522707423580786,0.6266375545851528,TRUE,16.150553953753427,1.1254641074913006e-58,1.0,1.611953528484665,1.611953528484665
"token_entropy__quantile_(4.685,6.523]__AND__raw_token_count__quantile_(30.2,222.0]",token_entropy + raw_token_count,"(token_entropy in quantile bin (4.685, 6.523]) AND (raw_token_count in quantile bin (30.2, 222.0])",748,0.1526530612244898,446,302,0.5962566844919787,0.4037433155080214,0.2857142857142857,2.0868983957219256,0.5652406417112299,0.5962566844919787,TRUE,18.80051484105609,7.478693808099447e-79,1.0,1.5986077085700476,1.5986077085700476
raw_token_count__gte_p95__AND__byte_length__gte_p95,raw_token_count + byte_length,(raw_token_count >= p95 (41)) AND (byte_length >= p95 (255)),193,0.03938775510204082,125,68,0.6476683937823834,0.35233160621761656,0.2857142857142857,2.266839378238342,0.4932642487046632,0.6476683937823834,TRUE,11.130898040666343,8.873696027358771e-29,1.0,1.5954226133639189,1.5954226133639189
"char_length__quantile_(188.0,1163.0]__AND__sentence_count__gte_p90",char_length + sentence_count,"(char_length in quantile bin (188.0, 1163.0]) AND (sentence_count >= p90 (3))",203,0.041428571428571426,131,72,0.645320197044335,0.35467980295566504,0.2857142857142857,2.2586206896551726,0.496551724137931,0.645320197044335,TRUE,11.341562259352044,8.167326067226617e-30,1.0,1.588920015336876,1.588920015336876
"char_length__quantile_(188.0,1163.0]__AND__sentence_count__quantile_(2.0,49.0]",char_length + sentence_count,"(char_length in quantile bin (188.0, 1163.0]) AND (sentence_count in quantile bin (2.0, 49.0])",203,0.041428571428571426,131,72,0.645320197044335,0.35467980295566504,0.2857142857142857,2.2586206896551726,0.496551724137931,0.645320197044335,TRUE,11.341562259352044,8.167326067226617e-30,1.0,1.588920015336876,1.588920015336876
"token_entropy__quantile_(4.685,6.523]__AND__word_count__quantile_(31.0,222.0]",token_entropy + word_count,"(token_entropy in quantile bin (4.685, 6.523]) AND (word_count in quantile bin (31.0, 222.0])",719,0.14673469387755103,429,290,0.5966620305980529,0.40333796940194716,0.2857142857142857,2.0883171070931854,0.564673157162726,0.5966620305980529,TRUE,18.456523359510776,4.621485516465586e-76,1.0,1.5863588635489525,1.5863588635489525
char_length__gte_p90__AND__raw_token_count__gte_p90,char_length + raw_token_count,(char_length >= p90 (220)) AND (raw_token_count >= p90 (36)),411,0.08387755102040817,257,154,0.6253041362530414,0.3746958637469586,0.2857142857142857,2.188564476885645,0.524574209245742,0.6253041362530414,TRUE,15.239602973288214,1.930397998849388e-52,1.0,1.5846469128438516,1.5846469128438516
char_length__gte_p90__AND__word_count__gte_p90,char_length + word_count,(char_length >= p90 (220)) AND (word_count >= p90 (36)),422,0.08612244897959184,263,159,0.6232227488151659,0.3767772511848341,0.2857142857142857,2.181279620853081,0.5274881516587677,0.6232227488151659,TRUE,15.347545614791452,3.678420761923815e-53,1.0,1.579596381882537,1.579596381882537
"char_length__gte_p90__AND__raw_token_count__quantile_(30.2,222.0]",char_length + raw_token_count,"(char_length >= p90 (220)) AND (raw_token_count in quantile bin (30.2, 222.0])",474,0.09673469387755101,293,181,0.6181434599156118,0.3818565400843882,0.2857142857142857,2.1635021097046416,0.5345991561181435,0.6181434599156118,TRUE,16.020879045821548,9.134968050528712e-58,1.0,1.578330931803169,1.578330931803169
token_entropy__gte_p90__AND__repeated_token_types__gte_p90,token_entropy + repeated_token_types,(token_entropy >= p90 (4.875)) AND (repeated_token_types >= p90 (5)),191,0.038979591836734696,123,68,0.643979057591623,0.35602094240837695,0.2857142857142857,2.2539267015706805,0.49842931937172774,0.643979057591623,TRUE,10.9602088488528,5.936221705823915e-28,1.0,1.577791226364119,1.577791226364119
word_count__gte_p95__AND__byte_length__gte_p95,word_count + byte_length,(word_count >= p95 (42)) AND (byte_length >= p95 (255)),191,0.038979591836734696,123,68,0.643979057591623,0.35602094240837695,0.2857142857142857,2.2539267015706805,0.49842931937172774,0.643979057591623,TRUE,10.9602088488528,5.936221705823915e-28,1.0,1.577791226364119,1.577791226364119
raw_token_count__gte_p90__AND__sentence_count__gte_p90,raw_token_count + sentence_count,(raw_token_count >= p90 (36)) AND (sentence_count >= p90 (3)),139,0.02836734693877551,90,49,0.6474820143884892,0.35251798561151076,0.2857142857142857,2.2661870503597124,0.49352517985611505,0.6474820143884892,TRUE,9.441375341830435,3.6791799493770294e-21,1.0,1.5717773565113051,1.5717773565113051
"raw_token_count__gte_p90__AND__sentence_count__quantile_(2.0,49.0]",raw_token_count + sentence_count,"(raw_token_count >= p90 (36)) AND (sentence_count in quantile bin (2.0, 49.0])",139,0.02836734693877551,90,49,0.6474820143884892,0.35251798561151076,0.2857142857142857,2.2661870503597124,0.49352517985611505,0.6474820143884892,TRUE,9.441375341830435,3.6791799493770294e-21,1.0,1.5717773565113051,1.5717773565113051
"token_entropy__quantile_(4.685,6.523]__AND__char_entropy__quantile_(4.325,5.115]",token_entropy + char_entropy,"(token_entropy in quantile bin (4.685, 6.523]) AND (char_entropy in quantile bin (4.325, 5.115])",222,0.045306122448979594,142,80,0.6396396396396397,0.36036036036036034,0.2857142857142857,2.2387387387387387,0.5045045045045045,0.6396396396396397,TRUE,11.673099899395245,1.7493075560351068e-31,1.0,1.5709510189098697,1.5709510189098697
"byte_length__quantile_(188.0,1163.0]__AND__sentence_count__gte_p90",byte_length + sentence_count,"(byte_length in quantile bin (188.0, 1163.0]) AND (sentence_count >= p90 (3))",206,0.04204081632653061,132,74,0.6407766990291263,0.3592233009708738,0.2857142857142857,2.242718446601942,0.5029126213592233,0.6407766990291263,TRUE,11.280707820524333,1.634257083618128e-29,1.0,1.569487752027305,1.569487752027305
"byte_length__quantile_(188.0,1163.0]__AND__sentence_count__quantile_(2.0,49.0]",byte_length + sentence_count,"(byte_length in quantile bin (188.0, 1163.0]) AND (sentence_count in quantile bin (2.0, 49.0])",206,0.04204081632653061,132,74,0.6407766990291263,0.3592233009708738,0.2857142857142857,2.242718446601942,0.5029126213592233,0.6407766990291263,TRUE,11.280707820524333,1.634257083618128e-29,1.0,1.569487752027305,1.569487752027305
byte_length__gte_p90__AND__raw_token_count__gte_p90,byte_length + raw_token_count,(byte_length >= p90 (221)) AND (raw_token_count >= p90 (36)),412,0.08408163265306122,256,156,0.6213592233009708,0.3786407766990291,0.2857142857142857,2.174757281553398,0.5300970873786408,0.6213592233009708,TRUE,15.08088225896409,2.1635839560369432e-51,1.0,1.5664219997964577,1.5664219997964577
"char_length__gte_p90__AND__word_count__quantile_(31.0,222.0]",char_length + word_count,"(char_length >= p90 (220)) AND (word_count in quantile bin (31.0, 222.0])",475,0.09693877551020408,292,183,0.6147368421052631,0.38526315789473686,0.2857142857142857,2.1515789473684213,0.5393684210526316,0.6147368421052631,TRUE,15.873420352407054,9.681781292911658e-57,1.0,1.5624537363272826,1.5624537363272826
"byte_length__gte_p90__AND__raw_token_count__quantile_(30.2,222.0]",byte_length + raw_token_count,"(byte_length >= p90 (221)) AND (raw_token_count in quantile bin (30.2, 222.0])",476,0.09714285714285714,292,184,0.6134453781512605,0.3865546218487395,0.2857142857142857,2.147058823529412,0.5411764705882353,0.6134453781512605,TRUE,15.827749273311843,2.0025732532427551e-56,1.0,1.556717463100574,1.556717463100574
"char_length__gte_p90__AND__byte_length__quantile_(188.0,1163.0]",char_length + byte_length,"(char_length >= p90 (220)) AND (byte_length in quantile bin (188.0, 1163.0])",492,0.10040816326530612,301,191,0.6117886178861789,0.3882113821138211,0.2857142857142857,2.1412601626016263,0.5434959349593496,0.6117886178861789,TRUE,16.010216504480045,1.0843185321828792e-57,1.0,1.555823797110701,1.555823797110701
byte_length__gte_p90__AND__word_count__gte_p90,byte_length + word_count,(byte_length >= p90 (221)) AND (word_count >= p90 (36)),424,0.08653061224489796,262,162,0.6179245283018868,0.38207547169811323,0.2857142857142857,2.162735849056604,0.5349056603773585,0.6179245283018868,TRUE,15.1423746299569,8.508511234158726e-52,1.0,1.5553830780560154,1.5553830780560154
raw_token_count__gte_p95__AND__char_length__gte_p95,raw_token_count + char_length,(raw_token_count >= p95 (41)) AND (char_length >= p95 (254)),191,0.038979591836734696,122,69,0.6387434554973822,0.3612565445026178,0.2857142857142857,2.235602094240838,0.5057591623036649,0.6387434554973822,TRUE,10.800038782168103,3.440582138875067e-27,1.0,1.5540942450314832,1.5540942450314832
char_length__gte_p90__AND__byte_length__gte_p90,char_length + byte_length,(char_length >= p90 (220)) AND (byte_length >= p90 (221)),489,0.09979591836734694,299,190,0.6114519427402862,0.3885480572597137,0.2857142857142857,2.140081799591002,0.5439672801635992,0.6114519427402862,TRUE,15.94484999329857,3.09382141199924e-57,1.0,1.5528885711112514,1.5528885711112514
"raw_token_count__quantile_(30.2,222.0]__AND__sentence_count__gte_p90",raw_token_count + sentence_count,"(raw_token_count in quantile bin (30.2, 222.0]) AND (sentence_count >= p90 (3))",201,0.041020408163265305,128,73,0.6368159203980099,0.36318407960199006,0.2857142857142857,2.228855721393035,0.5084577114427861,0.6368159203980099,TRUE,11.018663497613122,3.106369540013604e-28,1.0,1.5494911611282751,1.5494911611282751
"raw_token_count__quantile_(30.2,222.0]__AND__sentence_count__quantile_(2.0,49.0]",raw_token_count + sentence_count,"(raw_token_count in quantile bin (30.2, 222.0]) AND (sentence_count in quantile bin (2.0, 49.0])",201,0.041020408163265305,128,73,0.6368159203980099,0.36318407960199006,0.2857142857142857,2.228855721393035,0.5084577114427861,0.6368159203980099,TRUE,11.018663497613122,3.106369540013604e-28,1.0,1.5494911611282751,1.5494911611282751
raw_token_count__gte_p90__AND__word_count__gte_p95,raw_token_count + word_count,(raw_token_count >= p90 (36)) AND (word_count >= p95 (42)),245,0.05,155,90,0.6326530612244898,0.3673469387755102,0.2857142857142857,2.2142857142857144,0.5142857142857143,0.6326530612244898,TRUE,12.020815280171309,2.7623240713337716e-33,1.0,1.5486177333059474,1.5486177333059474
"word_count__gte_p95__AND__raw_token_count__quantile_(30.2,222.0]",word_count + raw_token_count,"(word_count >= p95 (42)) AND (raw_token_count in quantile bin (30.2, 222.0])",245,0.05,155,90,0.6326530612244898,0.3673469387755102,0.2857142857142857,2.2142857142857144,0.5142857142857143,0.6326530612244898,TRUE,12.020815280171309,2.7623240713337716e-33,1.0,1.5486177333059474,1.5486177333059474
word_count__gte_p90__AND__sentence_count__gte_p90,word_count + sentence_count,(word_count >= p90 (36)) AND (sentence_count >= p90 (3)),145,0.02959183673469388,93,52,0.6413793103448275,0.3586206896551724,0.2857142857142857,2.2448275862068967,0.5020689655172413,0.6413793103448275,TRUE,9.480324452471967,2.5349364202639256e-21,1.0,1.5469707036293312,1.5469707036293312
"word_count__gte_p90__AND__sentence_count__quantile_(2.0,49.0]",word_count + sentence_count,"(word_count >= p90 (36)) AND (sentence_count in quantile bin (2.0, 49.0])",145,0.02959183673469388,93,52,0.6413793103448275,0.3586206896551724,0.2857142857142857,2.2448275862068967,0.5020689655172413,0.6413793103448275,TRUE,9.480324452471967,2.5349364202639256e-21,1.0,1.5469707036293312,1.5469707036293312
"byte_length__quantile_(188.0,1163.0]__AND__raw_token_count__gte_p90",byte_length + raw_token_count,"(byte_length in quantile bin (188.0, 1163.0]) AND (raw_token_count >= p90 (36))",494,0.10081632653061225,301,193,0.6093117408906883,0.39068825910931176,0.2857142857142857,2.132591093117409,0.5469635627530365,0.6093117408906883,TRUE,15.920863250454612,4.540686535060996e-57,1.0,1.5448295896916986,1.5448295896916986
"raw_token_count__gte_p95__AND__repeated_token_types__quantile_(3.0,39.0]",raw_token_count + repeated_token_types,"(raw_token_count >= p95 (41)) AND (repeated_token_types in quantile bin (3.0, 39.0])",229,0.04673469387755102,145,84,0.6331877729257642,0.36681222707423583,0.2857142857142857,2.216157205240175,0.5135371179039302,0.6331877729257642,TRUE,11.639583869870757,2.5927752533653105e-31,1.0,1.5445072878716124,1.5445072878716124
raw_token_count__gte_p95__AND__word_count__gte_p90,raw_token_count + word_count,(raw_token_count >= p95 (41)) AND (word_count >= p90 (36)),257,0.05244897959183673,162,95,0.6303501945525292,0.36964980544747084,0.2857142857142857,2.2062256809338523,0.5175097276264592,0.6303501945525292,TRUE,12.22996256886331,2.1503770233648737e-34,1.0,1.5430425560350665,1.5430425560350665
"char_length__quantile_(188.0,1163.0]__AND__raw_token_count__gte_p90",char_length + raw_token_count,"(char_length in quantile bin (188.0, 1163.0]) AND (raw_token_count >= p90 (36))",493,0.10061224489795918,300,193,0.6085192697768763,0.39148073022312374,0.2857142857142857,2.1298174442190674,0.5480730223123732,0.6085192697768763,TRUE,15.865791079300402,1.0933117237438921e-56,1.0,1.5405982365280202,1.5405982365280202
raw_token_count__gte_p95__AND__word_count__gte_p95,raw_token_count + word_count,(raw_token_count >= p95 (41)) AND (word_count >= p95 (42)),236,0.04816326530612245,149,87,0.6313559322033898,0.3686440677966102,0.2857142857142857,2.2097457627118646,0.5161016949152543,0.6313559322033898,TRUE,11.753848990934626,6.747391545614054e-32,1.0,1.5390529254536784,1.5390529254536784
"char_length__quantile_(188.0,1163.0]__AND__word_count__gte_p90",char_length + word_count,"(char_length in quantile bin (188.0, 1163.0]) AND (word_count >= p90 (36))",522,0.10653061224489796,316,206,0.6053639846743295,0.3946360153256705,0.2857142857142857,2.1187739463601534,0.5524904214559386,0.6053639846743295,TRUE,16.16618674486138,8.733969429111519e-59,1.0,1.5381581892700888,1.5381581892700888
"byte_length__quantile_(188.0,1163.0]__AND__word_count__gte_p90",byte_length + word_count,"(byte_length in quantile bin (188.0, 1163.0]) AND (word_count >= p90 (36))",524,0.10693877551020409,317,207,0.6049618320610687,0.3950381679389313,0.2857142857142857,2.1173664122137406,0.5530534351145038,0.6049618320610687,TRUE,16.176749170969362,7.357805847195303e-59,1.0,1.5371007657663271,1.5371007657663271
word_count__gte_p95__AND__char_length__gte_p95,word_count + char_length,(word_count >= p95 (42)) AND (char_length >= p95 (254)),189,0.03857142857142857,120,69,0.6349206349206349,0.36507936507936506,0.2857142857142857,2.2222222222222223,0.5111111111111111,0.6349206349206349,TRUE,10.627009613872254,2.231532874731468e-26,1.0,1.5360698570690727,1.5360698570690727
"byte_length__gte_p90__AND__word_count__quantile_(31.0,222.0]",byte_length + word_count,"(byte_length >= p90 (221)) AND (word_count in quantile bin (31.0, 222.0])",478,0.09755102040816327,291,187,0.608786610878661,0.3912133891213389,0.2857142857142857,2.1307531380753137,0.5476987447698745,0.608786610878661,TRUE,15.635498983143545,4.171939936892367e-55,1.0,1.5353567295357144,1.5353567295357144
"raw_token_count__gte_p95__AND__word_count__quantile_(31.0,222.0]",raw_token_count + word_count,"(raw_token_count >= p95 (41)) AND (word_count in quantile bin (31.0, 222.0])",258,0.052653061224489796,162,96,0.627906976744186,0.37209302325581395,0.2857142857142857,2.1976744186046515,0.5209302325581395,0.627906976744186,TRUE,12.166863118303539,4.666744902061422e-34,1.0,1.532332109418459,1.532332109418459
"token_entropy__quantile_(4.685,6.523]__AND__char_entropy__gte_p90",token_entropy + char_entropy,"(token_entropy in quantile bin (4.685, 6.523]) AND (char_entropy >= p90 (4.40987))",95,0.019387755102040816,61,34,0.6421052631578947,0.35789473684210527,0.2857142857142857,2.2473684210526317,0.5010526315789473,0.6421052631578947,TRUE,7.689295361598145,1.4794756284994232e-14,0.9999999999999852,1.5289268801730398,1.5289268801730398
"raw_token_count__gte_p95__AND__byte_length__quantile_(188.0,1163.0]",raw_token_count + byte_length,"(raw_token_count >= p95 (41)) AND (byte_length in quantile bin (188.0, 1163.0])",260,0.053061224489795916,163,97,0.6269230769230769,0.3730769230769231,0.2857142857142857,2.1942307692307694,0.5223076923076923,0.6269230769230769,TRUE,12.178811992081227,4.031108207170357e-34,1.0,1.5286717107786671,1.5286717107786671
"raw_token_count__gte_p95__AND__char_length__quantile_(188.0,1163.0]",raw_token_count + char_length,"(raw_token_count >= p95 (41)) AND (char_length in quantile bin (188.0, 1163.0])",260,0.053061224489795916,163,97,0.6269230769230769,0.3730769230769231,0.2857142857142857,2.1942307692307694,0.5223076923076923,0.6269230769230769,TRUE,12.178811992081227,4.031108207170357e-34,1.0,1.5286717107786671,1.5286717107786671
"byte_length__gte_p95__AND__raw_token_count__quantile_(30.2,222.0]",byte_length + raw_token_count,"(byte_length >= p95 (255)) AND (raw_token_count in quantile bin (30.2, 222.0])",242,0.04938775510204082,152,90,0.628099173553719,0.371900826446281,0.2857142857142857,2.1983471074380168,0.5206611570247933,0.628099173553719,TRUE,11.790176608635257,4.3862028074678936e-32,1.0,1.526730822716532,1.526730822716532
"byte_length__gte_p90__AND__char_length__quantile_(188.0,1163.0]",byte_length + char_length,"(byte_length >= p90 (221)) AND (char_length in quantile bin (188.0, 1163.0])",494,0.10081632653061225,299,195,0.6052631578947368,0.39473684210526316,0.2857142857142857,2.118421052631579,0.5526315789473684,0.6052631578947368,TRUE,15.721674612826046,1.0744581447241085e-55,1.0,1.5254688986613185,1.5254688986613185
raw_token_count__gte_p90__AND__byte_length__gte_p95,raw_token_count + byte_length,(raw_token_count >= p90 (36)) AND (byte_length >= p95 (255)),234,0.04775510204081632,147,87,0.6282051282051282,0.3717948717948718,0.2857142857142857,2.198717948717949,0.5205128205128206,0.6282051282051282,TRUE,11.597247684090991,4.255447964429976e-31,1.0,1.5239879016762927,1.5239879016762927
byte_length__gte_p95__AND__repeated_token_types__gte_p95,byte_length + repeated_token_types,(byte_length >= p95 (255)) AND (repeated_token_types >= p95 (6)),135,0.027551020408163266,86,49,0.6370370370370371,0.362962962962963,0.2857142857142857,2.22962962962963,0.5081481481481481,0.6370370370370371,TRUE,9.035895495600169,1.6266505766117947e-19,1.0,1.5235242983367834,1.5235242983367834
"char_length__gte_p90__AND__compression_ratio__quantile_(0.0837,0.735]",char_length + compression_ratio,"(char_length >= p90 (220)) AND (compression_ratio in quantile bin (0.0837, 0.735])",456,0.09306122448979592,277,179,0.6074561403508771,0.3925438596491228,0.2857142857142857,2.12609649122807,0.5495614035087719,0.6074561403508771,TRUE,15.208557436464694,3.1030576123300777e-52,1.0,1.5196134007380677,1.5196134007380677
"raw_token_count__gte_p90__AND__compression_ratio__quantile_(0.0837,0.735]",raw_token_count + compression_ratio,"(raw_token_count >= p90 (36)) AND (compression_ratio in quantile bin (0.0837, 0.735])",442,0.09020408163265306,269,173,0.6085972850678733,0.3914027149321267,0.2857142857142857,2.1300904977375565,0.5479638009049773,0.6085972850678733,TRUE,15.026379518964765,4.9323695905644817e-51,1.0,1.5190678761578125,1.5190678761578125
"word_count__quantile_(31.0,222.0]__AND__sentence_count__gte_p90",word_count + sentence_count,"(word_count in quantile bin (31.0, 222.0]) AND (sentence_count >= p90 (3))",200,0.04081632653061224,126,74,0.63,0.37,0.2857142857142857,2.205,0.518,0.63,TRUE,10.777847651548987,4.380147767159766e-27,1.0,1.5184285699917695,1.5184285699917695
"word_count__quantile_(31.0,222.0]__AND__sentence_count__quantile_(2.0,49.0]",word_count + sentence_count,"(word_count in quantile bin (31.0, 222.0]) AND (sentence_count in quantile bin (2.0, 49.0])",200,0.04081632653061224,126,74,0.63,0.37,0.2857142857142857,2.205,0.518,0.63,TRUE,10.777847651548987,4.380147767159766e-27,1.0,1.5184285699917695,1.5184285699917695
word_count__gte_p90__AND__byte_length__gte_p95,word_count + byte_length,(word_count >= p90 (36)) AND (byte_length >= p95 (255)),238,0.04857142857142857,149,89,0.6260504201680672,0.3739495798319328,0.2857142857142857,2.1911764705882355,0.5235294117647059,0.6260504201680672,TRUE,11.622366874466916,3.172241488165079e-31,1.0,1.5158670129335807,1.5158670129335807
"token_entropy__quantile_(4.685,6.523]__AND__compression_ratio__quantile_(0.0837,0.735]",token_entropy + compression_ratio,"(token_entropy in quantile bin (4.685, 6.523]) AND (compression_ratio in quantile bin (0.0837, 0.735])",572,0.11673469387755102,341,231,0.5961538461538461,0.40384615384615385,0.2857142857142857,2.0865384615384617,0.5653846153846154,0.5961538461538461,TRUE,16.435128887187393,1.0719655387660073e-60,1.0,1.515607774777533,1.515607774777533
"sentence_count__gte_p90__AND__token_entropy__quantile_(4.437,4.685]",sentence_count + token_entropy,"(sentence_count >= p90 (3)) AND (token_entropy in quantile bin (4.437, 4.685])",137,0.027959183673469386,87,50,0.635036496350365,0.36496350364963503,0.2857142857142857,2.2226277372262775,0.510948905109489,0.635036496350365,TRUE,9.050749051551513,1.4199092604537646e-19,1.0,1.5154892750173166,1.5154892750173166
"sentence_count__quantile_(2.0,49.0]__AND__token_entropy__quantile_(4.437,4.685]",sentence_count + token_entropy,"(sentence_count in quantile bin (2.0, 49.0]) AND (token_entropy in quantile bin (4.437, 4.685])",137,0.027959183673469386,87,50,0.635036496350365,0.36496350364963503,0.2857142857142857,2.2226277372262775,0.510948905109489,0.635036496350365,TRUE,9.050749051551513,1.4199092604537646e-19,1.0,1.5154892750173166,1.5154892750173166
"byte_length__quantile_(188.0,1163.0]__AND__char_length__quantile_(188.0,1163.0]",byte_length + char_length,"(byte_length in quantile bin (188.0, 1163.0]) AND (char_length in quantile bin (188.0, 1163.0])",959,0.1957142857142857,537,422,0.5599582898852972,0.44004171011470283,0.2857142857142857,1.9598540145985401,0.6160583941605839,0.5599582898852972,TRUE,18.799421485119762,7.634451086680014e-79,1.0,1.5119431599691209,1.5119431599691209
raw_token_count__gte_p90__AND__word_count__gte_p90,raw_token_count + word_count,(raw_token_count >= p90 (36)) AND (word_count >= p90 (36)),493,0.10061224489795918,297,196,0.6024340770791075,0.3975659229208925,0.2857142857142857,2.108519269776876,0.5565922920892494,0.6024340770791075,TRUE,15.566705251055058,1.2255970651579065e-54,1.0,1.5115500228900849,1.5115500228900849
"raw_token_count__gte_p95__AND__compression_ratio__quantile_(0.0837,0.735]",raw_token_count + compression_ratio,"(raw_token_count >= p95 (41)) AND (compression_ratio in quantile bin (0.0837, 0.735])",250,0.05102040816326531,156,94,0.624,0.376,0.2857142857142857,2.184,0.5264,0.624,TRUE,11.840000000000002,2.424529644705418e-32,1.0,1.511407703886587,1.511407703886587
"byte_length__gte_p95__AND__repeated_token_types__quantile_(3.0,39.0]",byte_length + repeated_token_types,"(byte_length >= p95 (255)) AND (repeated_token_types in quantile bin (3.0, 39.0])",204,0.04163265306122449,128,76,0.6274509803921569,0.37254901960784315,0.2857142857142857,2.196078431372549,0.5215686274509804,0.6274509803921569,TRUE,10.804501603589163,3.277319093679722e-27,1.0,1.5086101697160663,1.5086101697160663
char_length__gte_p90__AND__raw_token_count__gte_p95,char_length + raw_token_count,(char_length >= p90 (220)) AND (raw_token_count >= p95 (41)),252,0.05142857142857143,157,95,0.623015873015873,0.376984126984127,0.2857142857142857,2.180555555555556,0.5277777777777778,0.623015873015873,TRUE,11.852683709232737,2.0840769457681729e-32,1.0,1.507760998216917,1.507760998216917
"byte_length__quantile_(188.0,1163.0]__AND__raw_token_count__quantile_(30.2,222.0]",byte_length + raw_token_count,"(byte_length in quantile bin (188.0, 1163.0]) AND (raw_token_count in quantile bin (30.2, 222.0])",798,0.16285714285714287,458,340,0.5739348370927319,0.42606516290726815,0.2857142857142857,2.0087719298245617,0.5964912280701754,0.5739348370927319,TRUE,18.02288992929571,1.2883428569538367e-72,1.0,1.50749476869714,1.50749476869714
"word_count__gte_p90__AND__raw_token_count__quantile_(30.2,222.0]",word_count + raw_token_count,"(word_count >= p90 (36)) AND (raw_token_count in quantile bin (30.2, 222.0])",539,0.11,322,217,0.5974025974025974,0.4025974025974026,0.2857142857142857,2.090909090909091,0.5636363636363636,0.5974025974025974,TRUE,16.018171499325952,9.541503045544343e-58,1.0,1.5072430255089047,1.5072430255089047
token_entropy__gte_p90__AND__repeated_token_types__gte_p95,token_entropy + repeated_token_types,(token_entropy >= p90 (4.875)) AND (repeated_token_types >= p95 (6)),131,0.026734693877551022,83,48,0.6335877862595419,0.366412213740458,0.2857142857142857,2.217557251908397,0.5129770992366413,0.6335877862595419,TRUE,8.813634475728824,1.2115262803308407e-18,1.0,1.5066454387813022,1.5066454387813022
"char_length__gte_p90__AND__repeated_token_types__quantile_(3.0,39.0]",char_length + repeated_token_types,"(char_length >= p90 (220)) AND (repeated_token_types in quantile bin (3.0, 39.0])",361,0.0736734693877551,221,140,0.6121883656509696,0.3878116343490305,0.2857142857142857,2.1426592797783934,0.5429362880886427,0.6121883656509696,TRUE,13.730942471783754,6.626586475207443e-43,1.0,1.5022142532736809,1.5022142532736809
"word_count__gte_p95__AND__repeated_token_types__quantile_(3.0,39.0]",word_count + repeated_token_types,"(word_count >= p95 (42)) AND (repeated_token_types in quantile bin (3.0, 39.0])",221,0.04510204081632653,138,83,0.6244343891402715,0.3755656108597285,0.2857142857142857,2.1855203619909505,0.5257918552036199,0.6244343891402715,TRUE,11.146413501061748,7.455102419499308e-29,1.0,1.501839101219173,1.501839101219173
"char_length__quantile_(188.0,1163.0]__AND__raw_token_count__quantile_(30.2,222.0]",char_length + raw_token_count,"(char_length in quantile bin (188.0, 1163.0]) AND (raw_token_count in quantile bin (30.2, 222.0])",786,0.16040816326530613,451,335,0.573791348600509,0.4262086513994911,0.2857142857142857,2.0082697201017816,0.5966921119592875,0.573791348600509,TRUE,17.877961328749564,1.7512437888428714e-71,1.0,1.5010841861771442,1.5010841861771442
"char_length__gte_p95__AND__raw_token_count__quantile_(30.2,222.0]",char_length + raw_token_count,"(char_length >= p95 (254)) AND (raw_token_count in quantile bin (30.2, 222.0])",241,0.049183673469387755,150,91,0.6224066390041494,0.3775933609958506,0.2857142857142857,2.178423236514523,0.5286307053941909,0.6224066390041494,TRUE,11.570171980919291,5.8365560946128495e-31,1.0,1.5006462935504887,1.5006462935504887
char_length__gte_p90__AND__word_count__gte_p95,char_length + word_count,(char_length >= p90 (220)) AND (word_count >= p95 (42)),246,0.05020408163265306,153,93,0.6219512195121951,0.3780487804878049,0.2857142857142857,2.176829268292683,0.5292682926829269,0.6219512195121951,TRUE,11.673766712946284,1.7356460560918127e-31,1.0,1.5005764666776245,1.5005764666776245
"raw_token_count__gte_p90__AND__word_count__quantile_(31.0,222.0]",raw_token_count + word_count,"(raw_token_count >= p90 (36)) AND (word_count in quantile bin (31.0, 222.0])",506,0.10326530612244898,303,203,0.5988142292490118,0.40118577075098816,0.2857142857142857,2.0958498023715415,0.5616600790513834,0.5988142292490118,TRUE,15.590365171028159,8.464829182359741e-55,1.0,1.4998453452590466,1.4998453452590466
"byte_length__gte_p90__AND__compression_ratio__quantile_(0.0837,0.735]",byte_length + compression_ratio,"(byte_length >= p90 (221)) AND (compression_ratio in quantile bin (0.0837, 0.735])",456,0.09306122448979592,275,181,0.6030701754385965,0.3969298245614035,0.2857142857142857,2.110745614035088,0.5557017543859649,0.6030701754385965,TRUE,15.001235329249017,7.206545715027028e-51,1.0,1.4989187627004907,1.4989187627004907
"word_count__gte_p90__AND__compression_ratio__quantile_(0.0837,0.735]",word_count + compression_ratio,"(word_count >= p90 (36)) AND (compression_ratio in quantile bin (0.0837, 0.735])",465,0.09489795918367347,280,185,0.6021505376344086,0.3978494623655914,0.2857142857142857,2.1075268817204305,0.5569892473118279,0.6021505376344086,TRUE,15.10465284719939,1.5089902084606748e-51,1.0,1.4983522704832017,1.4983522704832017
char_length__gte_p90__AND__sentence_count__gte_p90,char_length + sentence_count,(char_length >= p90 (220)) AND (sentence_count >= p90 (3)),125,0.025510204081632654,79,46,0.632,0.368,0.2857142857142857,2.212,0.5152,0.632,TRUE,8.570134187980956,1.0336452405789947e-17,1.0,1.4972149829514814,1.4972149829514814
"char_length__gte_p90__AND__sentence_count__quantile_(2.0,49.0]",char_length + sentence_count,"(char_length >= p90 (220)) AND (sentence_count in quantile bin (2.0, 49.0])",125,0.025510204081632654,79,46,0.632,0.368,0.2857142857142857,2.212,0.5152,0.632,TRUE,8.570134187980956,1.0336452405789947e-17,1.0,1.4972149829514814,1.4972149829514814
raw_token_count__gte_p90__AND__char_length__gte_p95,raw_token_count + char_length,(raw_token_count >= p90 (36)) AND (char_length >= p95 (254)),233,0.047551020408163266,145,88,0.6223175965665236,0.3776824034334764,0.2857142857142857,2.178111587982833,0.528755364806867,0.6223175965665236,TRUE,11.3735065991327,5.6664454952947276e-30,1.0,1.497084795493239,1.497084795493239
raw_token_count__gte_p95__AND__byte_length__gte_p90,raw_token_count + byte_length,(raw_token_count >= p95 (41)) AND (byte_length >= p90 (221)),253,0.05163265306122449,157,96,0.6205533596837944,0.3794466403162055,0.2857142857142857,2.1719367588932808,0.5312252964426877,0.6205533596837944,TRUE,11.78947410212784,4.4229419555250047e-32,1.0,1.4970505516003096,1.4970505516003096
"byte_length__gte_p95__AND__word_count__quantile_(31.0,222.0]",byte_length + word_count,"(byte_length >= p95 (255)) AND (word_count in quantile bin (31.0, 222.0])",243,0.049591836734693875,151,92,0.6213991769547325,0.3786008230452675,0.2857142857142857,2.174897119341564,0.5300411522633744,0.6213991769547325,TRUE,11.583317790201846,5.00699554074262e-31,1.0,1.4969058209588773,1.4969058209588773
"byte_length__quantile_(188.0,1163.0]__AND__word_count__quantile_(31.0,222.0]",byte_length + word_count,"(byte_length in quantile bin (188.0, 1163.0]) AND (word_count in quantile bin (31.0, 222.0])",774,0.1579591836734694,444,330,0.5736434108527132,0.4263565891472868,0.2857142857142857,2.007751937984496,0.5968992248062015,0.5736434108527132,TRUE,17.731852826232313,2.3805811571401165e-70,1.0,1.494707189921997,1.494707189921997
"byte_length__quantile_(188.0,1163.0]__AND__word_count__gte_p95",byte_length + word_count,"(byte_length in quantile bin (188.0, 1163.0]) AND (word_count >= p95 (42))",250,0.05102040816326531,155,95,0.62,0.38,0.2857142857142857,2.17,0.532,0.62,TRUE,11.700000000000001,1.2745349831372286e-31,1.0,1.4933742001117423,1.4933742001117423
"char_length__quantile_(188.0,1163.0]__AND__word_count__gte_p95",char_length + word_count,"(char_length in quantile bin (188.0, 1163.0]) AND (word_count >= p95 (42))",250,0.05102040816326531,155,95,0.62,0.38,0.2857142857142857,2.17,0.532,0.62,TRUE,11.700000000000001,1.2745349831372286e-31,1.0,1.4933742001117423,1.4933742001117423
"char_length__quantile_(188.0,1163.0]__AND__word_count__quantile_(31.0,222.0]",char_length + word_count,"(char_length in quantile bin (188.0, 1163.0]) AND (word_count in quantile bin (31.0, 222.0])",763,0.15571428571428572,438,325,0.5740498034076016,0.4259501965923984,0.2857142857142857,2.0091743119266057,0.5963302752293578,0.5740498034076016,TRUE,17.630249234579598,1.4432941882718123e-69,1.0,1.4916836632447041,1.4916836632447041
char_length__gte_p95__AND__repeated_token_types__gte_p95,char_length + repeated_token_types,(char_length >= p95 (254)) AND (repeated_token_types >= p95 (6)),135,0.027551020408163266,85,50,0.6296296296296297,0.37037037037037035,0.2857142857142857,2.2037037037037037,0.5185185185185185,0.6296296296296297,TRUE,8.845379626717033,9.121766513188664e-19,1.0,1.4908453662417096,1.4908453662417096
"word_count__gte_p90__AND__char_entropy__quantile_(4.325,5.115]",word_count + char_entropy,"(word_count >= p90 (36)) AND (char_entropy in quantile bin (4.325, 5.115])",127,0.025918367346938774,80,47,0.6299212598425197,0.3700787401574803,0.2857142857142857,2.204724409448819,0.5181102362204725,0.6299212598425197,TRUE,8.586567058974602,8.960652129833474e-18,1.0,1.488905230175763,1.488905230175763
token_entropy__gte_p90__AND__compression_ratio__lte_p05,token_entropy + compression_ratio,(token_entropy >= p90 (4.875)) AND (compression_ratio <= p05 (0.663747)),98,0.02,62,36,0.6326530612244898,0.3673469387755102,0.2857142857142857,2.2142857142857144,0.5142857142857143,0.6326530612244898,TRUE,7.602631123499287,2.9016972125628366e-14,0.999999999999971,1.4888730342609386,1.4888730342609386
"word_count__gte_p95__AND__compression_ratio__quantile_(0.0837,0.735]",word_count + compression_ratio,"(word_count >= p95 (42)) AND (compression_ratio in quantile bin (0.0837, 0.735])",241,0.049183673469387755,149,92,0.6182572614107884,0.3817427385892116,0.2857142857142857,2.1639004149377596,0.5344398340248963,0.6182572614107884,TRUE,11.427581833267118,3.0446989601492126e-30,1.0,1.4820172282433726,1.4820172282433726
word_count__gte_p90__AND__char_length__gte_p95,word_count + char_length,(word_count >= p90 (36)) AND (char_length >= p95 (254)),236,0.04816326530612245,146,90,0.6186440677966102,0.3813559322033898,0.2857142857142857,2.165254237288136,0.5338983050847457,0.6186440677966102,TRUE,11.321570831898502,1.0261648685084039e-29,1.0,1.4817973990395386,1.4817973990395386
"char_length__gte_p90__AND__char_entropy__quantile_(4.325,5.115]",char_length + char_entropy,"(char_length >= p90 (220)) AND (char_entropy in quantile bin (4.325, 5.115])",116,0.0236734693877551,73,43,0.6293103448275862,0.3706896551724138,0.2857142857142857,2.2025862068965516,0.5189655172413793,0.6293103448275862,TRUE,8.191722062230113,2.57514761458459e-16,0.9999999999999998,1.4817727785469719,1.4817727785469719
"byte_length__gte_p90__AND__char_entropy__quantile_(4.325,5.115]",byte_length + char_entropy,"(byte_length >= p90 (221)) AND (char_entropy in quantile bin (4.325, 5.115])",116,0.0236734693877551,73,43,0.6293103448275862,0.3706896551724138,0.2857142857142857,2.2025862068965516,0.5189655172413793,0.6293103448275862,TRUE,8.191722062230113,2.57514761458459e-16,0.9999999999999998,1.4817727785469719,1.4817727785469719
byte_length__gte_p90__AND__word_count__gte_p95,byte_length + word_count,(byte_length >= p90 (221)) AND (word_count >= p95 (42)),248,0.05061224489795919,153,95,0.6169354838709677,0.38306451612903225,0.2857142857142857,2.1592741935483875,0.5362903225806451,0.6169354838709677,TRUE,11.546277852973423,7.708719197839617e-31,1.0,1.4788245425962667,1.4788245425962667
"char_length__gte_p95__AND__repeated_token_types__quantile_(3.0,39.0]",char_length + repeated_token_types,"(char_length >= p95 (254)) AND (repeated_token_types in quantile bin (3.0, 39.0])",203,0.041428571428571426,126,77,0.6206896551724138,0.3793103448275862,0.2857142857142857,2.1724137931034484,0.5310344827586206,0.6206896551724138,TRUE,10.564742926519713,4.3415657933707976e-26,1.0,1.478073846553221,1.478073846553221
byte_length__gte_p95__AND__repeated_token_types__gte_p90,byte_length + repeated_token_types,(byte_length >= p95 (255)) AND (repeated_token_types >= p90 (5)),175,0.03571428571428571,109,66,0.6228571428571429,0.37714285714285717,0.2857142857142857,2.18,0.528,0.6228571428571429,TRUE,9.872588313102094,5.47337091447099e-23,1.0,1.4767896227127881,1.4767896227127881
byte_length__gte_p90__AND__sentence_count__gte_p90,byte_length + sentence_count,(byte_length >= p90 (221)) AND (sentence_count >= p90 (3)),126,0.025714285714285714,79,47,0.626984126984127,0.373015873015873,0.2857142857142857,2.1944444444444446,0.5222222222222223,0.626984126984127,TRUE,8.479714355776117,2.257474779740919e-17,1.0,1.4756480651043744,1.4756480651043744
"byte_length__gte_p90__AND__sentence_count__quantile_(2.0,49.0]",byte_length + sentence_count,"(byte_length >= p90 (221)) AND (sentence_count in quantile bin (2.0, 49.0])",126,0.025714285714285714,79,47,0.626984126984127,0.373015873015873,0.2857142857142857,2.1944444444444446,0.5222222222222223,0.626984126984127,TRUE,8.479714355776117,2.257474779740919e-17,1.0,1.4756480651043744,1.4756480651043744
byte_length__gte_p95__AND__repeated_token_count__gte_p90,byte_length + repeated_token_count,(byte_length >= p95 (255)) AND (repeated_token_count >= p90 (6)),205,0.04183673469387755,127,78,0.6195121951219512,0.3804878048780488,0.2857142857142857,2.1682926829268294,0.5326829268292683,0.6195121951219512,TRUE,10.5793401979703,3.715655207995967e-26,1.0,1.4736200025532105,1.4736200025532105
"token_entropy__gte_p95__AND__max_sentence_word_count__quantile_(26.0,219.0]",token_entropy + max_sentence_word_count,"(token_entropy >= p95 (5)) AND (max_sentence_word_count in quantile bin (26.0, 219.0])",167,0.034081632653061224,104,63,0.6227544910179641,0.3772455089820359,0.2857142857142857,2.1796407185628746,0.5281437125748503,0.6227544910179641,TRUE,9.64135304937821,5.34783689008003e-22,1.0,1.4732233025023276,1.4732233025023276
"token_entropy__quantile_(4.685,6.523]__AND__repeated_token_count__gte_p95",token_entropy + repeated_token_count,"(token_entropy in quantile bin (4.685, 6.523]) AND (repeated_token_count >= p95 (9))",131,0.026734693877551022,82,49,0.6259541984732825,0.37404580152671757,0.2857142857142857,2.1908396946564888,0.5236641221374045,0.6259541984732825,TRUE,8.620231838330387,6.681868855325275e-18,1.0,1.4731398161161795,1.4731398161161795
char_length__gte_p90__AND__byte_length__gte_p95,char_length + byte_length,(char_length >= p90 (220)) AND (byte_length >= p95 (255)),247,0.05040816326530612,152,95,0.6153846153846154,0.38461538461538464,0.2857142857142857,2.153846153846154,0.5384615384615384,0.6153846153846154,TRUE,11.469021821343858,1.88781113498601e-30,1.0,1.471487289522327,1.471487289522327
"char_length__quantile_(188.0,1163.0]__AND__byte_length__gte_p95",char_length + byte_length,"(char_length in quantile bin (188.0, 1163.0]) AND (byte_length >= p95 (255))",247,0.05040816326530612,152,95,0.6153846153846154,0.38461538461538464,0.2857142857142857,2.153846153846154,0.5384615384615384,0.6153846153846154,TRUE,11.469021821343858,1.88781113498601e-30,1.0,1.471487289522327,1.471487289522327
"char_length__gte_p95__AND__word_count__quantile_(31.0,222.0]",char_length + word_count,"(char_length >= p95 (254)) AND (word_count in quantile bin (31.0, 222.0])",242,0.04938775510204082,149,93,0.6157024793388429,0.384297520661157,0.2857142857142857,2.15495867768595,0.5380165289256198,0.6157024793388429,TRUE,11.36329090383984,6.369897191580926e-30,1.0,1.4709710092349586,1.4709710092349586
"byte_length__gte_p95__AND__compression_ratio__quantile_(0.0837,0.735]",byte_length + compression_ratio,"(byte_length >= p95 (255)) AND (compression_ratio in quantile bin (0.0837, 0.735])",244,0.04979591836734694,150,94,0.6147540983606558,0.38524590163934425,0.2857142857142857,2.1516393442622954,0.5393442622950819,0.6147540983606558,TRUE,11.377357439013771,5.421776749850976e-30,1.0,1.4675051495852824,1.4675051495852824
"byte_length__gte_p90__AND__repeated_token_types__quantile_(3.0,39.0]",byte_length + repeated_token_types,"(byte_length >= p90 (221)) AND (repeated_token_types in quantile bin (3.0, 39.0])",366,0.0746938775510204,221,145,0.6038251366120219,0.39617486338797814,0.2857142857142857,2.1133879781420766,0.5546448087431693,0.6038251366120219,TRUE,13.47153444998596,2.3003518276080667e-41,1.0,1.4657566736242074,1.4657566736242074
token_entropy__gte_p95__AND__max_sentence_word_count__gte_p90,token_entropy + max_sentence_word_count,(token_entropy >= p95 (5)) AND (max_sentence_word_count >= p90 (30)),133,0.027142857142857142,83,50,0.6240601503759399,0.37593984962406013,0.2857142857142857,2.18421052631579,0.5263157894736842,0.6240601503759399,TRUE,8.637433829436539,5.748973596356999e-18,1.0,1.4656564422206346,1.4656564422206346
token_entropy__gte_p95__AND__long_sentence_count__gte_p90,token_entropy + long_sentence_count,(token_entropy >= p95 (5)) AND (long_sentence_count >= p90 (1)),133,0.027142857142857142,83,50,0.6240601503759399,0.37593984962406013,0.2857142857142857,2.18421052631579,0.5263157894736842,0.6240601503759399,TRUE,8.637433829436539,5.748973596356999e-18,1.0,1.4656564422206346,1.4656564422206346
token_entropy__gte_p95__AND__long_sentence_count__gte_p95,token_entropy + long_sentence_count,(token_entropy >= p95 (5)) AND (long_sentence_count >= p95 (1)),133,0.027142857142857142,83,50,0.6240601503759399,0.37593984962406013,0.2857142857142857,2.18421052631579,0.5263157894736842,0.6240601503759399,TRUE,8.637433829436539,5.748973596356999e-18,1.0,1.4656564422206346,1.4656564422206346
token_entropy__gte_p95__AND__long_sentence_count__gt_0,token_entropy + long_sentence_count,(token_entropy >= p95 (5)) AND (long_sentence_count > 0),133,0.027142857142857142,83,50,0.6240601503759399,0.37593984962406013,0.2857142857142857,2.18421052631579,0.5263157894736842,0.6240601503759399,TRUE,8.637433829436539,5.748973596356999e-18,1.0,1.4656564422206346,1.4656564422206346
word_count__gte_p95__AND__repeated_token_count__gte_p90,word_count + repeated_token_count,(word_count >= p95 (42)) AND (repeated_token_count >= p90 (6)),221,0.04510204081632653,136,85,0.6153846153846154,0.38461538461538464,0.2857142857142857,2.153846153846154,0.5384615384615384,0.6153846153846154,TRUE,10.848608560193686,2.0248428632391776e-27,1.0,1.4614553467441842,1.4614553467441842
raw_token_count__gte_p95__AND__repeated_token_types__gte_p90,raw_token_count + repeated_token_types,(raw_token_count >= p95 (41)) AND (repeated_token_types >= p90 (5)),196,0.04,121,75,0.6173469387755102,0.3826530612244898,0.2857142857142857,2.1607142857142856,0.5357142857142857,0.6173469387755102,TRUE,10.277402395547231,8.9096525246342e-25,1.0,1.4605596763687345,1.4605596763687345
"token_entropy__quantile_(4.685,6.523]__AND__compression_ratio__lte_p10",token_entropy + compression_ratio,"(token_entropy in quantile bin (4.685, 6.523]) AND (compression_ratio <= p10 (0.696058))",298,0.060816326530612246,181,117,0.6073825503355704,0.3926174496644295,0.2857142857142857,2.1258389261744965,0.5496644295302013,0.6073825503355704,TRUE,12.291768948878653,1.0028715540645224e-34,1.0,1.455287058136997,1.455287058136997
"raw_token_count__gte_p90__AND__repeated_token_types__quantile_(3.0,39.0]",raw_token_count + repeated_token_types,"(raw_token_count >= p90 (36)) AND (repeated_token_types in quantile bin (3.0, 39.0])",396,0.08081632653061224,237,159,0.5984848484848485,0.4015151515151515,0.2857142857142857,2.0946969696969697,0.562121212121212,0.5984848484848485,TRUE,13.777534414598811,3.479541587290337e-43,1.0,1.453110805458575,1.453110805458575
char_length__gte_p95__AND__repeated_token_count__gte_p90,char_length + repeated_token_count,(char_length >= p95 (254)) AND (repeated_token_count >= p90 (6)),205,0.04183673469387755,126,79,0.6146341463414634,0.3853658536585366,0.2857142857142857,2.151219512195122,0.5395121951219513,0.6146341463414634,TRUE,10.424736061465515,1.9118941717614611e-25,1.0,1.452010393083671,1.452010393083671
"word_count__gte_p90__AND__repeated_token_types__quantile_(3.0,39.0]",word_count + repeated_token_types,"(word_count >= p90 (36)) AND (repeated_token_types in quantile bin (3.0, 39.0])",420,0.08571428571428572,250,170,0.5952380952380952,0.40476190476190477,0.2857142857142857,2.0833333333333335,0.5666666666666667,0.5952380952380952,TRUE,14.041604846550365,8.672618000511973e-45,1.0,1.4476494361791616,1.4476494361791616
byte_length__gte_p90__AND__char_length__gte_p95,byte_length + char_length,(byte_length >= p90 (221)) AND (char_length >= p95 (254)),246,0.05020408163265306,150,96,0.6097560975609756,0.3902439024390244,0.2857142857142857,2.1341463414634148,0.5463414634146342,0.6097560975609756,TRUE,11.25036584770989,2.306334375356881e-29,1.0,1.4459746904493378,1.4459746904493378
"byte_length__quantile_(188.0,1163.0]__AND__char_length__gte_p95",byte_length + char_length,"(byte_length in quantile bin (188.0, 1163.0]) AND (char_length >= p95 (254))",246,0.05020408163265306,150,96,0.6097560975609756,0.3902439024390244,0.2857142857142857,2.1341463414634148,0.5463414634146342,0.6097560975609756,TRUE,11.25036584770989,2.306334375356881e-29,1.0,1.4459746904493378,1.4459746904493378
byte_length__gte_p95__AND__char_length__gte_p95,byte_length + char_length,(byte_length >= p95 (255)) AND (char_length >= p95 (254)),243,0.049591836734693875,148,95,0.6090534979423868,0.39094650205761317,0.2857142857142857,2.131687242798354,0.5473251028806584,0.6090534979423868,TRUE,11.157311356586717,6.595616070273667e-29,1.0,1.4417089284784228,1.4417089284784228
"char_length__gte_p95__AND__compression_ratio__quantile_(0.0837,0.735]",char_length + compression_ratio,"(char_length >= p95 (254)) AND (compression_ratio in quantile bin (0.0837, 0.735])",243,0.049591836734693875,148,95,0.6090534979423868,0.39094650205761317,0.2857142857142857,2.131687242798354,0.5473251028806584,0.6090534979423868,TRUE,11.157311356586717,6.595616070273667e-29,1.0,1.4417089284784228,1.4417089284784228
char_length__gte_p95__AND__repeated_token_types__gte_p90,char_length + repeated_token_types,(char_length >= p95 (254)) AND (repeated_token_types >= p90 (5)),174,0.035510204081632656,107,67,0.6149425287356322,0.3850574712643678,0.2857142857142857,2.1522988505747125,0.5390804597701149,0.6149425287356322,TRUE,9.613239194781952,7.030184336067961e-22,1.0,1.4415916761238807,1.4415916761238807
raw_token_count__gte_p95__AND__repeated_token_count__gte_p90,raw_token_count + repeated_token_count,(raw_token_count >= p95 (41)) AND (repeated_token_count >= p90 (6)),228,0.04653061224489796,139,89,0.6096491228070176,0.39035087719298245,0.2857142857142857,2.1337719298245617,0.5464912280701754,0.6096491228070176,TRUE,10.82737352934033,2.5537540796569946e-27,1.0,1.4386765641549766,1.4386765641549766
word_count__gte_p95__AND__repeated_token_types__gte_p90,word_count + repeated_token_types,(word_count >= p95 (42)) AND (repeated_token_types >= p90 (5)),191,0.038979591836734696,117,74,0.612565445026178,0.387434554973822,0.2857142857142857,2.1439790575916233,0.5424083769633508,0.612565445026178,TRUE,9.999188448744622,1.5365105409884312e-23,1.0,1.437587818913383,1.437587818913383
"token_entropy__quantile_(4.685,6.523]__AND__repeated_token_count__gte_p90",token_entropy + repeated_token_count,"(token_entropy in quantile bin (4.685, 6.523]) AND (repeated_token_count >= p90 (6))",307,0.0626530612244898,185,122,0.6026058631921825,0.3973941368078176,0.2857142857142857,2.1091205211726387,0.5563517915309446,0.6026058631921825,TRUE,12.290736958527484,1.0157576410381315e-34,1.0,1.4372201612987594,1.4372201612987594
"word_count__gte_p95__AND__repeated_token_count__quantile_(4.0,204.0]",word_count + repeated_token_count,"(word_count >= p95 (42)) AND (repeated_token_count in quantile bin (4.0, 204.0])",235,0.04795918367346939,143,92,0.6085106382978723,0.39148936170212767,0.2857142857142857,2.129787234042553,0.5480851063829787,0.6085106382978723,TRUE,10.953693635268385,6.379213631411267e-28,1.0,1.436273079510242,1.436273079510242
"char_length__quantile_(188.0,1163.0]__AND__char_entropy__quantile_(4.325,5.115]",char_length + char_entropy,"(char_length in quantile bin (188.0, 1163.0]) AND (char_entropy in quantile bin (4.325, 5.115])",222,0.045306122448979594,135,87,0.6081081081081081,0.3918918918918919,0.2857142857142857,2.1283783783783785,0.5486486486486486,0.6081081081081081,TRUE,10.633132817449123,2.0897248192360505e-26,1.0,1.429603703829343,1.429603703829343
"word_count__quantile_(31.0,222.0]__AND__raw_token_count__quantile_(30.2,222.0]",word_count + raw_token_count,"(word_count in quantile bin (31.0, 222.0]) AND (raw_token_count in quantile bin (30.2, 222.0])",889,0.18142857142857144,489,400,0.5500562429696289,0.4499437570303712,0.2857142857142857,1.9251968503937011,0.6299212598425197,0.5500562429696289,TRUE,17.44676943676186,3.642607880022268e-68,1.0,1.4248977691333662,1.4248977691333662
byte_length__gte_p95__AND__repeated_token_count__gte_p95,byte_length + repeated_token_count,(byte_length >= p95 (255)) AND (repeated_token_count >= p95 (9)),142,0.028979591836734694,87,55,0.6126760563380281,0.3873239436619718,0.2857142857142857,2.1443661971830985,0.5422535211267605,0.6126760563380281,TRUE,8.624604502056972,6.4314528454320085e-18,1.0,1.419629474282848,1.419629474282848
"token_entropy__quantile_(4.685,6.523]__AND__repeated_token_count__quantile_(4.0,204.0]",token_entropy + repeated_token_count,"(token_entropy in quantile bin (4.685, 6.523]) AND (repeated_token_count in quantile bin (4.0, 204.0])",414,0.08448979591836735,244,170,0.5893719806763285,0.4106280193236715,0.2857142857142857,2.0628019323671496,0.5748792270531401,0.5893719806763285,TRUE,13.676737187524601,1.398275500371318e-42,1.0,1.4182042523730956,1.4182042523730956
"byte_length__gte_p95__AND__repeated_token_count__quantile_(4.0,204.0]",byte_length + repeated_token_count,"(byte_length >= p95 (255)) AND (repeated_token_count in quantile bin (4.0, 204.0])",218,0.044489795918367346,132,86,0.6055045871559633,0.3944954128440367,0.2857142857142857,2.119266055045872,0.5522935779816514,0.6055045871559633,TRUE,10.451811659826113,1.437526084113708e-25,1.0,1.4166342008502508,1.4166342008502508
"char_length__gte_p90__AND__repeated_token_count__quantile_(4.0,204.0]",char_length + repeated_token_count,"(char_length >= p90 (220)) AND (repeated_token_count in quantile bin (4.0, 204.0])",377,0.07693877551020409,223,154,0.5915119363395226,0.40848806366047746,0.2857142857142857,2.0702917771883294,0.5718832891246685,0.5915119363395226,TRUE,13.143252749536408,1.86053657965743e-39,1.0,1.4137387943659474,1.4137387943659474
"token_entropy__quantile_(4.685,6.523]__AND__repeated_token_types__quantile_(3.0,39.0]",token_entropy + repeated_token_types,"(token_entropy in quantile bin (4.685, 6.523]) AND (repeated_token_types in quantile bin (3.0, 39.0])",426,0.08693877551020408,250,176,0.5868544600938967,0.4131455399061033,0.2857142857142857,2.053990610328639,0.5784037558685446,0.5868544600938967,TRUE,13.758514222655858,4.527356852586442e-43,1.0,1.411260700518657,1.411260700518657
"word_count__gte_p95__AND__max_sentence_word_count__quantile_(26.0,219.0]",word_count + max_sentence_word_count,"(word_count >= p95 (42)) AND (max_sentence_word_count in quantile bin (26.0, 219.0])",193,0.03938775510204082,117,76,0.6062176165803109,0.39378238341968913,0.2857142857142857,2.1217616580310885,0.5512953367875648,0.6062176165803109,TRUE,9.856193970569587,6.444611369822441e-23,1.0,1.4105123470784884,1.4105123470784884
"sentence_count__gte_p90__AND__word_count__quantile_(25.0,31.0]",sentence_count + word_count,"(sentence_count >= p90 (3)) AND (word_count in quantile bin (25.0, 31.0])",136,0.027755102040816326,83,53,0.6102941176470589,0.3897058823529412,0.2857142857142857,2.136029411764706,0.5455882352941176,0.6102941176470589,TRUE,8.378938933245596,5.340697322702621e-17,1.0,1.4070783072067883,1.4070783072067883
"sentence_count__quantile_(2.0,49.0]__AND__word_count__quantile_(25.0,31.0]",sentence_count + word_count,"(sentence_count in quantile bin (2.0, 49.0]) AND (word_count in quantile bin (25.0, 31.0])",136,0.027755102040816326,83,53,0.6102941176470589,0.3897058823529412,0.2857142857142857,2.136029411764706,0.5455882352941176,0.6102941176470589,TRUE,8.378938933245596,5.340697322702621e-17,1.0,1.4070783072067883,1.4070783072067883
"raw_token_count__gte_p95__AND__repeated_token_count__quantile_(4.0,204.0]",raw_token_count + repeated_token_count,"(raw_token_count >= p95 (41)) AND (repeated_token_count in quantile bin (4.0, 204.0])",243,0.049591836734693875,146,97,0.6008230452674898,0.3991769547325103,0.2857142857142857,2.1028806584362143,0.5588477366255145,0.6008230452674898,TRUE,10.873307067509966,1.5449717197664608e-27,1.0,1.4052402775348496,1.4052402775348496
raw_token_count__gte_p95__AND__repeated_token_types__gte_p95,raw_token_count + repeated_token_types,(raw_token_count >= p95 (41)) AND (repeated_token_types >= p95 (6)),153,0.031224489795918367,93,60,0.6078431372549019,0.39215686274509803,0.2857142857142857,2.127450980392157,0.5490196078431372,0.6078431372549019,TRUE,8.82009737174476,1.1436023078935393e-18,1.0,1.402817963961302,1.402817963961302
"byte_length__quantile_(188.0,1163.0]__AND__char_entropy__quantile_(4.325,5.115]",byte_length + char_entropy,"(byte_length in quantile bin (188.0, 1163.0]) AND (char_entropy in quantile bin (4.325, 5.115])",233,0.047551020408163266,140,93,0.6008583690987125,0.39914163090128757,0.2857142857142857,2.103004291845494,0.5587982832618026,0.6008583690987125,TRUE,10.648419657475788,1.7735022121530366e-26,1.0,1.4017164694218724,1.4017164694218724
"word_count__quantile_(31.0,222.0]__AND__char_entropy__quantile_(4.325,5.115]",word_count + char_entropy,"(word_count in quantile bin (31.0, 222.0]) AND (char_entropy in quantile bin (4.325, 5.115])",204,0.04163265306122449,123,81,0.6029411764705882,0.39705882352941174,0.2857142857142857,2.110294117647059,0.5558823529411764,0.6029411764705882,TRUE,10.029588578741578,1.1298640627805209e-23,1.0,1.4002274342815062,1.4002274342815062
word_count__gte_p95__AND__repeated_token_types__gte_p95,word_count + repeated_token_types,(word_count >= p95 (42)) AND (repeated_token_types >= p95 (6)),150,0.030612244897959183,91,59,0.6066666666666667,0.3933333333333333,0.2857142857142857,2.1233333333333335,0.5506666666666666,0.6066666666666667,TRUE,8.70130258447933,3.280961503882783e-18,1.0,1.3966246976205439,1.3966246976205439
"raw_token_count__gte_p95__AND__max_sentence_word_count__quantile_(26.0,219.0]",raw_token_count + max_sentence_word_count,"(raw_token_count >= p95 (41)) AND (max_sentence_word_count in quantile bin (26.0, 219.0])",191,0.038979591836734696,115,76,0.6020942408376964,0.39790575916230364,0.2857142857142857,2.1073298429319376,0.5570680628272251,0.6020942408376964,TRUE,9.67884831537523,3.708701093110169e-22,1.0,1.3917875170613738,1.3917875170613738
"byte_length__quantile_(188.0,1163.0]__AND__compression_ratio__quantile_(0.0837,0.735]",byte_length + compression_ratio,"(byte_length in quantile bin (188.0, 1163.0]) AND (compression_ratio in quantile bin (0.0837, 0.735])",761,0.1553061224489796,422,339,0.5545335085413929,0.4454664914586071,0.2857142857142857,1.9408672798948754,0.62365308804205,0.5545335085413929,TRUE,16.41537050943086,1.4847172859698362e-60,1.0,1.3914965904610148,1.3914965904610148
"char_length__quantile_(188.0,1163.0]__AND__compression_ratio__quantile_(0.0837,0.735]",char_length + compression_ratio,"(char_length in quantile bin (188.0, 1163.0]) AND (compression_ratio in quantile bin (0.0837, 0.735])",759,0.15489795918367347,421,338,0.5546772068511199,0.4453227931488801,0.2857142857142857,1.9413702239789197,0.6234519104084322,0.5546772068511199,TRUE,16.4025488876935,1.8337985554778182e-60,1.0,1.3913715807407607,1.3913715807407607
char_length__gte_p95__AND__repeated_token_count__gte_p95,char_length + repeated_token_count,(char_length >= p95 (254)) AND (repeated_token_count >= p95 (9)),142,0.028979591836734694,86,56,0.6056338028169014,0.39436619718309857,0.2857142857142857,2.119718309859155,0.552112676056338,0.6056338028169014,TRUE,8.438843789704976,3.2049207182856567e-17,1.0,1.389226166648753,1.389226166648753
"char_length__gte_p95__AND__repeated_token_count__quantile_(4.0,204.0]",char_length + repeated_token_count,"(char_length >= p95 (254)) AND (repeated_token_count in quantile bin (4.0, 204.0])",217,0.04428571428571428,130,87,0.5990783410138248,0.4009216589861751,0.2857142857142857,2.096774193548387,0.5612903225806452,0.5990783410138248,TRUE,10.218263219637985,1.6425738591522946e-24,1.0,1.3880620674972957,1.3880620674972957
byte_length__gte_p95__AND__compression_ratio__lte_p10,byte_length + compression_ratio,(byte_length >= p95 (255)) AND (compression_ratio <= p10 (0.696058)),212,0.04326530612244898,127,85,0.5990566037735849,0.4009433962264151,0.2857142857142857,2.0966981132075473,0.5613207547169812,0.5990566037735849,TRUE,10.099154644241365,5.572042824651208e-24,1.0,1.3861548684081586,1.3861548684081586
char_length__gte_p95__AND__compression_ratio__lte_p10,char_length + compression_ratio,(char_length >= p95 (254)) AND (compression_ratio <= p10 (0.696058)),214,0.043673469387755105,128,86,0.5981308411214953,0.40186915887850466,0.2857142857142857,2.0934579439252334,0.5626168224299065,0.5981308411214953,TRUE,10.116702207310535,4.65847732330161e-24,1.0,1.382832090373907,1.382832090373907
"sentence_count__gte_p90__AND__byte_length__quantile_(150.0,188.0]",sentence_count + byte_length,"(sentence_count >= p90 (3)) AND (byte_length in quantile bin (150.0, 188.0])",139,0.02836734693877551,84,55,0.60431654676259,0.39568345323741005,0.2857142857142857,2.115107913669065,0.5539568345323741,0.60431654676259,TRUE,8.314847602180214,9.187024805791715e-17,0.9999999999999999,1.3824608454716378,1.3824608454716378
"sentence_count__quantile_(2.0,49.0]__AND__byte_length__quantile_(150.0,188.0]",sentence_count + byte_length,"(sentence_count in quantile bin (2.0, 49.0]) AND (byte_length in quantile bin (150.0, 188.0])",139,0.02836734693877551,84,55,0.60431654676259,0.39568345323741005,0.2857142857142857,2.115107913669065,0.5539568345323741,0.60431654676259,TRUE,8.314847602180214,9.187024805791715e-17,0.9999999999999999,1.3824608454716378,1.3824608454716378
"byte_length__gte_p90__AND__repeated_token_count__quantile_(4.0,204.0]",byte_length + repeated_token_count,"(byte_length >= p90 (221)) AND (repeated_token_count in quantile bin (4.0, 204.0])",382,0.07795918367346939,223,159,0.5837696335078534,0.4162303664921466,0.2857142857142857,2.0431937172774868,0.5827225130890052,0.5837696335078534,TRUE,12.895157173684678,4.792849683385528e-38,1.0,1.3803937528892762,1.3803937528892762
"raw_token_count__quantile_(30.2,222.0]__AND__char_entropy__quantile_(4.325,5.115]",raw_token_count + char_entropy,"(raw_token_count in quantile bin (30.2, 222.0]) AND (char_entropy in quantile bin (4.325, 5.115])",204,0.04163265306122449,122,82,0.5980392156862745,0.4019607843137255,0.2857142857142857,2.093137254901961,0.5627450980392157,0.5980392156862745,TRUE,9.874605973772063,5.364336819257664e-23,1.0,1.3788270792667536,1.3788270792667536
char_length__gte_p90__AND__repeated_token_count__gte_p90,char_length + repeated_token_count,(char_length >= p90 (220)) AND (repeated_token_count >= p90 (6)),322,0.06571428571428571,189,133,0.5869565217391305,0.41304347826086957,0.2857142857142857,2.054347826086957,0.5782608695652174,0.5869565217391305,TRUE,11.965802722032851,5.367596693236877e-33,1.0,1.3725989147101154,1.3725989147101154
"raw_token_count__gte_p90__AND__char_entropy__quantile_(4.325,5.115]",raw_token_count + char_entropy,"(raw_token_count >= p90 (36)) AND (char_entropy in quantile bin (4.325, 5.115])",121,0.02469387755102041,73,48,0.6033057851239669,0.39669421487603307,0.2857142857142857,2.1115702479338845,0.5553719008264463,0.6033057851239669,TRUE,7.733206278048127,1.0487116134183217e-14,0.9999999999999896,1.3715227404427066,1.3715227404427066
"sentence_count__gte_p90__AND__raw_token_count__quantile_(24.4,30.2]",sentence_count + raw_token_count,"(sentence_count >= p90 (3)) AND (raw_token_count in quantile bin (24.4, 30.2])",157,0.032040816326530615,94,63,0.5987261146496815,0.4012738853503185,0.2857142857142857,2.0955414012738856,0.5617834394904458,0.5987261146496815,TRUE,8.681776800151182,3.8963347179542015e-18,1.0,1.3649525856152107,1.3649525856152107
"sentence_count__quantile_(2.0,49.0]__AND__raw_token_count__quantile_(24.4,30.2]",sentence_count + raw_token_count,"(sentence_count in quantile bin (2.0, 49.0]) AND (raw_token_count in quantile bin (24.4, 30.2])",157,0.032040816326530615,94,63,0.5987261146496815,0.4012738853503185,0.2857142857142857,2.0955414012738856,0.5617834394904458,0.5987261146496815,TRUE,8.681776800151182,3.8963347179542015e-18,1.0,1.3649525856152107,1.3649525856152107
raw_token_count__gte_p95__AND__compression_ratio__lte_p10,raw_token_count + compression_ratio,(raw_token_count >= p95 (41)) AND (compression_ratio <= p10 (0.696058)),209,0.042653061224489794,124,85,0.5933014354066986,0.40669856459330145,0.2857142857142857,2.076555023923445,0.569377990430622,0.5933014354066986,TRUE,9.84326938334566,7.328966241419439e-23,1.0,1.3599912774524132,1.3599912774524132
token_entropy__gte_p95__AND__max_sentence_word_count__gte_p95,token_entropy + max_sentence_word_count,(token_entropy >= p95 (5)) AND (max_sentence_word_count >= p95 (34)),103,0.021020408163265305,62,41,0.6019417475728155,0.39805825242718446,0.2857142857142857,2.1067961165048543,0.5572815533980582,0.6019417475728155,TRUE,7.104217262487216,1.2100637105381325e-12,0.99999999999879,1.3590476154841618,1.3590476154841618
"char_length__quantile_(188.0,1163.0]__AND__char_entropy__gte_p90",char_length + char_entropy,"(char_length in quantile bin (188.0, 1163.0]) AND (char_entropy >= p90 (4.40987))",98,0.02,59,39,0.6020408163265306,0.3979591836734694,0.2857142857142857,2.107142857142857,0.5571428571428572,0.6020408163265306,TRUE,6.931810730249349,4.154876226652374e-12,0.9999999999958451,1.3575892708969093,1.3575892708969093
raw_token_count__gte_p95__AND__repeated_token_count__gte_p95,raw_token_count + repeated_token_count,(raw_token_count >= p95 (41)) AND (repeated_token_count >= p95 (9)),161,0.032857142857142856,96,65,0.5962732919254659,0.40372670807453415,0.2857142857142857,2.086956521739131,0.5652173913043478,0.5962732919254659,TRUE,8.722783759886472,2.7144435232985187e-18,1.0,1.3558355155980815,1.3558355155980815
"raw_token_count__quantile_(30.2,222.0]__AND__sentence_count__gte_p95",raw_token_count + sentence_count,"(raw_token_count in quantile bin (30.2, 222.0]) AND (sentence_count >= p95 (4))",88,0.017959183673469388,53,35,0.6022727272727273,0.3977272727272727,0.2857142857142857,2.107954545454546,0.5568181818181818,0.6022727272727273,TRUE,6.573448659016611,4.916303044769439e-11,0.999999999950837,1.354754855995478,1.354754855995478
"byte_length__gte_p95__AND__max_sentence_word_count__quantile_(26.0,219.0]",byte_length + max_sentence_word_count,"(byte_length >= p95 (255)) AND (max_sentence_word_count in quantile bin (26.0, 219.0])",175,0.03571428571428571,104,71,0.5942857142857143,0.4057142857142857,0.2857142857142857,2.08,0.568,0.5942857142857143,TRUE,9.035928286568017,1.6261629125976353e-19,1.0,1.3522357736655606,1.3522357736655606
"byte_length__quantile_(188.0,1163.0]__AND__char_entropy__gte_p90",byte_length + char_entropy,"(byte_length in quantile bin (188.0, 1163.0]) AND (char_entropy >= p90 (4.40987))",105,0.02142857142857143,63,42,0.6,0.4,0.2857142857142857,2.1,0.56,0.6,TRUE,7.128814768248646,1.0123686195520302e-12,0.9999999999989876,1.3515685992387525,1.3515685992387525
"raw_token_count__gte_p90__AND__repeated_token_count__quantile_(4.0,204.0]",raw_token_count + repeated_token_count,"(raw_token_count >= p90 (36)) AND (repeated_token_count in quantile bin (4.0, 204.0])",422,0.08612244897959184,242,180,0.5734597156398105,0.4265402843601896,0.2857142857142857,2.0071090047393367,0.5971563981042655,0.5734597156398105,TRUE,13.084667775900435,4.029179765267243e-39,1.0,1.3482602417129397,1.3482602417129397
"word_count__quantile_(31.0,222.0]__AND__compression_ratio__quantile_(0.0837,0.735]",word_count + compression_ratio,"(word_count in quantile bin (31.0, 222.0]) AND (compression_ratio in quantile bin (0.0837, 0.735])",677,0.13816326530612244,374,303,0.552437223042836,0.44756277695716395,0.2857142857142857,1.9335302806499262,0.6265878877400295,0.552437223042836,TRUE,15.362176113698911,2.9355338721667965e-53,1.0,1.3464244894517308,1.3464244894517308
"char_length__quantile_(188.0,1163.0]__AND__sentence_count__gte_p95",char_length + sentence_count,"(char_length in quantile bin (188.0, 1163.0]) AND (sentence_count >= p95 (4))",90,0.018367346938775512,54,36,0.6,0.4,0.2857142857142857,2.1,0.56,0.6,TRUE,6.6000000000000005,4.1115778187990477e-11,0.9999999999588842,1.345948129896535,1.345948129896535
"word_count__quantile_(31.0,222.0]__AND__sentence_count__gte_p95",word_count + sentence_count,"(word_count in quantile bin (31.0, 222.0]) AND (sentence_count >= p95 (4))",90,0.018367346938775512,54,36,0.6,0.4,0.2857142857142857,2.1,0.56,0.6,TRUE,6.6000000000000005,4.1115778187990477e-11,0.9999999999588842,1.345948129896535,1.345948129896535
"word_count__gte_p90__AND__repeated_token_count__quantile_(4.0,204.0]",word_count + repeated_token_count,"(word_count >= p90 (36)) AND (repeated_token_count in quantile bin (4.0, 204.0])",442,0.09020408163265306,252,190,0.5701357466063348,0.4298642533936652,0.2857142857142857,1.995475113122172,0.6018099547511312,0.5701357466063348,TRUE,13.23645042711611,5.404325149449001e-40,1.0,1.3404015463844068,1.3404015463844068
raw_token_count__gte_p90__AND__compression_ratio__lte_p10,raw_token_count + compression_ratio,(raw_token_count >= p90 (36)) AND (compression_ratio <= p10 (0.696058)),310,0.06326530612244897,180,130,0.5806451612903226,0.41935483870967744,0.2857142857142857,2.0322580645161294,0.5870967741935484,0.5806451612903226,TRUE,11.494739329713596,1.4020361767699707e-30,1.0,1.3401580414706664,1.3401580414706664
"char_entropy__quantile_(4.325,5.115]__AND__token_entropy__quantile_(4.437,4.685]",char_entropy + token_entropy,"(char_entropy in quantile bin (4.325, 5.115]) AND (token_entropy in quantile bin (4.437, 4.685])",202,0.04122448979591837,119,83,0.5891089108910891,0.41089108910891087,0.2857142857142857,2.0618811881188117,0.5752475247524752,0.5891089108910891,TRUE,9.545124721060173,1.3594392784927794e-21,1.0,1.3393477623087344,1.3393477623087344
byte_length__gte_p90__AND__repeated_token_count__gte_p90,byte_length + repeated_token_count,(byte_length >= p90 (221)) AND (repeated_token_count >= p90 (6)),327,0.06673469387755102,189,138,0.5779816513761468,0.42201834862385323,0.2857142857142857,2.022935779816514,0.5908256880733945,0.5779816513761468,TRUE,11.69909429569014,1.2882104986775467e-31,1.0,1.334344182548602,1.334344182548602
sentence_count__gte_p95__AND__char_entropy__gte_p90,sentence_count + char_entropy,(sentence_count >= p95 (4)) AND (char_entropy >= p90 (4.40987)),128,0.026122448979591838,76,52,0.59375,0.40625,0.2857142857142857,2.078125,0.56875,0.59375,TRUE,7.714434522374274,1.2151980118703091e-14,0.9999999999999879,1.3333818953941337,1.3333818953941337
word_count__gte_p95__AND__repeated_token_count__gte_p95,word_count + repeated_token_count,(word_count >= p95 (42)) AND (repeated_token_count >= p95 (9)),159,0.032448979591836735,94,65,0.5911949685534591,0.4088050314465409,0.2857142857142857,2.069182389937107,0.5723270440251572,0.5911949685534591,TRUE,8.526687663783825,1.505977736682957e-17,1.0,1.3333603613689542,1.3333603613689542
"char_length__gte_p95__AND__max_sentence_word_count__quantile_(26.0,219.0]",char_length + max_sentence_word_count,"(char_length >= p95 (254)) AND (max_sentence_word_count in quantile bin (26.0, 219.0])",175,0.03571428571428571,103,72,0.5885714285714285,0.4114285714285714,0.2857142857142857,2.06,0.576,0.5885714285714285,TRUE,8.868596281261201,7.407370362667589e-19,1.0,1.3276685625291702,1.3276685625291702
char_length__gte_p90__AND__repeated_token_types__gte_p90,char_length + repeated_token_types,(char_length >= p90 (220)) AND (repeated_token_types >= p90 (5)),274,0.05591836734693877,159,115,0.5802919708029197,0.4197080291970803,0.2857142857142857,2.031021897810219,0.5875912408759124,0.5802919708029197,TRUE,10.79377016859979,3.683610333415233e-27,1.0,1.3259546722405298,1.3259546722405298
word_count__gte_p95__AND__compression_ratio__lte_p10,word_count + compression_ratio,(word_count >= p95 (42)) AND (compression_ratio <= p10 (0.696058)),198,0.04040816326530612,116,82,0.5858585858585859,0.41414141414141414,0.2857142857142857,2.0505050505050506,0.5797979797979798,0.5858585858585859,TRUE,9.348904759490292,8.855998968257117e-21,1.0,1.3239253004690303,1.3239253004690303
word_count__gte_p90__AND__compression_ratio__lte_p10,word_count + compression_ratio,(word_count >= p90 (36)) AND (compression_ratio <= p10 (0.696058)),323,0.06591836734693877,186,137,0.5758513931888545,0.4241486068111455,0.2857142857142857,2.015479876160991,0.5938080495356037,0.5758513931888545,TRUE,11.542571626475704,8.048250176653418e-31,1.0,1.3234569510006775,1.3234569510006775
"raw_token_count__quantile_(30.2,222.0]__AND__compression_ratio__quantile_(0.0837,0.735]",raw_token_count + compression_ratio,"(raw_token_count in quantile bin (30.2, 222.0]) AND (compression_ratio in quantile bin (0.0837, 0.735])",706,0.14408163265306123,385,321,0.5453257790368272,0.4546742209631728,0.2857142857142857,1.9086402266288953,0.6365439093484418,0.5453257790368272,TRUE,15.269482052544367,1.2213933493473053e-52,1.0,1.3228864990127331,1.3228864990127331
raw_token_count__gte_p90__AND__repeated_token_count__gte_p90,raw_token_count + repeated_token_count,(raw_token_count >= p90 (36)) AND (repeated_token_count >= p90 (6)),362,0.07387755102040816,207,155,0.5718232044198895,0.4281767955801105,0.2857142857142857,2.0013812154696136,0.5994475138121547,0.5718232044198895,TRUE,12.049907727575924,1.941671673044042e-33,1.0,1.319211600495451,1.319211600495451
"byte_length__quantile_(188.0,1163.0]__AND__sentence_count__gte_p95",byte_length + sentence_count,"(byte_length in quantile bin (188.0, 1163.0]) AND (sentence_count >= p95 (4))",91,0.018571428571428572,54,37,0.5934065934065934,0.4065934065934066,0.2857142857142857,2.076923076923077,0.5692307692307692,0.5934065934065934,TRUE,6.4973367324916,8.17543378293797e-11,0.9999999999182456,1.3186307739038394,1.3186307739038394
"token_entropy__quantile_(4.685,6.523]__AND__repeated_token_types__gte_p95",token_entropy + repeated_token_types,"(token_entropy in quantile bin (4.685, 6.523]) AND (repeated_token_types >= p95 (6))",181,0.03693877551020408,106,75,0.585635359116022,0.4143646408839779,0.2857142857142857,2.049723756906077,0.580110497237569,0.585635359116022,TRUE,8.9319093997231,4.1871834266054095e-19,1.0,1.3171352551458622,1.3171352551458622
"sentence_count__gte_p90__AND__char_length__quantile_(149.0,188.0]",sentence_count + char_length,"(sentence_count >= p90 (3)) AND (char_length in quantile bin (149.0, 188.0])",141,0.028775510204081634,83,58,0.5886524822695035,0.41134751773049644,0.2857142857142857,2.0602836879432624,0.575886524822695,0.5886524822695035,TRUE,7.962723437305046,1.6829333510038303e-15,0.9999999999999983,1.3162818278062915,1.3162818278062915
"sentence_count__quantile_(2.0,49.0]__AND__char_length__quantile_(149.0,188.0]",sentence_count + char_length,"(sentence_count in quantile bin (2.0, 49.0]) AND (char_length in quantile bin (149.0, 188.0])",141,0.028775510204081634,83,58,0.5886524822695035,0.41134751773049644,0.2857142857142857,2.0602836879432624,0.575886524822695,0.5886524822695035,TRUE,7.962723437305046,1.6829333510038303e-15,0.9999999999999983,1.3162818278062915,1.3162818278062915
char_length__gte_p90__AND__compression_ratio__lte_p10,char_length + compression_ratio,(char_length >= p90 (220)) AND (compression_ratio <= p10 (0.696058)),348,0.07102040816326531,199,149,0.5718390804597702,0.4281609195402299,0.2857142857142857,2.0014367816091956,0.5994252873563218,0.5718390804597702,TRUE,11.815256550592624,3.2555361529159034e-32,1.0,1.3143550741206658,1.3143550741206658
"char_entropy__quantile_(4.325,5.115]__AND__byte_length__quantile_(150.0,188.0]",char_entropy + byte_length,"(char_entropy in quantile bin (4.325, 5.115]) AND (byte_length in quantile bin (150.0, 188.0])",199,0.040612244897959185,116,83,0.5829145728643216,0.41708542713567837,0.2857142857142857,2.040201005025126,0.5839195979899497,0.5829145728643216,TRUE,9.28055188100796,1.6860297486855537e-20,1.0,1.3115843931971118,1.3115843931971118
"char_entropy__gte_p90__AND__byte_length__quantile_(150.0,188.0]",char_entropy + byte_length,"(char_entropy >= p90 (4.40987)) AND (byte_length in quantile bin (150.0, 188.0])",93,0.018979591836734692,55,38,0.5913978494623656,0.40860215053763443,0.2857142857142857,2.06989247311828,0.5720430107526882,0.5913978494623656,TRUE,6.525467066050333,6.778995288458748e-11,0.99999999993221,1.3109499597872838,1.3109499597872838
"sentence_count__gte_p95__AND__char_entropy__quantile_(4.325,5.115]",sentence_count + char_entropy,"(sentence_count >= p95 (4)) AND (char_entropy in quantile bin (4.325, 5.115])",185,0.03775510204081633,108,77,0.5837837837837838,0.41621621621621624,0.2857142857142857,2.0432432432432437,0.5827027027027027,0.5837837837837838,TRUE,8.974317711022849,2.8511333186251083e-19,1.0,1.3105573287997463,1.3105573287997463
word_count__gte_p90__AND__repeated_token_count__gte_p90,word_count + repeated_token_count,(word_count >= p90 (36)) AND (repeated_token_count >= p90 (6)),376,0.07673469387755102,213,163,0.5664893617021277,0.43351063829787234,0.2857142857142857,1.982712765957447,0.6069148936170212,0.5664893617021277,TRUE,12.051761149662347,1.8984964956703627e-33,1.0,1.3001956091310798,1.3001956091310798
byte_length__gte_p90__AND__compression_ratio__lte_p10,byte_length + compression_ratio,(byte_length >= p90 (221)) AND (compression_ratio <= p10 (0.696058)),349,0.07122448979591836,198,151,0.5673352435530086,0.4326647564469914,0.2857142857142857,1.9856733524355301,0.6057306590257879,0.5673352435530086,TRUE,11.645971547927159,2.4056441017408753e-31,1.0,1.2946118331462273,1.2946118331462273
"token_entropy__quantile_(4.685,6.523]__AND__repeated_token_types__gte_p90",token_entropy + repeated_token_types,"(token_entropy in quantile bin (4.685, 6.523]) AND (repeated_token_types >= p90 (5))",283,0.057755102040816325,162,121,0.5724381625441696,0.4275618374558304,0.2857142857142857,2.0035335689045937,0.5985865724381625,0.5724381625441696,TRUE,10.677144441636154,1.302156359789453e-26,1.0,1.2945905386001837,1.2945905386001837
byte_length__gte_p90__AND__repeated_token_types__gte_p90,byte_length + repeated_token_types,(byte_length >= p90 (221)) AND (repeated_token_types >= p90 (5)),278,0.05673469387755102,159,119,0.5719424460431655,0.42805755395683454,0.2857142857142857,2.0017985611510793,0.5992805755395684,0.5719424460431655,TRUE,10.564107142216526,4.371083457128971e-26,1.0,1.2907266229201073,1.2907266229201073
char_length__gte_p90__AND__repeated_token_types__gte_p95,char_length + repeated_token_types,(char_length >= p90 (220)) AND (repeated_token_types >= p95 (6)),200,0.04081632653061224,115,85,0.575,0.425,0.2857142857142857,2.0125,0.595,0.575,TRUE,9.056075308874147,1.3522872273310123e-19,1.0,1.2779303014850936,1.2779303014850936
word_count__gte_p90__AND__repeated_token_types__gte_p90,word_count + repeated_token_types,(word_count >= p90 (36)) AND (repeated_token_types >= p90 (5)),324,0.06612244897959184,183,141,0.5648148148148148,0.4351851851851852,0.2857142857142857,1.9768518518518519,0.6092592592592593,0.5648148148148148,TRUE,11.1206764382588,9.951459507308159e-29,1.0,1.2749075278147923,1.2749075278147923
"word_count__quantile_(31.0,222.0]__AND__char_entropy__gte_p90",word_count + char_entropy,"(word_count in quantile bin (31.0, 222.0]) AND (char_entropy >= p90 (4.40987))",91,0.018571428571428572,53,38,0.5824175824175825,0.4175824175824176,0.2857142857142857,2.0384615384615388,0.5846153846153846,0.5824175824175825,TRUE,6.2652889920454715,3.721346038879072e-10,0.9999999996278653,1.272763260320664,1.272763260320664
"compression_ratio__quantile_(0.0837,0.735]__AND__char_entropy__quantile_(4.325,5.115]",compression_ratio + char_entropy,"(compression_ratio in quantile bin (0.0837, 0.735]) AND (char_entropy in quantile bin (4.325, 5.115])",126,0.025714285714285714,73,53,0.5793650793650794,0.42063492063492064,0.2857142857142857,2.027777777777778,0.5888888888888889,0.5793650793650794,TRUE,7.296498399156195,2.953533603202886e-13,0.9999999999997047,1.2719556088681931,1.2719556088681931
"char_entropy__quantile_(4.325,5.115]__AND__word_count__quantile_(25.0,31.0]",char_entropy + word_count,"(char_entropy in quantile bin (4.325, 5.115]) AND (word_count in quantile bin (25.0, 31.0])",188,0.03836734693877551,108,80,0.574468085106383,0.425531914893617,0.2857142857142857,2.0106382978723407,0.5957446808510638,0.574468085106383,TRUE,8.76404647627441,1.8836411749680512e-18,1.0,1.271701400374465,1.271701400374465
raw_token_count__gte_p90__AND__repeated_token_types__gte_p90,raw_token_count + repeated_token_types,(raw_token_count >= p90 (36)) AND (repeated_token_types >= p90 (5)),306,0.062448979591836734,173,133,0.565359477124183,0.434640522875817,0.2857142857142857,1.9787581699346406,0.6084967320261437,0.565359477124183,TRUE,10.828445352781253,2.5240417636876253e-27,1.0,1.271267170162453,1.271267170162453
"token_entropy__quantile_(4.685,6.523]__AND__raw_token_count__quantile_(24.4,30.2]",token_entropy + raw_token_count,"(token_entropy in quantile bin (4.685, 6.523]) AND (raw_token_count in quantile bin (24.4, 30.2])",226,0.046122448979591835,129,97,0.5707964601769911,0.42920353982300885,0.2857142857142857,1.9977876106194692,0.6008849557522123,0.5707964601769911,TRUE,9.486856301108187,2.381067590210619e-21,1.0,1.2684355111616228,1.2684355111616228
"token_entropy__gte_p90__AND__max_sentence_word_count__quantile_(26.0,219.0]",token_entropy + max_sentence_word_count,"(token_entropy >= p90 (4.875)) AND (max_sentence_word_count in quantile bin (26.0, 219.0])",307,0.0626530612244898,173,134,0.5635179153094463,0.4364820846905538,0.2857142857142857,1.972312703583062,0.6110749185667753,0.5635179153094463,TRUE,10.774698919590172,4.53262580538793e-27,1.0,1.26350744866168,1.26350744866168
"char_length__quantile_(188.0,1163.0]__AND__repeated_token_types__quantile_(3.0,39.0]",char_length + repeated_token_types,"(char_length in quantile bin (188.0, 1163.0]) AND (repeated_token_types in quantile bin (3.0, 39.0])",555,0.11326530612244898,302,253,0.5441441441441441,0.45585585585585586,0.2857142857142857,1.9045045045045046,0.6381981981981982,0.5441441441441441,TRUE,13.47681358869761,2.1415769518374769e-41,1.0,1.2606573111597479,1.2606573111597479
"byte_length__quantile_(188.0,1163.0]__AND__repeated_token_types__quantile_(3.0,39.0]",byte_length + repeated_token_types,"(byte_length in quantile bin (188.0, 1163.0]) AND (repeated_token_types in quantile bin (3.0, 39.0])",561,0.11448979591836735,305,256,0.5436720142602496,0.4563279857397504,0.2857142857142857,1.9028520499108736,0.6388591800356506,0.5436720142602496,TRUE,13.524711653560049,1.117810813542433e-41,1.0,1.2605714890265278,1.2605714890265278
byte_length__gte_p95__AND__compression_ratio__lte_p05,byte_length + compression_ratio,(byte_length >= p95 (255)) AND (compression_ratio <= p05 (0.663747)),155,0.03163265306122449,89,66,0.5741935483870968,0.4258064516129032,0.2857142857142857,2.009677419354839,0.5961290322580645,0.5741935483870968,TRUE,7.950207950211927,1.8619869724987905e-15,0.9999999999999981,1.259736511966009,1.259736511966009
char_length__gte_p95__AND__compression_ratio__lte_p05,char_length + compression_ratio,(char_length >= p95 (254)) AND (compression_ratio <= p05 (0.663747)),157,0.032040816326530615,90,67,0.5732484076433121,0.4267515923566879,0.2857142857142857,2.0063694267515926,0.597452229299363,0.5732484076433121,TRUE,7.975120548976086,1.5223216092821162e-15,0.9999999999999984,1.2563936581246664,1.2563936581246664
"char_entropy__gte_p90__AND__char_length__quantile_(149.0,188.0]",char_entropy + char_length,"(char_entropy >= p90 (4.40987)) AND (char_length in quantile bin (149.0, 188.0])",97,0.01979591836734694,56,41,0.5773195876288659,0.422680412371134,0.2857142857142857,2.020618556701031,0.5917525773195876,0.5773195876288659,TRUE,6.357396860772561,2.052013580464231e-10,0.9999999997947986,1.253649084145689,1.253649084145689
raw_token_count__gte_p90__AND__repeated_token_types__gte_p95,raw_token_count + repeated_token_types,(raw_token_count >= p90 (36)) AND (repeated_token_types >= p95 (6)),221,0.04510204081632653,125,96,0.5656108597285068,0.4343891402714932,0.2857142857142857,1.9796380090497738,0.6081447963800904,0.5656108597285068,TRUE,9.210681385419344,3.240612066234147e-20,1.0,1.2445225775680535,1.2445225775680535
byte_length__gte_p90__AND__repeated_token_types__gte_p95,byte_length + repeated_token_types,(byte_length >= p90 (221)) AND (repeated_token_types >= p95 (6)),203,0.041428571428571426,115,88,0.5665024630541872,0.43349753694581283,0.2857142857142857,1.9827586206896552,0.6068965517241379,0.5665024630541872,TRUE,8.855740394288581,8.31301529696094e-19,1.0,1.2425653907352354,1.2425653907352354
"token_entropy__quantile_(4.685,6.523]__AND__word_count__quantile_(25.0,31.0]",token_entropy + word_count,"(token_entropy in quantile bin (4.685, 6.523]) AND (word_count in quantile bin (25.0, 31.0])",262,0.053469387755102044,147,115,0.5610687022900763,0.4389312977099237,0.2857142857142857,1.9637404580152673,0.6145038167938931,0.5610687022900763,TRUE,9.865991397702615,5.845411012378666e-23,1.0,1.2381196131453782,1.2381196131453782
"char_entropy__gte_p90__AND__raw_token_count__quantile_(24.4,30.2]",char_entropy + raw_token_count,"(char_entropy >= p90 (4.40987)) AND (raw_token_count in quantile bin (24.4, 30.2])",103,0.021020408163265305,59,44,0.5728155339805825,0.42718446601941745,0.2857142857142857,2.004854368932039,0.5980582524271845,0.5728155339805825,TRUE,6.4498814619949725,1.11937669162795e-10,0.9999999998880623,1.2369552488990305,1.2369552488990305
"char_entropy__quantile_(4.325,5.115]__AND__raw_token_count__quantile_(24.4,30.2]",char_entropy + raw_token_count,"(char_entropy in quantile bin (4.325, 5.115]) AND (raw_token_count in quantile bin (24.4, 30.2])",213,0.04346938775510204,120,93,0.5633802816901409,0.43661971830985913,0.2857142857142857,1.9718309859154932,0.6112676056338028,0.5633802816901409,TRUE,8.970373773360999,2.9550991720159934e-19,1.0,1.2324165745671762,1.2324165745671762
word_count__gte_p95__AND__max_sentence_word_count__gte_p90,word_count + max_sentence_word_count,(word_count >= p95 (42)) AND (max_sentence_word_count >= p90 (30)),159,0.032448979591836735,90,69,0.5660377358490566,0.4339622641509434,0.2857142857142857,1.9811320754716981,0.6075471698113207,0.5660377358490566,TRUE,7.824489856178099,5.097196265711208e-15,0.9999999999999949,1.2266118377203623,1.2266118377203623
word_count__gte_p95__AND__long_sentence_count__gte_p90,word_count + long_sentence_count,(word_count >= p95 (42)) AND (long_sentence_count >= p90 (1)),159,0.032448979591836735,90,69,0.5660377358490566,0.4339622641509434,0.2857142857142857,1.9811320754716981,0.6075471698113207,0.5660377358490566,TRUE,7.824489856178099,5.097196265711208e-15,0.9999999999999949,1.2266118377203623,1.2266118377203623
word_count__gte_p95__AND__long_sentence_count__gte_p95,word_count + long_sentence_count,(word_count >= p95 (42)) AND (long_sentence_count >= p95 (1)),159,0.032448979591836735,90,69,0.5660377358490566,0.4339622641509434,0.2857142857142857,1.9811320754716981,0.6075471698113207,0.5660377358490566,TRUE,7.824489856178099,5.097196265711208e-15,0.9999999999999949,1.2266118377203623,1.2266118377203623
word_count__gte_p95__AND__long_sentence_count__gt_0,word_count + long_sentence_count,(word_count >= p95 (42)) AND (long_sentence_count > 0),159,0.032448979591836735,90,69,0.5660377358490566,0.4339622641509434,0.2857142857142857,1.9811320754716981,0.6075471698113207,0.5660377358490566,TRUE,7.824489856178099,5.097196265711208e-15,0.9999999999999949,1.2266118377203623,1.2266118377203623
"token_entropy__quantile_(4.685,6.523]__AND__compression_ratio__lte_p05",token_entropy + compression_ratio,"(token_entropy in quantile bin (4.685, 6.523]) AND (compression_ratio <= p05 (0.663747))",134,0.027346938775510202,76,58,0.5671641791044776,0.43283582089552236,0.2857142857142857,1.9850746268656716,0.6059701492537313,0.5671641791044776,TRUE,7.21193041414762,5.516416478097157e-13,0.9999999999994483,1.2234269084853648,1.2234269084853648
"char_entropy__quantile_(4.325,5.115]__AND__char_length__quantile_(149.0,188.0]",char_entropy + char_length,"(char_entropy in quantile bin (4.325, 5.115]) AND (char_length in quantile bin (149.0, 188.0])",207,0.04224489795918367,116,91,0.5603864734299517,0.4396135265700483,0.2857142857142857,1.9613526570048312,0.6154589371980677,0.5603864734299517,TRUE,8.747780947050776,2.1758912684565485e-18,1.0,1.217748416135049,1.217748416135049
raw_token_count__gte_p95__AND__max_sentence_word_count__gte_p90,raw_token_count + max_sentence_word_count,(raw_token_count >= p95 (41)) AND (max_sentence_word_count >= p90 (30)),156,0.03183673469387755,88,68,0.5641025641025641,0.4358974358974359,0.2857142857142857,1.9743589743589745,0.6102564102564102,0.5641025641025641,TRUE,7.696819189835866,1.3949506462522192e-14,0.999999999999986,1.2175239499220514,1.2175239499220514
raw_token_count__gte_p95__AND__long_sentence_count__gte_p90,raw_token_count + long_sentence_count,(raw_token_count >= p95 (41)) AND (long_sentence_count >= p90 (1)),156,0.03183673469387755,88,68,0.5641025641025641,0.4358974358974359,0.2857142857142857,1.9743589743589745,0.6102564102564102,0.5641025641025641,TRUE,7.696819189835866,1.3949506462522192e-14,0.999999999999986,1.2175239499220514,1.2175239499220514
raw_token_count__gte_p95__AND__long_sentence_count__gte_p95,raw_token_count + long_sentence_count,(raw_token_count >= p95 (41)) AND (long_sentence_count >= p95 (1)),156,0.03183673469387755,88,68,0.5641025641025641,0.4358974358974359,0.2857142857142857,1.9743589743589745,0.6102564102564102,0.5641025641025641,TRUE,7.696819189835866,1.3949506462522192e-14,0.999999999999986,1.2175239499220514,1.2175239499220514
raw_token_count__gte_p95__AND__long_sentence_count__gt_0,raw_token_count + long_sentence_count,(raw_token_count >= p95 (41)) AND (long_sentence_count > 0),156,0.03183673469387755,88,68,0.5641025641025641,0.4358974358974359,0.2857142857142857,1.9743589743589745,0.6102564102564102,0.5641025641025641,TRUE,7.696819189835866,1.3949506462522192e-14,0.999999999999986,1.2175239499220514,1.2175239499220514
word_count__gte_p90__AND__repeated_token_types__gte_p95,word_count + repeated_token_types,(word_count >= p90 (36)) AND (repeated_token_types >= p95 (6)),231,0.047142857142857146,129,102,0.5584415584415584,0.44155844155844154,0.2857142857142857,1.9545454545454546,0.6181818181818182,0.5584415584415584,TRUE,9.175560423805681,4.492315826534913e-20,1.0,1.216954934485648,1.216954934485648
raw_token_count__gte_p95__AND__compression_ratio__lte_p05,raw_token_count + compression_ratio,(raw_token_count >= p95 (41)) AND (compression_ratio <= p05 (0.663747)),142,0.028979591836734694,80,62,0.5633802816901409,0.43661971830985913,0.2857142857142857,1.9718309859154932,0.6112676056338028,0.5633802816901409,TRUE,7.324279515593,2.401856005931888e-13,0.9999999999997599,1.2101155047048657,1.2101155047048657
"word_count__quantile_(31.0,222.0]__AND__compression_ratio__lte_p10",word_count + compression_ratio,"(word_count in quantile bin (31.0, 222.0]) AND (compression_ratio <= p10 (0.696058))",414,0.08448979591836735,224,190,0.5410628019323671,0.45893719806763283,0.2857142857142857,1.893719806763285,0.642512077294686,0.5410628019323671,TRUE,11.500892634963868,1.3055816562004701e-30,1.0,1.1987788188130368,1.1987788188130368
"word_count__quantile_(31.0,222.0]__AND__repeated_token_types__quantile_(3.0,39.0]",word_count + repeated_token_types,"(word_count in quantile bin (31.0, 222.0]) AND (repeated_token_types in quantile bin (3.0, 39.0])",593,0.1210204081632653,313,280,0.5278246205733558,0.47217537942664417,0.2857142857142857,1.8473861720067453,0.6610455311973018,0.5278246205733558,TRUE,13.050847504026539,6.284438827107112e-39,1.0,1.1968807781343307,1.1968807781343307
word_count__gte_p95__AND__compression_ratio__lte_p05,word_count + compression_ratio,(word_count >= p95 (42)) AND (compression_ratio <= p05 (0.663747)),141,0.028775510204081634,79,62,0.5602836879432624,0.4397163120567376,0.2857142857142857,1.9609929078014185,0.6156028368794326,0.5602836879432624,TRUE,7.217050339497217,5.312731459709506e-13,0.9999999999994688,1.1968583396334773,1.1968583396334773
"char_length__gte_p90__AND__max_sentence_word_count__quantile_(26.0,219.0]",char_length + max_sentence_word_count,"(char_length >= p90 (220)) AND (max_sentence_word_count in quantile bin (26.0, 219.0])",314,0.06408163265306123,172,142,0.5477707006369427,0.45222929936305734,0.2857142857142857,1.9171974522292994,0.6331210191082802,0.5477707006369427,TRUE,10.279160787574796,8.748602828907773e-25,1.0,1.1967557695083946,1.1967557695083946
"byte_length__quantile_(188.0,1163.0]__AND__repeated_token_count__quantile_(4.0,204.0]",byte_length + repeated_token_count,"(byte_length in quantile bin (188.0, 1163.0]) AND (repeated_token_count in quantile bin (4.0, 204.0])",577,0.11775510204081632,305,272,0.5285961871750433,0.4714038128249567,0.2857142857142857,1.8500866551126516,0.6599653379549394,0.5285961871750433,TRUE,12.914604203501641,3.7235375985559203e-38,1.0,1.1951179175393518,1.1951179175393518
"char_length__quantile_(188.0,1163.0]__AND__repeated_token_count__quantile_(4.0,204.0]",char_length + repeated_token_count,"(char_length in quantile bin (188.0, 1163.0]) AND (repeated_token_count in quantile bin (4.0, 204.0])",571,0.11653061224489795,302,269,0.5288966725043783,0.4711033274956217,0.2857142857142857,1.8511383537653243,0.6595446584938705,0.5288966725043783,TRUE,12.863175967543128,7.253401545540172e-38,1.0,1.1945137000001296,1.1945137000001296
"raw_token_count__quantile_(30.2,222.0]__AND__repeated_token_types__quantile_(3.0,39.0]",raw_token_count + repeated_token_types,"(raw_token_count in quantile bin (30.2, 222.0]) AND (repeated_token_types in quantile bin (3.0, 39.0])",601,0.1226530612244898,316,285,0.5257903494176372,0.47420965058236275,0.2857142857142857,1.8402662229617304,0.6638935108153078,0.5257903494176372,TRUE,13.02819162578865,8.458872877552487e-39,1.0,1.1899450277961547,1.1899450277961547
"raw_token_count__quantile_(30.2,222.0]__AND__compression_ratio__lte_p10",raw_token_count + compression_ratio,"(raw_token_count in quantile bin (30.2, 222.0]) AND (compression_ratio <= p10 (0.696058))",420,0.08571428571428572,226,194,0.5380952380952381,0.46190476190476193,0.2857142857142857,1.8833333333333333,0.6466666666666667,0.5380952380952381,TRUE,11.44930856718722,2.370285738523508e-30,1.0,1.1873604848803374,1.1873604848803374
"raw_token_count__quantile_(30.2,222.0]__AND__char_entropy__gte_p90",raw_token_count + char_entropy,"(raw_token_count in quantile bin (30.2, 222.0]) AND (char_entropy >= p90 (4.40987))",89,0.018163265306122448,50,39,0.5617977528089888,0.43820224719101125,0.2857142857142857,1.9662921348314608,0.6134831460674157,0.5617977528089888,TRUE,5.765453099124323,8.143874809511798e-09,0.9999999918561252,1.186899791259648,1.186899791259648
char_entropy__gte_p90__AND__long_token_count__gte_p95,char_entropy + long_token_count,(char_entropy >= p90 (4.40987)) AND (long_token_count >= p95 (1)),89,0.018163265306122448,50,39,0.5617977528089888,0.43820224719101125,0.2857142857142857,1.9662921348314608,0.6134831460674157,0.5617977528089888,TRUE,5.765453099124323,8.143874809511798e-09,0.9999999918561252,1.186899791259648,1.186899791259648
char_entropy__gte_p90__AND__long_token_count__gt_0,char_entropy + long_token_count,(char_entropy >= p90 (4.40987)) AND (long_token_count > 0),89,0.018163265306122448,50,39,0.5617977528089888,0.43820224719101125,0.2857142857142857,1.9662921348314608,0.6134831460674157,0.5617977528089888,TRUE,5.765453099124323,8.143874809511798e-09,0.9999999918561252,1.186899791259648,1.186899791259648
sentence_count__gte_p95__AND__char_entropy__gte_p95,sentence_count + char_entropy,(sentence_count >= p95 (4)) AND (char_entropy >= p95 (4.49547)),80,0.0163265306122449,45,35,0.5625,0.4375,0.2857142857142857,1.96875,0.6124999999999999,0.5625,TRUE,5.480077554195743,4.2513944082491276e-08,0.999999957486056,1.1868661618948537,1.1868661618948537
raw_token_count__gte_p90__AND__repeated_token_count__gte_p95,raw_token_count + repeated_token_count,(raw_token_count >= p90 (36)) AND (repeated_token_count >= p95 (9)),203,0.041428571428571426,112,91,0.5517241379310345,0.4482758620689655,0.2857142857142857,1.9310344827586208,0.6275862068965518,0.5517241379310345,TRUE,8.389648794589183,4.8759659589405216e-17,1.0,1.1797011512312872,1.1797011512312872
"byte_length__gte_p90__AND__max_sentence_word_count__quantile_(26.0,219.0]",byte_length + max_sentence_word_count,"(byte_length >= p90 (221)) AND (max_sentence_word_count in quantile bin (26.0, 219.0])",315,0.06428571428571428,171,144,0.5428571428571428,0.45714285714285713,0.2857142857142857,1.9,0.64,0.5428571428571428,TRUE,10.102474944289641,5.3865302465853604e-24,1.0,1.1755949407760666,1.1755949407760666
"char_entropy__gte_p90__AND__word_count__quantile_(25.0,31.0]",char_entropy + word_count,"(char_entropy >= p90 (4.40987)) AND (word_count in quantile bin (25.0, 31.0])",86,0.017551020408163264,48,38,0.5581395348837209,0.4418604651162791,0.2857142857142857,1.9534883720930234,0.6186046511627907,0.5581395348837209,TRUE,5.592353583657883,2.2401203941907918e-08,0.9999999775987961,1.1709416964246562,1.1709416964246562
token_entropy__gte_p90__AND__max_sentence_word_count__gte_p90,token_entropy + max_sentence_word_count,(token_entropy >= p90 (4.875)) AND (max_sentence_word_count >= p90 (30)),253,0.05163265306122449,138,115,0.5454545454545454,0.45454545454545453,0.2857142857142857,1.909090909090909,0.6363636363636364,0.5454545454545454,TRUE,9.145291883606756,5.946904968938937e-20,1.0,1.16800751944173,1.16800751944173
token_entropy__gte_p90__AND__long_sentence_count__gte_p90,token_entropy + long_sentence_count,(token_entropy >= p90 (4.875)) AND (long_sentence_count >= p90 (1)),253,0.05163265306122449,138,115,0.5454545454545454,0.45454545454545453,0.2857142857142857,1.909090909090909,0.6363636363636364,0.5454545454545454,TRUE,9.145291883606756,5.946904968938937e-20,1.0,1.16800751944173,1.16800751944173
token_entropy__gte_p90__AND__long_sentence_count__gte_p95,token_entropy + long_sentence_count,(token_entropy >= p90 (4.875)) AND (long_sentence_count >= p95 (1)),253,0.05163265306122449,138,115,0.5454545454545454,0.45454545454545453,0.2857142857142857,1.909090909090909,0.6363636363636364,0.5454545454545454,TRUE,9.145291883606756,5.946904968938937e-20,1.0,1.16800751944173,1.16800751944173
token_entropy__gte_p90__AND__long_sentence_count__gt_0,token_entropy + long_sentence_count,(token_entropy >= p90 (4.875)) AND (long_sentence_count > 0),253,0.05163265306122449,138,115,0.5454545454545454,0.45454545454545453,0.2857142857142857,1.909090909090909,0.6363636363636364,0.5454545454545454,TRUE,9.145291883606756,5.946904968938937e-20,1.0,1.16800751944173,1.16800751944173
byte_length__gte_p95__AND__max_sentence_word_count__gte_p90,byte_length + max_sentence_word_count,(byte_length >= p95 (255)) AND (max_sentence_word_count >= p90 (30)),141,0.028775510204081634,78,63,0.5531914893617021,0.44680851063829785,0.2857142857142857,1.9361702127659577,0.6255319148936169,0.5531914893617021,TRUE,7.03063206504526,2.0560001486188384e-12,0.999999999997944,1.167279297132089,1.167279297132089
byte_length__gte_p95__AND__long_sentence_count__gte_p90,byte_length + long_sentence_count,(byte_length >= p95 (255)) AND (long_sentence_count >= p90 (1)),141,0.028775510204081634,78,63,0.5531914893617021,0.44680851063829785,0.2857142857142857,1.9361702127659577,0.6255319148936169,0.5531914893617021,TRUE,7.03063206504526,2.0560001486188384e-12,0.999999999997944,1.167279297132089,1.167279297132089
byte_length__gte_p95__AND__long_sentence_count__gte_p95,byte_length + long_sentence_count,(byte_length >= p95 (255)) AND (long_sentence_count >= p95 (1)),141,0.028775510204081634,78,63,0.5531914893617021,0.44680851063829785,0.2857142857142857,1.9361702127659577,0.6255319148936169,0.5531914893617021,TRUE,7.03063206504526,2.0560001486188384e-12,0.999999999997944,1.167279297132089,1.167279297132089
byte_length__gte_p95__AND__long_sentence_count__gt_0,byte_length + long_sentence_count,(byte_length >= p95 (255)) AND (long_sentence_count > 0),141,0.028775510204081634,78,63,0.5531914893617021,0.44680851063829785,0.2857142857142857,1.9361702127659577,0.6255319148936169,0.5531914893617021,TRUE,7.03063206504526,2.0560001486188384e-12,0.999999999997944,1.167279297132089,1.167279297132089
"raw_token_count__gte_p90__AND__max_sentence_word_count__quantile_(26.0,219.0]",raw_token_count + max_sentence_word_count,"(raw_token_count >= p90 (36)) AND (max_sentence_word_count in quantile bin (26.0, 219.0])",322,0.06571428571428571,174,148,0.5403726708074534,0.45962732919254656,0.2857142857142857,1.8913043478260871,0.6434782608695652,0.5403726708074534,TRUE,10.115420857800967,4.7198411900966416e-24,1.0,1.1668815348570172,1.1668815348570172
char_length__gte_p90__AND__repeated_token_count__gte_p95,char_length + repeated_token_count,(char_length >= p90 (220)) AND (repeated_token_count >= p95 (9)),194,0.03959183673469388,106,88,0.5463917525773195,0.4536082474226804,0.2857142857142857,1.9123711340206184,0.6350515463917525,0.5463917525773195,TRUE,8.037155982601044,9.194759230903607e-16,0.9999999999999991,1.1544630734372188,1.1544630734372188
token_entropy__gte_p90__AND__max_sentence_word_count__gte_p95,token_entropy + max_sentence_word_count,(token_entropy >= p90 (4.875)) AND (max_sentence_word_count >= p95 (34)),170,0.03469387755102041,93,77,0.5470588235294118,0.45294117647058824,0.2857142857142857,1.9147058823529415,0.6341176470588236,0.5470588235294118,TRUE,7.542857938629957,4.597819447760938e-14,0.999999999999954,1.1502300025573797,1.1502300025573797
raw_token_count__gte_p90__AND__compression_ratio__lte_p05,raw_token_count + compression_ratio,(raw_token_count >= p90 (36)) AND (compression_ratio <= p05 (0.663747)),180,0.036734693877551024,98,82,0.5444444444444444,0.45555555555555555,0.2857142857142857,1.9055555555555554,0.6377777777777778,0.5444444444444444,TRUE,7.683893688893816,1.5432474568883214e-14,0.9999999999999846,1.1421746185637345,1.1421746185637345
char_length__gte_p95__AND__max_sentence_word_count__gte_p90,char_length + max_sentence_word_count,(char_length >= p95 (254)) AND (max_sentence_word_count >= p90 (30)),141,0.028775510204081634,77,64,0.5460992907801419,0.45390070921985815,0.2857142857142857,1.9113475177304966,0.6354609929078013,0.5460992907801419,TRUE,6.844213790593302,7.689701006710197e-12,0.9999999999923103,1.1377864814520786,1.1377864814520786
char_length__gte_p95__AND__long_sentence_count__gte_p90,char_length + long_sentence_count,(char_length >= p95 (254)) AND (long_sentence_count >= p90 (1)),141,0.028775510204081634,77,64,0.5460992907801419,0.45390070921985815,0.2857142857142857,1.9113475177304966,0.6354609929078013,0.5460992907801419,TRUE,6.844213790593302,7.689701006710197e-12,0.9999999999923103,1.1377864814520786,1.1377864814520786
char_length__gte_p95__AND__long_sentence_count__gte_p95,char_length + long_sentence_count,(char_length >= p95 (254)) AND (long_sentence_count >= p95 (1)),141,0.028775510204081634,77,64,0.5460992907801419,0.45390070921985815,0.2857142857142857,1.9113475177304966,0.6354609929078013,0.5460992907801419,TRUE,6.844213790593302,7.689701006710197e-12,0.9999999999923103,1.1377864814520786,1.1377864814520786
char_length__gte_p95__AND__long_sentence_count__gt_0,char_length + long_sentence_count,(char_length >= p95 (254)) AND (long_sentence_count > 0),141,0.028775510204081634,77,64,0.5460992907801419,0.45390070921985815,0.2857142857142857,1.9113475177304966,0.6354609929078013,0.5460992907801419,TRUE,6.844213790593302,7.689701006710197e-12,0.9999999999923103,1.1377864814520786,1.1377864814520786
"word_count__quantile_(31.0,222.0]__AND__repeated_token_count__quantile_(4.0,204.0]",word_count + repeated_token_count,"(word_count in quantile bin (31.0, 222.0]) AND (repeated_token_count in quantile bin (4.0, 204.0])",614,0.1253061224489796,315,299,0.5130293159609121,0.48697068403908794,0.2857142857142857,1.7956026058631922,0.681758957654723,0.5130293159609121,TRUE,12.468389999742058,1.1104701436422029e-35,1.0,1.133623004066274,1.133623004066274
word_count__gte_p90__AND__repeated_token_count__gte_p95,word_count + repeated_token_count,(word_count >= p90 (36)) AND (repeated_token_count >= p95 (9)),213,0.04346938775510204,115,98,0.539906103286385,0.460093896713615,0.2857142857142857,1.8896713615023475,0.644131455399061,0.539906103286385,TRUE,8.212008840830478,2.1751825533242162e-16,0.9999999999999998,1.132576689603482,1.132576689603482
byte_length__gte_p90__AND__repeated_token_count__gte_p95,byte_length + repeated_token_count,(byte_length >= p90 (221)) AND (repeated_token_count >= p95 (9)),196,0.04,106,90,0.5408163265306123,0.45918367346938777,0.2857142857142857,1.892857142857143,0.6428571428571429,0.5408163265306123,TRUE,7.90569415042095,2.664446389235893e-15,0.9999999999999973,1.131529522346781,1.131529522346781
"char_length__quantile_(188.0,1163.0]__AND__repeated_token_count__gte_p90",char_length + repeated_token_count,"(char_length in quantile bin (188.0, 1163.0]) AND (repeated_token_count >= p90 (6))",460,0.09387755102040816,240,220,0.5217391304347826,0.4782608695652174,0.2857142857142857,1.8260869565217392,0.6695652173913044,0.5217391304347826,TRUE,11.205588667772181,3.8280046241734915e-29,1.0,1.1259672977293556,1.1259672977293556
char_entropy__gte_p90__AND__weird_token_count__gte_p95,char_entropy + weird_token_count,(char_entropy >= p90 (4.40987)) AND (weird_token_count >= p95 (2)),127,0.025918367346938774,69,58,0.5433070866141733,0.4566929133858268,0.2857142857142857,1.9015748031496065,0.6393700787401575,0.5433070866141733,TRUE,6.425894955899294,1.3109591129034126e-10,0.9999999998689041,1.1221918236817587,1.1221918236817587
"byte_length__quantile_(188.0,1163.0]__AND__repeated_token_count__gte_p90",byte_length + repeated_token_count,"(byte_length in quantile bin (188.0, 1163.0]) AND (repeated_token_count >= p90 (6))",461,0.09408163265306123,240,221,0.5206073752711496,0.4793926247288503,0.2857142857142857,1.822125813449024,0.6711496746203904,0.5206073752711496,TRUE,11.163972112060831,6.119493322705553e-29,1.0,1.121137525079924,1.121137525079924
"char_length__quantile_(188.0,1163.0]__AND__compression_ratio__lte_p10",char_length + compression_ratio,"(char_length in quantile bin (188.0, 1163.0]) AND (compression_ratio <= p10 (0.696058))",451,0.0920408163265306,235,216,0.5210643015521065,0.4789356984478936,0.2857142857142857,1.8237250554323727,0.670509977827051,0.5210643015521065,TRUE,11.06370386612235,1.8816343513476299e-28,1.0,1.1201846198706438,1.1201846198706438
"char_length__quantile_(188.0,1163.0]__AND__repeated_token_types__gte_p90",char_length + repeated_token_types,"(char_length in quantile bin (188.0, 1163.0]) AND (repeated_token_types >= p90 (5))",385,0.07857142857142857,202,183,0.5246753246753246,0.4753246753246753,0.2857142857142857,1.8363636363636362,0.6654545454545454,0.5246753246753246,TRUE,10.378999776646898,3.0899547234653687e-25,1.0,1.1166659313838925,1.1166659313838925
"byte_length__quantile_(188.0,1163.0]__AND__compression_ratio__lte_p10",byte_length + compression_ratio,"(byte_length in quantile bin (188.0, 1163.0]) AND (compression_ratio <= p10 (0.696058))",452,0.09224489795918367,235,217,0.5199115044247787,0.48008849557522126,0.2857142857142857,1.8196902654867257,0.6721238938053098,0.5199115044247787,TRUE,11.021710273144215,3.0029843035564406e-28,1.0,1.115271810082949,1.115271810082949
"byte_length__quantile_(188.0,1163.0]__AND__repeated_token_types__gte_p90",byte_length + repeated_token_types,"(byte_length in quantile bin (188.0, 1163.0]) AND (repeated_token_types >= p90 (5))",388,0.07918367346938776,203,185,0.5231958762886598,0.47680412371134023,0.2857142857142857,1.8311855670103094,0.6675257731958764,0.5231958762886598,TRUE,10.354850947470462,3.978056963759957e-25,1.0,1.1109835143590119,1.1109835143590119
"raw_token_count__quantile_(30.2,222.0]__AND__repeated_token_count__quantile_(4.0,204.0]",raw_token_count + repeated_token_count,"(raw_token_count in quantile bin (30.2, 222.0]) AND (repeated_token_count in quantile bin (4.0, 204.0])",631,0.12877551020408162,320,311,0.5071315372424723,0.4928684627575277,0.2857142857142857,1.774960380348653,0.6900158478605388,0.5071315372424723,TRUE,12.311874365676275,7.818602682611577e-35,1.0,1.1109232058682863,1.1109232058682863
word_count__gte_p90__AND__compression_ratio__lte_p05,word_count + compression_ratio,(word_count >= p90 (36)) AND (compression_ratio <= p05 (0.663747)),185,0.03775510204081633,99,86,0.5351351351351351,0.4648648648648649,0.2857142857142857,1.872972972972973,0.6508108108108108,0.5351351351351351,TRUE,7.509597462850724,5.930944909477752e-14,0.9999999999999407,1.1045268541932374,1.1045268541932374
"sentence_count__gte_p90__AND__char_entropy__quantile_(4.325,5.115]",sentence_count + char_entropy,"(sentence_count >= p90 (3)) AND (char_entropy in quantile bin (4.325, 5.115])",418,0.08530612244897959,217,201,0.5191387559808612,0.48086124401913877,0.2857142857142857,1.8169856459330145,0.6732057416267943,0.5191387559808612,TRUE,10.564101439992411,4.3713490933076206e-26,1.0,1.1017042610114387,1.1017042610114387
"sentence_count__quantile_(2.0,49.0]__AND__char_entropy__quantile_(4.325,5.115]",sentence_count + char_entropy,"(sentence_count in quantile bin (2.0, 49.0]) AND (char_entropy in quantile bin (4.325, 5.115])",418,0.08530612244897959,217,201,0.5191387559808612,0.48086124401913877,0.2857142857142857,1.8169856459330145,0.6732057416267943,0.5191387559808612,TRUE,10.564101439992411,4.3713490933076206e-26,1.0,1.1017042610114387,1.1017042610114387
"char_length__quantile_(188.0,1163.0]__AND__repeated_token_types__gte_p95",char_length + repeated_token_types,"(char_length in quantile bin (188.0, 1163.0]) AND (repeated_token_types >= p95 (6))",265,0.05408163265306123,140,125,0.5283018867924528,0.4716981132075472,0.2857142857142857,1.849056603773585,0.660377358490566,0.5283018867924528,TRUE,8.741572761215378,2.2988739555226487e-18,1.0,1.0979367240559126,1.0979367240559126
sentence_count__gte_p90__AND__char_entropy__gte_p95,sentence_count + char_entropy,(sentence_count >= p90 (3)) AND (char_entropy >= p95 (4.49547)),140,0.02857142857142857,75,65,0.5357142857142857,0.4642857142857143,0.2857142857142857,1.875,0.65,0.5357142857142857,TRUE,6.547900426854397,5.835160191278127e-11,0.9999999999416483,1.0944552423558231,1.0944552423558231
"sentence_count__quantile_(2.0,49.0]__AND__char_entropy__gte_p95",sentence_count + char_entropy,"(sentence_count in quantile bin (2.0, 49.0]) AND (char_entropy >= p95 (4.49547))",140,0.02857142857142857,75,65,0.5357142857142857,0.4642857142857143,0.2857142857142857,1.875,0.65,0.5357142857142857,TRUE,6.547900426854397,5.835160191278127e-11,0.9999999999416483,1.0944552423558231,1.0944552423558231
"token_entropy__quantile_(4.685,6.523]__AND__byte_length__quantile_(150.0,188.0]",token_entropy + byte_length,"(token_entropy in quantile bin (4.685, 6.523]) AND (byte_length in quantile bin (150.0, 188.0])",250,0.05102040816326531,132,118,0.528,0.472,0.2857142857142857,1.848,0.6607999999999999,0.528,TRUE,8.480000000000002,2.2519394099379862e-17,1.0,1.0924496658566976,1.0924496658566976
"byte_length__quantile_(188.0,1163.0]__AND__repeated_token_types__gte_p95",byte_length + repeated_token_types,"(byte_length in quantile bin (188.0, 1163.0]) AND (repeated_token_types >= p95 (6))",266,0.054285714285714284,140,126,0.5263157894736842,0.47368421052631576,0.2857142857142857,1.8421052631578947,0.6631578947368421,0.5263157894736842,TRUE,8.68634742449019,3.7427906644162455e-18,1.0,1.089703878161712,1.089703878161712
"token_entropy__quantile_(4.685,6.523]__AND__char_length__quantile_(149.0,188.0]",token_entropy + char_length,"(token_entropy in quantile bin (4.685, 6.523]) AND (char_length in quantile bin (149.0, 188.0])",265,0.05408163265306123,139,126,0.5245283018867924,0.47547169811320755,0.2857142857142857,1.8358490566037737,0.6656603773584906,0.5245283018867924,TRUE,8.605592740485362,7.592338470129994e-18,1.0,1.0817679691961941,1.0817679691961941
"word_count__gte_p90__AND__max_sentence_word_count__quantile_(26.0,219.0]",word_count + max_sentence_word_count,"(word_count >= p90 (36)) AND (max_sentence_word_count in quantile bin (26.0, 219.0])",343,0.07,178,165,0.5189504373177842,0.48104956268221577,0.2857142857142857,1.816326530612245,0.673469387755102,0.5189504373177842,TRUE,9.561828874675149,1.156938689755016e-21,1.0,1.0793420572031192,1.0793420572031192
raw_token_count__gte_p95__AND__max_sentence_word_count__gte_p95,raw_token_count + max_sentence_word_count,(raw_token_count >= p95 (41)) AND (max_sentence_word_count >= p95 (34)),122,0.02489795918367347,65,57,0.5327868852459017,0.4672131147540984,0.2857142857142857,1.8647540983606559,0.6540983606557377,0.5327868852459017,TRUE,6.04091242701131,1.5324514080296484e-09,0.9999999984675486,1.0774478372726388,1.0774478372726388
"char_entropy__quantile_(4.325,5.115]__AND__weird_token_count__gte_p95",char_entropy + weird_token_count,"(char_entropy in quantile bin (4.325, 5.115]) AND (weird_token_count >= p95 (2))",170,0.03469387755102041,90,80,0.5294117647058824,0.47058823529411764,0.2857142857142857,1.8529411764705883,0.6588235294117647,0.5294117647058824,TRUE,7.033533126053656,2.013681389187066e-12,0.9999999999979863,1.0764706617189543,1.0764706617189543
char_length__gte_p90__AND__max_sentence_word_count__gte_p90,char_length + max_sentence_word_count,(char_length >= p90 (220)) AND (max_sentence_word_count >= p90 (30)),258,0.052653061224489796,135,123,0.5232558139534884,0.47674418604651164,0.2857142857142857,1.8313953488372094,0.6674418604651163,0.5232558139534884,TRUE,8.445929252026245,3.016363356930162e-17,1.0,1.0743989741008988,1.0743989741008988
char_length__gte_p90__AND__long_sentence_count__gte_p90,char_length + long_sentence_count,(char_length >= p90 (220)) AND (long_sentence_count >= p90 (1)),258,0.052653061224489796,135,123,0.5232558139534884,0.47674418604651164,0.2857142857142857,1.8313953488372094,0.6674418604651163,0.5232558139534884,TRUE,8.445929252026245,3.016363356930162e-17,1.0,1.0743989741008988,1.0743989741008988
char_length__gte_p90__AND__long_sentence_count__gte_p95,char_length + long_sentence_count,(char_length >= p90 (220)) AND (long_sentence_count >= p95 (1)),258,0.052653061224489796,135,123,0.5232558139534884,0.47674418604651164,0.2857142857142857,1.8313953488372094,0.6674418604651163,0.5232558139534884,TRUE,8.445929252026245,3.016363356930162e-17,1.0,1.0743989741008988,1.0743989741008988
char_length__gte_p90__AND__long_sentence_count__gt_0,char_length + long_sentence_count,(char_length >= p90 (220)) AND (long_sentence_count > 0),258,0.052653061224489796,135,123,0.5232558139534884,0.47674418604651164,0.2857142857142857,1.8313953488372094,0.6674418604651163,0.5232558139534884,TRUE,8.445929252026245,3.016363356930162e-17,1.0,1.0743989741008988,1.0743989741008988
word_count__gte_p95__AND__max_sentence_word_count__gte_p95,word_count + max_sentence_word_count,(word_count >= p95 (42)) AND (max_sentence_word_count >= p95 (34)),126,0.025714285714285714,67,59,0.5317460317460317,0.46825396825396826,0.2857142857142857,1.8611111111111112,0.6555555555555556,0.5317460317460317,TRUE,6.113282442536271,9.760240127651576e-10,0.999999999023976,1.0742516435432499,1.0742516435432499
byte_length__gte_p95__AND__max_sentence_word_count__gte_p95,byte_length + max_sentence_word_count,(byte_length >= p95 (255)) AND (max_sentence_word_count >= p95 (34)),115,0.02346938775510204,61,54,0.5304347826086957,0.46956521739130436,0.2857142857142857,1.856521739130435,0.6573913043478261,0.5304347826086957,TRUE,5.809213072502948,6.276716530349702e-09,0.9999999937232835,1.0658992864843169,1.0658992864843169
"word_count__quantile_(31.0,222.0]__AND__repeated_token_count__gte_p90",word_count + repeated_token_count,"(word_count in quantile bin (31.0, 222.0]) AND (repeated_token_count >= p90 (6))",489,0.09979591836734694,247,242,0.5051124744376279,0.4948875255623722,0.2857142857142857,1.7678936605316975,0.692842535787321,0.5051124744376279,TRUE,10.739535735396618,6.637733394747667e-27,1.0,1.0588750397898337,1.0588750397898337
byte_length__gte_p90__AND__max_sentence_word_count__gte_p90,byte_length + max_sentence_word_count,(byte_length >= p90 (221)) AND (max_sentence_word_count >= p90 (30)),258,0.052653061224489796,134,124,0.5193798449612403,0.4806201550387597,0.2857142857142857,1.8178294573643412,0.6728682170542636,0.5193798449612403,TRUE,8.308116886608566,9.723272756358706e-17,0.9999999999999999,1.057840962710298,1.057840962710298
byte_length__gte_p90__AND__long_sentence_count__gte_p90,byte_length + long_sentence_count,(byte_length >= p90 (221)) AND (long_sentence_count >= p90 (1)),258,0.052653061224489796,134,124,0.5193798449612403,0.4806201550387597,0.2857142857142857,1.8178294573643412,0.6728682170542636,0.5193798449612403,TRUE,8.308116886608566,9.723272756358706e-17,0.9999999999999999,1.057840962710298,1.057840962710298
byte_length__gte_p90__AND__long_sentence_count__gte_p95,byte_length + long_sentence_count,(byte_length >= p90 (221)) AND (long_sentence_count >= p95 (1)),258,0.052653061224489796,134,124,0.5193798449612403,0.4806201550387597,0.2857142857142857,1.8178294573643412,0.6728682170542636,0.5193798449612403,TRUE,8.308116886608566,9.723272756358706e-17,0.9999999999999999,1.057840962710298,1.057840962710298
byte_length__gte_p90__AND__long_sentence_count__gt_0,byte_length + long_sentence_count,(byte_length >= p90 (221)) AND (long_sentence_count > 0),258,0.052653061224489796,134,124,0.5193798449612403,0.4806201550387597,0.2857142857142857,1.8178294573643412,0.6728682170542636,0.5193798449612403,TRUE,8.308116886608566,9.723272756358706e-17,0.9999999999999999,1.057840962710298,1.057840962710298
raw_token_count__gte_p90__AND__max_sentence_word_count__gte_p90,raw_token_count + max_sentence_word_count,(raw_token_count >= p90 (36)) AND (max_sentence_word_count >= p90 (30)),258,0.052653061224489796,134,124,0.5193798449612403,0.4806201550387597,0.2857142857142857,1.8178294573643412,0.6728682170542636,0.5193798449612403,TRUE,8.308116886608566,9.723272756358706e-17,0.9999999999999999,1.057840962710298,1.057840962710298
raw_token_count__gte_p90__AND__long_sentence_count__gte_p90,raw_token_count + long_sentence_count,(raw_token_count >= p90 (36)) AND (long_sentence_count >= p90 (1)),258,0.052653061224489796,134,124,0.5193798449612403,0.4806201550387597,0.2857142857142857,1.8178294573643412,0.6728682170542636,0.5193798449612403,TRUE,8.308116886608566,9.723272756358706e-17,0.9999999999999999,1.057840962710298,1.057840962710298
raw_token_count__gte_p90__AND__long_sentence_count__gte_p95,raw_token_count + long_sentence_count,(raw_token_count >= p90 (36)) AND (long_sentence_count >= p95 (1)),258,0.052653061224489796,134,124,0.5193798449612403,0.4806201550387597,0.2857142857142857,1.8178294573643412,0.6728682170542636,0.5193798449612403,TRUE,8.308116886608566,9.723272756358706e-17,0.9999999999999999,1.057840962710298,1.057840962710298
raw_token_count__gte_p90__AND__long_sentence_count__gt_0,raw_token_count + long_sentence_count,(raw_token_count >= p90 (36)) AND (long_sentence_count > 0),258,0.052653061224489796,134,124,0.5193798449612403,0.4806201550387597,0.2857142857142857,1.8178294573643412,0.6728682170542636,0.5193798449612403,TRUE,8.308116886608566,9.723272756358706e-17,0.9999999999999999,1.057840962710298,1.057840962710298
"char_length__quantile_(188.0,1163.0]__AND__repeated_token_count__gte_p95",char_length + repeated_token_count,"(char_length in quantile bin (188.0, 1163.0]) AND (repeated_token_count >= p95 (9))",225,0.04591836734693878,117,108,0.52,0.48,0.2857142857142857,1.82,0.6719999999999999,0.52,TRUE,7.779203044014214,7.298284502749336e-15,0.9999999999999927,1.0516645520015286,1.0516645520015286
sentence_count__gte_p90__AND__char_entropy__gte_p90,sentence_count + char_entropy,(sentence_count >= p90 (3)) AND (char_entropy >= p90 (4.40987)),253,0.05163265306122449,131,122,0.5177865612648221,0.48221343873517786,0.2857142857142857,1.8122529644268777,0.675098814229249,0.5177865612648221,TRUE,8.171119487309516,3.0554083231409145e-16,0.9999999999999997,1.0497045234805338,1.0497045234805338
"sentence_count__quantile_(2.0,49.0]__AND__char_entropy__gte_p90",sentence_count + char_entropy,"(sentence_count in quantile bin (2.0, 49.0]) AND (char_entropy >= p90 (4.40987))",253,0.05163265306122449,131,122,0.5177865612648221,0.48221343873517786,0.2857142857142857,1.8122529644268777,0.675098814229249,0.5177865612648221,TRUE,8.171119487309516,3.0554083231409145e-16,0.9999999999999997,1.0497045234805338,1.0497045234805338
"char_entropy__gte_p90__AND__token_entropy__quantile_(4.437,4.685]",char_entropy + token_entropy,"(char_entropy >= p90 (4.40987)) AND (token_entropy in quantile bin (4.437, 4.685])",91,0.018571428571428572,48,43,0.5274725274725275,0.4725274725274725,0.2857142857142857,1.8461538461538463,0.6615384615384615,0.5274725274725275,TRUE,5.1050502898148284,3.307065553829094e-07,0.9999996692934446,1.047393912667076,1.047393912667076
char_entropy__gte_p95__AND__weird_token_count__gte_p95,char_entropy + weird_token_count,(char_entropy >= p95 (4.49547)) AND (weird_token_count >= p95 (2)),91,0.018571428571428572,48,43,0.5274725274725275,0.4725274725274725,0.2857142857142857,1.8461538461538463,0.6615384615384615,0.5274725274725275,TRUE,5.1050502898148284,3.307065553829094e-07,0.9999996692934446,1.047393912667076,1.047393912667076
"byte_length__quantile_(188.0,1163.0]__AND__repeated_token_count__gte_p95",byte_length + repeated_token_count,"(byte_length in quantile bin (188.0, 1163.0]) AND (repeated_token_count >= p95 (9))",226,0.046122448979591835,117,109,0.5176991150442478,0.4823008849557522,0.2857142857142857,1.8119469026548674,0.6752212389380531,0.5176991150442478,TRUE,7.719903021079169,1.1641824815874934e-14,0.9999999999999883,1.0421953644025972,1.0421953644025972
"compression_ratio__quantile_(0.0837,0.735]__AND__sentence_count__gte_p90",compression_ratio + sentence_count,"(compression_ratio in quantile bin (0.0837, 0.735]) AND (sentence_count >= p90 (3))",167,0.034081632653061224,87,80,0.5209580838323353,0.47904191616766467,0.2857142857142857,1.8233532934131738,0.6706586826347305,0.5209580838323353,TRUE,6.729370783195451,1.7039833201078063e-11,0.9999999999829602,1.0404730180145092,1.0404730180145092
"compression_ratio__quantile_(0.0837,0.735]__AND__sentence_count__quantile_(2.0,49.0]",compression_ratio + sentence_count,"(compression_ratio in quantile bin (0.0837, 0.735]) AND (sentence_count in quantile bin (2.0, 49.0])",167,0.034081632653061224,87,80,0.5209580838323353,0.47904191616766467,0.2857142857142857,1.8233532934131738,0.6706586826347305,0.5209580838323353,TRUE,6.729370783195451,1.7039833201078063e-11,0.9999999999829602,1.0404730180145092,1.0404730180145092
"raw_token_count__quantile_(30.2,222.0]__AND__repeated_token_count__gte_p90",raw_token_count + repeated_token_count,"(raw_token_count in quantile bin (30.2, 222.0]) AND (repeated_token_count >= p90 (6))",498,0.10163265306122449,249,249,0.5,0.5,0.2857142857142857,1.75,0.7,0.5,TRUE,10.58536725862641,3.484117379378647e-26,1.0,1.0380509880484667,1.0380509880484667
char_length__gte_p95__AND__max_sentence_word_count__gte_p95,char_length + max_sentence_word_count,(char_length >= p95 (254)) AND (max_sentence_word_count >= p95 (34)),115,0.02346938775510204,60,55,0.5217391304347826,0.4782608695652174,0.2857142857142857,1.8260869565217392,0.6695652173913044,0.5217391304347826,TRUE,5.602794333886091,2.1092344238224637e-08,0.9999999789076558,1.0302866974056555,1.0302866974056555
"raw_token_count__quantile_(30.2,222.0]__AND__repeated_token_types__gte_p90",raw_token_count + repeated_token_types,"(raw_token_count in quantile bin (30.2, 222.0]) AND (repeated_token_types >= p90 (5))",416,0.08489795918367347,209,207,0.5024038461538461,0.49759615384615385,0.2857142857142857,1.7584134615384617,0.6966346153846154,0.5024038461538461,TRUE,9.783239690723818,1.3288745048962716e-22,1.0,1.0263302112333903,1.0263302112333903
"word_count__quantile_(31.0,222.0]__AND__repeated_token_types__gte_p90",word_count + repeated_token_types,"(word_count in quantile bin (31.0, 222.0]) AND (repeated_token_types >= p90 (5))",412,0.08408163265306122,207,205,0.5024271844660194,0.4975728155339806,0.2857142857142857,1.758495145631068,0.6966019417475728,0.5024271844660194,TRUE,9.737139888277436,2.0936398310716683e-22,1.0,1.0253530404483535,1.0253530404483535
sentence_count__gte_p95__AND__weird_token_count__gte_p95,sentence_count + weird_token_count,(sentence_count >= p95 (4)) AND (weird_token_count >= p95 (2)),92,0.018775510204081632,48,44,0.5217391304347826,0.4782608695652174,0.2857142857142857,1.8260869565217392,0.6695652173913044,0.5217391304347826,TRUE,5.011291597807982,5.406591473432587e-07,0.9999994593408527,1.0243763934359262,1.0243763934359262
raw_token_count__gte_p90__AND__max_sentence_word_count__gte_p95,raw_token_count + max_sentence_word_count,(raw_token_count >= p90 (36)) AND (max_sentence_word_count >= p95 (34)),205,0.04183673469387755,105,100,0.5121951219512195,0.4878048780487805,0.2857142857142857,1.7926829268292683,0.6829268292682926,0.5121951219512195,TRUE,7.178049194865026,7.071311815297119e-13,0.9999999999992929,1.0135789840305196,1.0135789840305196
"raw_token_count__quantile_(30.2,222.0]__AND__repeated_token_types__gte_p95",raw_token_count + repeated_token_types,"(raw_token_count in quantile bin (30.2, 222.0]) AND (repeated_token_types >= p95 (6))",282,0.05755102040816327,143,139,0.5070921985815603,0.4929078014184397,0.2857142857142857,1.774822695035461,0.6900709219858155,0.5070921985815603,TRUE,8.229186080415202,1.884897776876368e-16,0.9999999999999998,1.0115321138734525,1.0115321138734525
"char_entropy__quantile_(4.325,5.115]__AND__repeated_token_types__gte_p95",char_entropy + repeated_token_types,"(char_entropy in quantile bin (4.325, 5.115]) AND (repeated_token_types >= p95 (6))",85,0.017346938775510204,44,41,0.5176470588235295,0.4823529411764706,0.2857142857142857,1.8117647058823532,0.6752941176470588,0.5176470588235295,TRUE,4.733360949933245,2.208322668350069e-06,0.9999977916773316,1.0060119787754211,1.0060119787754211
"char_entropy__gte_p90__AND__repeated_token_types__quantile_(3.0,39.0]",char_entropy + repeated_token_types,"(char_entropy >= p90 (4.40987)) AND (repeated_token_types in quantile bin (3.0, 39.0])",87,0.017755102040816328,45,42,0.5172413793103449,0.4827586206896552,0.2857142857142857,1.810344827586207,0.6758620689655173,0.5172413793103449,TRUE,4.780347700526714,1.7499228185200545e-06,0.9999982500771815,1.0048728291284528,1.0048728291284528
"char_length__quantile_(188.0,1163.0]__AND__raw_token_count__quantile_(24.4,30.2]",char_length + raw_token_count,"(char_length in quantile bin (188.0, 1163.0]) AND (raw_token_count in quantile bin (24.4, 30.2])",152,0.031020408163265307,78,74,0.5131578947368421,0.4868421052631579,0.2857142857142857,1.7960526315789476,0.6815789473684211,0.5131578947368421,TRUE,6.207169030115184,5.394756507925489e-10,0.9999999994605243,1.0043149466962729,1.0043149466962729
"byte_length__quantile_(188.0,1163.0]__AND__raw_token_count__quantile_(24.4,30.2]",byte_length + raw_token_count,"(byte_length in quantile bin (188.0, 1163.0]) AND (raw_token_count in quantile bin (24.4, 30.2])",160,0.0326530612244898,82,78,0.5125,0.4875,0.2857142857142857,1.79375,0.6825,0.5125,TRUE,6.349999999999999,2.153149277024341e-10,0.9999999997846851,1.003576219921535,1.003576219921535
"word_count__quantile_(31.0,222.0]__AND__repeated_token_types__gte_p95",word_count + repeated_token_types,"(word_count in quantile bin (31.0, 222.0]) AND (repeated_token_types >= p95 (6))",282,0.05755102040816327,142,140,0.5035460992907801,0.49645390070921985,0.2857142857142857,1.7624113475177303,0.6950354609929078,0.5035460992907801,TRUE,8.097368454413125,5.6160779228886845e-16,0.9999999999999994,0.9963037477695547,0.9963037477695547
char_length__gte_p90__AND__max_sentence_word_count__gte_p95,char_length + max_sentence_word_count,(char_length >= p90 (220)) AND (max_sentence_word_count >= p95 (34)),199,0.040612244897959185,101,98,0.507537688442211,0.49246231155778897,0.2857142857142857,1.7763819095477387,0.6894472361809045,0.507537688442211,TRUE,6.926788722781304,4.305007725166633e-12,0.999999999995695,0.992533130747875,0.992533130747875
"raw_token_count__quantile_(30.2,222.0]__AND__compression_ratio__lte_p05",raw_token_count + compression_ratio,"(raw_token_count in quantile bin (30.2, 222.0]) AND (compression_ratio <= p05 (0.663747))",216,0.044081632653061226,109,107,0.5046296296296297,0.49537037037037035,0.2857142857142857,1.766203703703704,0.6935185185185184,0.5046296296296297,TRUE,7.121986042192529,1.0638283275697644e-12,0.9999999999989362,0.9844912052967559,0.9844912052967559
char_length__gte_p90__AND__compression_ratio__lte_p05,char_length + compression_ratio,(char_length >= p90 (220)) AND (compression_ratio <= p05 (0.663747)),204,0.04163265306122449,103,101,0.5049019607843137,0.4950980392156863,0.2857142857142857,1.767156862745098,0.6931372549019608,0.5049019607843137,TRUE,6.9299364793512455,4.210296265681525e-12,0.9999999999957897,0.9827018401500524,0.9827018401500524
"char_entropy__quantile_(4.325,5.115]__AND__repeated_token_types__quantile_(3.0,39.0]",char_entropy + repeated_token_types,"(char_entropy in quantile bin (4.325, 5.115]) AND (repeated_token_types in quantile bin (3.0, 39.0])",192,0.03918367346938775,97,95,0.5052083333333334,0.4947916666666667,0.2857142857142857,1.768229166666667,0.6927083333333334,0.5052083333333334,TRUE,6.732423102667668,1.6686057917913044e-11,0.9999999999833139,0.9810649478249336,0.9810649478249336
"byte_length__quantile_(188.0,1163.0]__AND__word_count__quantile_(25.0,31.0]",byte_length + word_count,"(byte_length in quantile bin (188.0, 1163.0]) AND (word_count in quantile bin (25.0, 31.0])",184,0.037551020408163265,93,91,0.5054347826086957,0.4945652173913043,0.2857142857142857,1.769021739130435,0.692391304347826,0.5054347826086957,TRUE,6.597471518300222,4.182290024412477e-11,0.9999999999581771,0.9800712000347952,0.9800712000347952
"char_length__quantile_(188.0,1163.0]__AND__word_count__quantile_(25.0,31.0]",char_length + word_count,"(char_length in quantile bin (188.0, 1163.0]) AND (word_count in quantile bin (25.0, 31.0])",176,0.035918367346938776,89,87,0.5056818181818182,0.4943181818181818,0.2857142857142857,1.769886363636364,0.6920454545454545,0.5056818181818182,TRUE,6.459709042138889,1.0490448191638039e-10,0.9999999998950955,0.9791664694686475,0.9791664694686475
"char_entropy__quantile_(4.325,5.115]__AND__repeated_token_types__gte_p90",char_entropy + repeated_token_types,"(char_entropy in quantile bin (4.325, 5.115]) AND (repeated_token_types >= p90 (5))",124,0.025306122448979593,63,61,0.5080645161290323,0.49193548387096775,0.2857142857142857,1.778225806451613,0.6887096774193548,0.5080645161290323,TRUE,5.480831700484176,4.2333103696312966e-08,0.9999999576668963,0.976526643282081,0.976526643282081
"char_entropy__quantile_(4.325,5.115]__AND__long_token_count__gte_p95",char_entropy + long_token_count,"(char_entropy in quantile bin (4.325, 5.115]) AND (long_token_count >= p95 (1))",132,0.026938775510204082,67,65,0.5075757575757576,0.49242424242424243,0.2857142857142857,1.7765151515151516,0.6893939393939393,0.5075757575757576,TRUE,5.642439296272598,1.6765765684161257e-08,0.9999999832342343,0.9764328660863396,0.9764328660863396
"char_entropy__quantile_(4.325,5.115]__AND__long_token_count__gt_0",char_entropy + long_token_count,"(char_entropy in quantile bin (4.325, 5.115]) AND (long_token_count > 0)",132,0.026938775510204082,67,65,0.5075757575757576,0.49242424242424243,0.2857142857142857,1.7765151515151516,0.6893939393939393,0.5075757575757576,TRUE,5.642439296272598,1.6765765684161257e-08,0.9999999832342343,0.9764328660863396,0.9764328660863396
byte_length__gte_p90__AND__compression_ratio__lte_p05,byte_length + compression_ratio,(byte_length >= p90 (221)) AND (compression_ratio <= p05 (0.663747)),205,0.04183673469387755,103,102,0.5024390243902439,0.4975609756097561,0.2857142857142857,1.7585365853658537,0.6965853658536585,0.5024390243902439,TRUE,6.868840921855456,6.472563288779389e-12,0.9999999999935274,0.9726036358736101,0.9726036358736101
byte_length__gte_p90__AND__max_sentence_word_count__gte_p95,byte_length + max_sentence_word_count,(byte_length >= p90 (221)) AND (max_sentence_word_count >= p95 (34)),199,0.040612244897959185,100,99,0.5025125628140703,0.49748743718592964,0.2857142857142857,1.758793969849246,0.6964824120603015,0.5025125628140703,TRUE,6.7698711788995265,1.2889711296464525e-11,0.9999999999871103,0.9714677882309927,0.9714677882309927
"raw_token_count__quantile_(30.2,222.0]__AND__repeated_token_count__gte_p95",raw_token_count + repeated_token_count,"(raw_token_count in quantile bin (30.2, 222.0]) AND (repeated_token_count >= p95 (9))",240,0.04897959183673469,120,120,0.5,0.5,0.2857142857142857,1.75,0.7,0.5,TRUE,7.348469228349535,2.0048960802802986e-13,0.9999999999997995,0.9707730008911527,0.9707730008911527
"token_entropy__quantile_(4.685,6.523]__AND__max_sentence_word_count__gte_p95",token_entropy + max_sentence_word_count,"(token_entropy in quantile bin (4.685, 6.523]) AND (max_sentence_word_count >= p95 (34))",232,0.0473469387755102,116,116,0.5,0.5,0.2857142857142857,1.75,0.7,0.5,TRUE,7.224956747275378,5.012613524122041e-13,0.9999999999994987,0.9688366473987241,0.9688366473987241
"repeated_token_count__gte_p95__AND__max_sentence_word_count__quantile_(26.0,219.0]",repeated_token_count + max_sentence_word_count,"(repeated_token_count >= p95 (9)) AND (max_sentence_word_count in quantile bin (26.0, 219.0])",163,0.03326530612244898,82,81,0.5030674846625767,0.49693251533742333,0.2857142857142857,1.7607361963190185,0.6957055214723926,0.5030674846625767,TRUE,6.142679817264066,8.114073883093483e-10,0.9999999991885926,0.9651948878386276,0.9651948878386276
sentence_count__gte_p90__AND__repeated_token_types__gte_p95,sentence_count + repeated_token_types,(sentence_count >= p90 (3)) AND (repeated_token_types >= p95 (6)),118,0.024081632653061225,59,59,0.5,0.5,0.2857142857142857,1.75,0.7,0.5,TRUE,5.152669211195301,2.5680471830647615e-07,0.9999997431952817,0.94211903197274,0.94211903197274
"sentence_count__quantile_(2.0,49.0]__AND__repeated_token_types__gte_p95",sentence_count + repeated_token_types,"(sentence_count in quantile bin (2.0, 49.0]) AND (repeated_token_types >= p95 (6))",118,0.024081632653061225,59,59,0.5,0.5,0.2857142857142857,1.75,0.7,0.5,TRUE,5.152669211195301,2.5680471830647615e-07,0.9999997431952817,0.94211903197274,0.94211903197274
compression_ratio__lte_p10__AND__sentence_count__gte_p90,compression_ratio + sentence_count,(compression_ratio <= p10 (0.696058)) AND (sentence_count >= p90 (3)),102,0.020816326530612245,51,51,0.5,0.5,0.2857142857142857,1.75,0.7,0.5,TRUE,4.790615826801394,1.6627020807448186e-06,0.9999983372979192,0.938495139528104,0.938495139528104
"compression_ratio__lte_p10__AND__sentence_count__quantile_(2.0,49.0]",compression_ratio + sentence_count,"(compression_ratio <= p10 (0.696058)) AND (sentence_count in quantile bin (2.0, 49.0])",102,0.020816326530612245,51,51,0.5,0.5,0.2857142857142857,1.75,0.7,0.5,TRUE,4.790615826801394,1.6627020807448186e-06,0.9999983372979192,0.938495139528104,0.938495139528104
