row_id,label,token_length,char_length,word_count,newline_count,truncated_at_128,truncated_at_192,truncated_at_256,truncated_at_320,truncated_at_384,truncated_at_448,truncated_at_512
0,FALSE,25,133,23,0,False,False,False,False,False,False,False
1,FALSE,19,81,15,0,False,False,False,False,False,False,False
2,FALSE,34,145,25,0,False,False,False,False,False,False,False
3,FALSE,25,105,20,0,False,False,False,False,False,False,False
4,FALSE,30,152,27,0,False,False,False,False,False,False,False
5,FALSE,17,97,15,0,False,False,False,False,False,False,False
6,FALSE,21,100,17,0,False,False,False,False,False,False,False
7,FALSE,16,101,14,0,False,False,False,False,False,False,False
8,FALSE,20,93,16,0,False,False,False,False,False,False,False
9,FALSE,31,160,23,0,False,False,False,False,False,False,False
10,FALSE,30,148,23,0,False,False,False,False,False,False,False
11,FALSE,37,94,14,0,False,False,False,False,False,False,False
12,FALSE,42,239,31,0,False,False,False,False,False,False,False
13,FALSE,34,173,30,0,False,False,False,False,False,False,False
14,TRUE,37,204,33,0,False,False,False,False,False,False,False
15,FALSE,27,149,25,0,False,False,False,False,False,False,False
16,FALSE,21,84,15,0,False,False,False,False,False,False,False
17,FALSE,23,113,18,0,False,False,False,False,False,False,False
18,FALSE,33,121,26,0,False,False,False,False,False,False,False
19,FALSE,25,100,19,1,False,False,False,False,False,False,False
20,TRUE,37,201,34,0,False,False,False,False,False,False,False
21,TRUE,36,157,32,0,False,False,False,False,False,False,False
22,FALSE,33,165,25,0,False,False,False,False,False,False,False
23,FALSE,19,107,17,0,False,False,False,False,False,False,False
24,FALSE,21,91,17,0,False,False,False,False,False,False,False
25,FALSE,37,132,22,1,False,False,False,False,False,False,False
26,FALSE,20,74,14,0,False,False,False,False,False,False,False
27,FALSE,19,94,13,0,False,False,False,False,False,False,False
28,FALSE,18,109,15,0,False,False,False,False,False,False,False
29,TRUE,28,174,24,0,False,False,False,False,False,False,False
30,FALSE,21,116,18,1,False,False,False,False,False,False,False
31,TRUE,28,152,22,0,False,False,False,False,False,False,False
32,FALSE,18,110,14,0,False,False,False,False,False,False,False
33,TRUE,36,208,32,0,False,False,False,False,False,False,False
34,FALSE,17,76,11,1,False,False,False,False,False,False,False
35,TRUE,23,90,14,0,False,False,False,False,False,False,False
36,FALSE,17,61,12,1,False,False,False,False,False,False,False
37,FALSE,19,105,16,0,False,False,False,False,False,False,False
38,TRUE,28,121,17,1,False,False,False,False,False,False,False
39,FALSE,48,187,32,0,False,False,False,False,False,False,False
40,FALSE,24,117,20,0,False,False,False,False,False,False,False
41,FALSE,40,175,32,0,False,False,False,False,False,False,False
42,FALSE,20,110,18,0,False,False,False,False,False,False,False
43,FALSE,23,130,21,0,False,False,False,False,False,False,False
44,FALSE,22,107,19,0,False,False,False,False,False,False,False
45,TRUE,39,237,35,0,False,False,False,False,False,False,False
46,FALSE,19,70,16,0,False,False,False,False,False,False,False
47,FALSE,36,173,32,0,False,False,False,False,False,False,False
48,FALSE,24,108,21,1,False,False,False,False,False,False,False
49,TRUE,31,110,19,0,False,False,False,False,False,False,False
50,FALSE,18,80,15,0,False,False,False,False,False,False,False
51,FALSE,15,77,13,0,False,False,False,False,False,False,False
52,FALSE,20,83,13,1,False,False,False,False,False,False,False
53,FALSE,22,67,11,3,False,False,False,False,False,False,False
54,FALSE,43,208,34,2,False,False,False,False,False,False,False
55,TRUE,37,204,32,0,False,False,False,False,False,False,False
56,TRUE,25,119,20,0,False,False,False,False,False,False,False
57,TRUE,33,161,29,0,False,False,False,False,False,False,False
58,TRUE,28,117,19,0,False,False,False,False,False,False,False
59,FALSE,23,131,21,0,False,False,False,False,False,False,False
60,FALSE,20,81,14,0,False,False,False,False,False,False,False
61,FALSE,24,131,21,0,False,False,False,False,False,False,False
62,FALSE,31,176,25,0,False,False,False,False,False,False,False
63,FALSE,15,107,13,0,False,False,False,False,False,False,False
64,FALSE,35,175,27,0,False,False,False,False,False,False,False
65,TRUE,116,464,89,0,False,False,False,False,False,False,False
66,FALSE,24,141,21,0,False,False,False,False,False,False,False
67,FALSE,17,69,14,0,False,False,False,False,False,False,False
68,TRUE,36,174,28,0,False,False,False,False,False,False,False
69,FALSE,19,112,16,0,False,False,False,False,False,False,False
70,FALSE,15,83,12,0,False,False,False,False,False,False,False
71,TRUE,47,202,37,0,False,False,False,False,False,False,False
72,TRUE,35,120,25,1,False,False,False,False,False,False,False
73,FALSE,18,98,15,0,False,False,False,False,False,False,False
74,FALSE,18,79,15,0,False,False,False,False,False,False,False
75,FALSE,17,77,13,1,False,False,False,False,False,False,False
76,FALSE,15,68,14,0,False,False,False,False,False,False,False
77,FALSE,59,316,47,0,False,False,False,False,False,False,False
78,TRUE,44,219,35,1,False,False,False,False,False,False,False
79,FALSE,30,159,26,0,False,False,False,False,False,False,False
80,FALSE,19,92,17,0,False,False,False,False,False,False,False
81,FALSE,18,84,16,0,False,False,False,False,False,False,False
82,TRUE,42,184,28,0,False,False,False,False,False,False,False
83,FALSE,32,131,22,0,False,False,False,False,False,False,False
84,FALSE,30,168,23,0,False,False,False,False,False,False,False
85,TRUE,31,146,23,1,False,False,False,False,False,False,False
86,TRUE,65,202,33,1,False,False,False,False,False,False,False
87,TRUE,49,167,28,0,False,False,False,False,False,False,False
88,FALSE,14,79,13,0,False,False,False,False,False,False,False
89,FALSE,47,94,6,4,False,False,False,False,False,False,False
90,TRUE,30,153,22,0,False,False,False,False,False,False,False
91,TRUE,31,129,18,4,False,False,False,False,False,False,False
92,FALSE,19,97,17,0,False,False,False,False,False,False,False
93,FALSE,40,95,10,2,False,False,False,False,False,False,False
94,TRUE,49,201,39,2,False,False,False,False,False,False,False
95,FALSE,20,125,18,0,False,False,False,False,False,False,False
96,TRUE,46,220,39,0,False,False,False,False,False,False,False
97,TRUE,27,106,17,1,False,False,False,False,False,False,False
98,FALSE,36,156,24,2,False,False,False,False,False,False,False
99,FALSE,26,140,25,0,False,False,False,False,False,False,False
100,FALSE,15,72,13,0,False,False,False,False,False,False,False
101,FALSE,44,266,38,3,False,False,False,False,False,False,False
102,FALSE,26,101,18,1,False,False,False,False,False,False,False
103,FALSE,17,45,8,0,False,False,False,False,False,False,False
104,FALSE,19,103,17,0,False,False,False,False,False,False,False
105,FALSE,19,99,14,0,False,False,False,False,False,False,False
106,TRUE,32,160,28,0,False,False,False,False,False,False,False
107,FALSE,37,201,35,0,False,False,False,False,False,False,False
108,FALSE,18,90,15,0,False,False,False,False,False,False,False
109,FALSE,27,141,21,0,False,False,False,False,False,False,False
110,FALSE,60,228,39,3,False,False,False,False,False,False,False
111,FALSE,26,93,18,0,False,False,False,False,False,False,False
112,FALSE,31,172,27,0,False,False,False,False,False,False,False
113,TRUE,62,260,37,2,False,False,False,False,False,False,False
114,FALSE,15,104,14,0,False,False,False,False,False,False,False
115,TRUE,46,235,37,0,False,False,False,False,False,False,False
116,FALSE,33,136,21,3,False,False,False,False,False,False,False
117,FALSE,24,110,20,0,False,False,False,False,False,False,False
118,FALSE,22,68,12,4,False,False,False,False,False,False,False
119,FALSE,35,155,28,1,False,False,False,False,False,False,False
120,FALSE,30,104,17,1,False,False,False,False,False,False,False
121,FALSE,19,121,17,0,False,False,False,False,False,False,False
122,TRUE,29,156,23,0,False,False,False,False,False,False,False
123,TRUE,28,136,22,0,False,False,False,False,False,False,False
124,TRUE,33,154,24,0,False,False,False,False,False,False,False
125,FALSE,20,115,15,0,False,False,False,False,False,False,False
126,TRUE,41,197,28,0,False,False,False,False,False,False,False
127,TRUE,30,161,25,1,False,False,False,False,False,False,False
128,FALSE,36,183,26,0,False,False,False,False,False,False,False
129,FALSE,30,141,27,0,False,False,False,False,False,False,False
130,FALSE,40,175,34,1,False,False,False,False,False,False,False
131,FALSE,13,52,11,0,False,False,False,False,False,False,False
132,FALSE,29,127,21,0,False,False,False,False,False,False,False
133,FALSE,22,90,16,1,False,False,False,False,False,False,False
134,TRUE,58,335,45,0,False,False,False,False,False,False,False
135,FALSE,35,149,26,0,False,False,False,False,False,False,False
136,TRUE,44,207,33,2,False,False,False,False,False,False,False
137,FALSE,15,70,13,0,False,False,False,False,False,False,False
138,FALSE,27,118,19,4,False,False,False,False,False,False,False
139,FALSE,34,169,29,0,False,False,False,False,False,False,False
140,FALSE,15,90,13,0,False,False,False,False,False,False,False
141,FALSE,38,190,28,1,False,False,False,False,False,False,False
142,FALSE,32,182,25,0,False,False,False,False,False,False,False
143,FALSE,17,75,14,0,False,False,False,False,False,False,False
144,TRUE,61,192,38,1,False,False,False,False,False,False,False
145,FALSE,20,72,11,0,False,False,False,False,False,False,False
146,FALSE,32,141,20,2,False,False,False,False,False,False,False
147,FALSE,18,88,14,0,False,False,False,False,False,False,False
148,FALSE,23,118,21,0,False,False,False,False,False,False,False
149,FALSE,37,139,23,0,False,False,False,False,False,False,False
150,FALSE,21,79,17,0,False,False,False,False,False,False,False
151,TRUE,54,244,42,0,False,False,False,False,False,False,False
152,FALSE,23,74,12,0,False,False,False,False,False,False,False
153,FALSE,17,94,14,0,False,False,False,False,False,False,False
154,FALSE,23,91,13,0,False,False,False,False,False,False,False
155,FALSE,25,83,14,1,False,False,False,False,False,False,False
156,TRUE,33,122,21,0,False,False,False,False,False,False,False
157,TRUE,37,153,29,1,False,False,False,False,False,False,False
158,FALSE,12,26,3,0,False,False,False,False,False,False,False
159,TRUE,32,172,26,1,False,False,False,False,False,False,False
160,FALSE,45,180,28,0,False,False,False,False,False,False,False
161,TRUE,24,127,20,0,False,False,False,False,False,False,False
162,FALSE,28,134,21,1,False,False,False,False,False,False,False
163,FALSE,14,86,12,0,False,False,False,False,False,False,False
164,FALSE,29,207,27,0,False,False,False,False,False,False,False
165,FALSE,22,84,16,0,False,False,False,False,False,False,False
166,TRUE,29,147,24,1,False,False,False,False,False,False,False
167,FALSE,25,72,10,4,False,False,False,False,False,False,False
168,TRUE,34,184,27,0,False,False,False,False,False,False,False
169,FALSE,20,55,6,1,False,False,False,False,False,False,False
170,FALSE,26,87,19,3,False,False,False,False,False,False,False
171,TRUE,31,147,24,0,False,False,False,False,False,False,False
172,FALSE,18,80,13,0,False,False,False,False,False,False,False
173,FALSE,32,169,24,0,False,False,False,False,False,False,False
174,FALSE,32,179,29,0,False,False,False,False,False,False,False
175,FALSE,30,154,24,1,False,False,False,False,False,False,False
176,FALSE,38,180,33,0,False,False,False,False,False,False,False
177,FALSE,26,112,19,0,False,False,False,False,False,False,False
178,TRUE,31,172,25,0,False,False,False,False,False,False,False
179,FALSE,36,201,34,0,False,False,False,False,False,False,False
180,FALSE,16,106,13,0,False,False,False,False,False,False,False
181,FALSE,19,118,17,0,False,False,False,False,False,False,False
182,FALSE,33,185,31,0,False,False,False,False,False,False,False
183,FALSE,30,151,25,0,False,False,False,False,False,False,False
184,FALSE,25,89,14,1,False,False,False,False,False,False,False
185,TRUE,32,166,24,0,False,False,False,False,False,False,False
186,TRUE,41,198,31,2,False,False,False,False,False,False,False
187,FALSE,113,434,81,7,False,False,False,False,False,False,False
188,TRUE,32,139,17,0,False,False,False,False,False,False,False
189,TRUE,36,170,21,0,False,False,False,False,False,False,False
190,TRUE,59,246,38,1,False,False,False,False,False,False,False
191,TRUE,38,185,29,0,False,False,False,False,False,False,False
192,FALSE,17,96,15,0,False,False,False,False,False,False,False
193,TRUE,29,122,24,0,False,False,False,False,False,False,False
194,FALSE,26,122,19,0,False,False,False,False,False,False,False
195,TRUE,31,153,27,0,False,False,False,False,False,False,False
196,FALSE,18,90,17,0,False,False,False,False,False,False,False
197,TRUE,33,155,25,0,False,False,False,False,False,False,False
198,FALSE,42,190,33,2,False,False,False,False,False,False,False
199,FALSE,40,198,35,0,False,False,False,False,False,False,False
200,FALSE,33,158,28,0,False,False,False,False,False,False,False
201,TRUE,26,151,23,0,False,False,False,False,False,False,False
202,TRUE,37,210,32,0,False,False,False,False,False,False,False
203,FALSE,29,124,21,0,False,False,False,False,False,False,False
204,TRUE,35,185,28,0,False,False,False,False,False,False,False
205,FALSE,25,161,24,0,False,False,False,False,False,False,False
206,FALSE,16,84,14,0,False,False,False,False,False,False,False
207,FALSE,19,93,17,0,False,False,False,False,False,False,False
208,TRUE,43,188,30,0,False,False,False,False,False,False,False
209,FALSE,34,240,32,0,False,False,False,False,False,False,False
210,FALSE,16,83,14,0,False,False,False,False,False,False,False
211,TRUE,32,173,30,0,False,False,False,False,False,False,False
212,FALSE,32,142,23,0,False,False,False,False,False,False,False
213,TRUE,33,143,26,0,False,False,False,False,False,False,False
214,TRUE,47,129,21,6,False,False,False,False,False,False,False
215,FALSE,13,76,11,0,False,False,False,False,False,False,False
216,FALSE,24,115,18,0,False,False,False,False,False,False,False
217,TRUE,36,209,30,0,False,False,False,False,False,False,False
218,FALSE,35,187,31,0,False,False,False,False,False,False,False
219,TRUE,229,915,151,10,True,True,False,False,False,False,False
220,TRUE,87,112,20,2,False,False,False,False,False,False,False
221,TRUE,31,129,22,0,False,False,False,False,False,False,False
222,FALSE,22,125,18,1,False,False,False,False,False,False,False
223,FALSE,21,134,19,0,False,False,False,False,False,False,False
224,FALSE,15,47,6,0,False,False,False,False,False,False,False
225,FALSE,35,149,24,0,False,False,False,False,False,False,False
226,TRUE,66,267,41,1,False,False,False,False,False,False,False
227,FALSE,18,99,17,0,False,False,False,False,False,False,False
228,FALSE,24,129,18,0,False,False,False,False,False,False,False
229,TRUE,40,228,30,0,False,False,False,False,False,False,False
230,FALSE,23,100,20,0,False,False,False,False,False,False,False
231,FALSE,47,261,40,0,False,False,False,False,False,False,False
232,FALSE,19,92,18,0,False,False,False,False,False,False,False
233,TRUE,30,150,22,0,False,False,False,False,False,False,False
234,FALSE,32,126,22,3,False,False,False,False,False,False,False
235,TRUE,36,166,30,1,False,False,False,False,False,False,False
236,FALSE,22,154,20,0,False,False,False,False,False,False,False
237,FALSE,29,135,22,0,False,False,False,False,False,False,False
238,FALSE,35,196,32,0,False,False,False,False,False,False,False
239,TRUE,48,212,36,1,False,False,False,False,False,False,False
240,FALSE,26,139,23,0,False,False,False,False,False,False,False
241,FALSE,22,99,17,0,False,False,False,False,False,False,False
242,FALSE,32,150,26,1,False,False,False,False,False,False,False
243,FALSE,29,126,24,0,False,False,False,False,False,False,False
244,TRUE,38,154,27,0,False,False,False,False,False,False,False
245,TRUE,78,331,48,0,False,False,False,False,False,False,False
246,FALSE,23,109,22,0,False,False,False,False,False,False,False
247,FALSE,23,136,19,0,False,False,False,False,False,False,False
248,FALSE,29,125,27,0,False,False,False,False,False,False,False
249,FALSE,15,50,7,0,False,False,False,False,False,False,False
250,FALSE,20,114,18,0,False,False,False,False,False,False,False
251,TRUE,42,190,32,0,False,False,False,False,False,False,False
252,FALSE,16,89,11,0,False,False,False,False,False,False,False
253,FALSE,20,124,18,0,False,False,False,False,False,False,False
254,TRUE,30,142,25,1,False,False,False,False,False,False,False
255,FALSE,35,192,31,0,False,False,False,False,False,False,False
256,TRUE,37,155,24,2,False,False,False,False,False,False,False
257,FALSE,37,145,23,3,False,False,False,False,False,False,False
258,TRUE,48,183,31,0,False,False,False,False,False,False,False
259,FALSE,25,126,21,0,False,False,False,False,False,False,False
260,TRUE,34,194,29,0,False,False,False,False,False,False,False
261,TRUE,25,118,19,0,False,False,False,False,False,False,False
262,FALSE,15,65,12,0,False,False,False,False,False,False,False
263,FALSE,32,148,25,0,False,False,False,False,False,False,False
264,FALSE,18,111,15,0,False,False,False,False,False,False,False
265,FALSE,21,106,18,0,False,False,False,False,False,False,False
266,FALSE,29,143,24,0,False,False,False,False,False,False,False
267,FALSE,31,167,23,1,False,False,False,False,False,False,False
268,FALSE,21,69,11,1,False,False,False,False,False,False,False
269,TRUE,30,132,24,0,False,False,False,False,False,False,False
270,TRUE,44,212,35,0,False,False,False,False,False,False,False
271,TRUE,23,113,18,0,False,False,False,False,False,False,False
272,TRUE,32,161,27,0,False,False,False,False,False,False,False
273,FALSE,23,122,21,0,False,False,False,False,False,False,False
274,FALSE,17,97,14,0,False,False,False,False,False,False,False
275,FALSE,55,225,44,0,False,False,False,False,False,False,False
276,TRUE,49,235,42,1,False,False,False,False,False,False,False
277,FALSE,22,116,20,0,False,False,False,False,False,False,False
278,FALSE,26,123,23,0,False,False,False,False,False,False,False
279,FALSE,35,119,24,0,False,False,False,False,False,False,False
280,FALSE,25,118,19,0,False,False,False,False,False,False,False
281,TRUE,46,260,43,0,False,False,False,False,False,False,False
282,FALSE,33,146,24,2,False,False,False,False,False,False,False
283,FALSE,19,127,18,0,False,False,False,False,False,False,False
284,FALSE,47,239,39,0,False,False,False,False,False,False,False
285,FALSE,21,97,15,0,False,False,False,False,False,False,False
286,FALSE,25,109,22,0,False,False,False,False,False,False,False
287,FALSE,29,146,23,0,False,False,False,False,False,False,False
288,FALSE,28,117,19,0,False,False,False,False,False,False,False
289,TRUE,49,194,32,0,False,False,False,False,False,False,False
290,TRUE,33,108,15,2,False,False,False,False,False,False,False
291,FALSE,35,187,28,0,False,False,False,False,False,False,False
292,FALSE,17,75,14,0,False,False,False,False,False,False,False
293,FALSE,21,116,18,0,False,False,False,False,False,False,False
294,TRUE,225,967,217,0,True,True,False,False,False,False,False
295,TRUE,25,120,21,0,False,False,False,False,False,False,False
296,TRUE,44,223,36,0,False,False,False,False,False,False,False
297,FALSE,34,194,28,0,False,False,False,False,False,False,False
298,FALSE,16,56,12,1,False,False,False,False,False,False,False
299,FALSE,18,68,10,0,False,False,False,False,False,False,False
300,FALSE,30,135,28,0,False,False,False,False,False,False,False
301,FALSE,22,91,16,0,False,False,False,False,False,False,False
302,FALSE,22,133,18,0,False,False,False,False,False,False,False
303,FALSE,35,142,26,0,False,False,False,False,False,False,False
304,TRUE,41,253,35,0,False,False,False,False,False,False,False
305,TRUE,50,262,42,0,False,False,False,False,False,False,False
306,FALSE,20,92,13,1,False,False,False,False,False,False,False
307,FALSE,27,148,25,0,False,False,False,False,False,False,False
308,FALSE,57,270,43,0,False,False,False,False,False,False,False
309,TRUE,36,171,28,0,False,False,False,False,False,False,False
310,FALSE,21,111,14,0,False,False,False,False,False,False,False
311,FALSE,24,127,21,0,False,False,False,False,False,False,False
312,FALSE,26,139,24,0,False,False,False,False,False,False,False
313,TRUE,56,252,46,0,False,False,False,False,False,False,False
314,FALSE,42,194,36,0,False,False,False,False,False,False,False
315,FALSE,17,77,13,0,False,False,False,False,False,False,False
316,FALSE,36,238,32,0,False,False,False,False,False,False,False
317,TRUE,29,164,23,0,False,False,False,False,False,False,False
318,FALSE,45,211,30,0,False,False,False,False,False,False,False
319,TRUE,36,173,29,0,False,False,False,False,False,False,False
320,FALSE,18,71,15,0,False,False,False,False,False,False,False
321,FALSE,18,76,8,0,False,False,False,False,False,False,False
322,FALSE,26,61,13,1,False,False,False,False,False,False,False
323,FALSE,17,80,15,0,False,False,False,False,False,False,False
324,FALSE,41,157,24,2,False,False,False,False,False,False,False
325,FALSE,43,231,36,0,False,False,False,False,False,False,False
326,TRUE,39,202,33,0,False,False,False,False,False,False,False
327,FALSE,32,133,25,1,False,False,False,False,False,False,False
328,TRUE,39,240,32,0,False,False,False,False,False,False,False
329,FALSE,21,83,14,1,False,False,False,False,False,False,False
330,FALSE,18,88,15,0,False,False,False,False,False,False,False
331,FALSE,46,266,42,0,False,False,False,False,False,False,False
332,TRUE,28,134,25,0,False,False,False,False,False,False,False
333,FALSE,19,95,17,0,False,False,False,False,False,False,False
334,FALSE,28,119,21,0,False,False,False,False,False,False,False
335,FALSE,29,134,27,0,False,False,False,False,False,False,False
336,FALSE,26,127,20,0,False,False,False,False,False,False,False
337,FALSE,26,133,20,1,False,False,False,False,False,False,False
338,FALSE,29,79,15,1,False,False,False,False,False,False,False
339,FALSE,43,263,37,0,False,False,False,False,False,False,False
340,FALSE,34,108,21,0,False,False,False,False,False,False,False
341,TRUE,44,170,35,0,False,False,False,False,False,False,False
342,FALSE,22,107,19,0,False,False,False,False,False,False,False
343,FALSE,21,94,18,0,False,False,False,False,False,False,False
344,FALSE,25,141,20,0,False,False,False,False,False,False,False
345,FALSE,19,116,17,0,False,False,False,False,False,False,False
346,FALSE,37,184,29,0,False,False,False,False,False,False,False
347,TRUE,58,135,22,4,False,False,False,False,False,False,False
348,TRUE,37,142,26,1,False,False,False,False,False,False,False
349,FALSE,18,70,13,0,False,False,False,False,False,False,False
350,FALSE,39,187,32,0,False,False,False,False,False,False,False
351,FALSE,27,168,25,0,False,False,False,False,False,False,False
352,TRUE,38,171,31,0,False,False,False,False,False,False,False
353,FALSE,45,128,27,7,False,False,False,False,False,False,False
354,FALSE,40,164,34,0,False,False,False,False,False,False,False
355,FALSE,43,185,31,0,False,False,False,False,False,False,False
356,FALSE,16,79,14,0,False,False,False,False,False,False,False
357,FALSE,25,122,20,0,False,False,False,False,False,False,False
358,TRUE,36,210,30,0,False,False,False,False,False,False,False
359,FALSE,26,136,24,0,False,False,False,False,False,False,False
360,TRUE,36,167,30,1,False,False,False,False,False,False,False
361,FALSE,49,257,45,0,False,False,False,False,False,False,False
362,FALSE,20,116,15,0,False,False,False,False,False,False,False
363,FALSE,42,233,39,0,False,False,False,False,False,False,False
364,FALSE,29,128,21,1,False,False,False,False,False,False,False
365,FALSE,40,165,34,0,False,False,False,False,False,False,False
366,FALSE,16,77,14,0,False,False,False,False,False,False,False
367,TRUE,12,45,8,0,False,False,False,False,False,False,False
368,FALSE,20,94,18,0,False,False,False,False,False,False,False
369,FALSE,22,111,18,0,False,False,False,False,False,False,False
370,FALSE,16,62,10,2,False,False,False,False,False,False,False
371,TRUE,33,176,27,0,False,False,False,False,False,False,False
372,TRUE,29,141,21,0,False,False,False,False,False,False,False
373,FALSE,21,69,13,0,False,False,False,False,False,False,False
374,FALSE,18,79,12,0,False,False,False,False,False,False,False
375,FALSE,19,57,9,1,False,False,False,False,False,False,False
376,FALSE,29,136,24,1,False,False,False,False,False,False,False
377,TRUE,37,174,31,0,False,False,False,False,False,False,False
378,FALSE,17,69,14,0,False,False,False,False,False,False,False
379,FALSE,35,160,22,1,False,False,False,False,False,False,False
380,FALSE,28,130,19,0,False,False,False,False,False,False,False
381,FALSE,33,192,24,0,False,False,False,False,False,False,False
382,FALSE,30,118,24,1,False,False,False,False,False,False,False
383,FALSE,22,91,16,0,False,False,False,False,False,False,False
384,FALSE,28,137,25,0,False,False,False,False,False,False,False
385,FALSE,18,93,15,0,False,False,False,False,False,False,False
386,FALSE,16,79,15,0,False,False,False,False,False,False,False
387,TRUE,29,171,28,0,False,False,False,False,False,False,False
388,FALSE,17,83,14,0,False,False,False,False,False,False,False
389,TRUE,38,243,30,0,False,False,False,False,False,False,False
390,TRUE,27,151,23,0,False,False,False,False,False,False,False
391,TRUE,38,130,25,2,False,False,False,False,False,False,False
392,FALSE,23,138,19,1,False,False,False,False,False,False,False
393,TRUE,37,188,29,1,False,False,False,False,False,False,False
394,TRUE,39,215,35,0,False,False,False,False,False,False,False
395,FALSE,20,50,9,2,False,False,False,False,False,False,False
396,FALSE,22,123,21,0,False,False,False,False,False,False,False
397,FALSE,24,102,21,0,False,False,False,False,False,False,False
398,TRUE,31,175,24,2,False,False,False,False,False,False,False
399,FALSE,27,104,19,2,False,False,False,False,False,False,False
400,TRUE,43,226,37,1,False,False,False,False,False,False,False
401,FALSE,26,120,23,1,False,False,False,False,False,False,False
402,TRUE,31,199,28,0,False,False,False,False,False,False,False
403,FALSE,26,133,18,0,False,False,False,False,False,False,False
404,FALSE,22,81,14,0,False,False,False,False,False,False,False
405,TRUE,59,275,46,0,False,False,False,False,False,False,False
406,FALSE,56,263,49,0,False,False,False,False,False,False,False
407,TRUE,54,305,39,2,False,False,False,False,False,False,False
408,FALSE,28,94,14,1,False,False,False,False,False,False,False
409,TRUE,54,263,44,1,False,False,False,False,False,False,False
410,FALSE,52,270,42,0,False,False,False,False,False,False,False
411,FALSE,20,113,17,0,False,False,False,False,False,False,False
412,FALSE,23,105,20,0,False,False,False,False,False,False,False
413,FALSE,38,145,29,0,False,False,False,False,False,False,False
414,TRUE,37,170,34,0,False,False,False,False,False,False,False
415,FALSE,17,118,15,0,False,False,False,False,False,False,False
416,TRUE,47,292,36,0,False,False,False,False,False,False,False
417,FALSE,41,164,30,0,False,False,False,False,False,False,False
418,FALSE,20,89,18,0,False,False,False,False,False,False,False
419,FALSE,33,87,16,2,False,False,False,False,False,False,False
420,FALSE,21,110,16,0,False,False,False,False,False,False,False
421,FALSE,18,93,14,0,False,False,False,False,False,False,False
422,FALSE,36,186,32,0,False,False,False,False,False,False,False
423,TRUE,35,157,24,1,False,False,False,False,False,False,False
424,FALSE,18,108,17,0,False,False,False,False,False,False,False
425,FALSE,34,116,23,1,False,False,False,False,False,False,False
426,TRUE,228,859,166,23,True,True,False,False,False,False,False
427,FALSE,37,190,34,0,False,False,False,False,False,False,False
428,FALSE,36,167,33,0,False,False,False,False,False,False,False
429,FALSE,28,126,23,0,False,False,False,False,False,False,False
430,FALSE,29,158,26,0,False,False,False,False,False,False,False
431,FALSE,38,154,26,0,False,False,False,False,False,False,False
432,FALSE,29,151,24,2,False,False,False,False,False,False,False
433,FALSE,22,115,18,0,False,False,False,False,False,False,False
434,FALSE,45,188,38,0,False,False,False,False,False,False,False
435,FALSE,25,71,12,1,False,False,False,False,False,False,False
436,FALSE,14,68,12,0,False,False,False,False,False,False,False
437,TRUE,45,211,36,1,False,False,False,False,False,False,False
438,TRUE,31,168,27,0,False,False,False,False,False,False,False
439,FALSE,23,116,21,0,False,False,False,False,False,False,False
440,FALSE,33,110,21,0,False,False,False,False,False,False,False
441,FALSE,27,132,20,0,False,False,False,False,False,False,False
442,TRUE,37,172,25,0,False,False,False,False,False,False,False
443,TRUE,35,161,28,0,False,False,False,False,False,False,False
444,FALSE,18,76,12,2,False,False,False,False,False,False,False
445,FALSE,17,93,15,0,False,False,False,False,False,False,False
446,FALSE,21,94,19,0,False,False,False,False,False,False,False
447,FALSE,18,82,12,1,False,False,False,False,False,False,False
448,FALSE,31,152,22,0,False,False,False,False,False,False,False
449,TRUE,26,107,21,0,False,False,False,False,False,False,False
450,TRUE,29,172,26,0,False,False,False,False,False,False,False
451,FALSE,23,116,18,1,False,False,False,False,False,False,False
452,FALSE,26,122,22,0,False,False,False,False,False,False,False
453,TRUE,37,181,32,0,False,False,False,False,False,False,False
454,FALSE,33,200,28,0,False,False,False,False,False,False,False
455,FALSE,23,110,20,0,False,False,False,False,False,False,False
456,FALSE,36,200,33,0,False,False,False,False,False,False,False
457,FALSE,18,101,17,0,False,False,False,False,False,False,False
458,FALSE,17,117,16,0,False,False,False,False,False,False,False
459,TRUE,36,175,27,0,False,False,False,False,False,False,False
460,FALSE,36,255,30,0,False,False,False,False,False,False,False
461,TRUE,29,155,22,2,False,False,False,False,False,False,False
462,FALSE,19,120,15,0,False,False,False,False,False,False,False
463,TRUE,46,268,39,0,False,False,False,False,False,False,False
464,FALSE,38,179,28,0,False,False,False,False,False,False,False
465,TRUE,30,143,20,0,False,False,False,False,False,False,False
466,TRUE,36,192,34,0,False,False,False,False,False,False,False
467,FALSE,23,104,20,0,False,False,False,False,False,False,False
468,FALSE,38,216,33,2,False,False,False,False,False,False,False
469,TRUE,33,127,20,0,False,False,False,False,False,False,False
470,FALSE,34,175,29,1,False,False,False,False,False,False,False
471,FALSE,28,143,22,4,False,False,False,False,False,False,False
472,FALSE,18,74,13,0,False,False,False,False,False,False,False
473,FALSE,27,70,10,1,False,False,False,False,False,False,False
474,FALSE,31,166,29,0,False,False,False,False,False,False,False
475,FALSE,29,144,23,0,False,False,False,False,False,False,False
476,FALSE,24,116,21,0,False,False,False,False,False,False,False
477,FALSE,33,142,23,0,False,False,False,False,False,False,False
478,FALSE,20,95,16,0,False,False,False,False,False,False,False
479,FALSE,37,181,33,0,False,False,False,False,False,False,False
480,FALSE,25,122,22,0,False,False,False,False,False,False,False
481,FALSE,36,193,33,0,False,False,False,False,False,False,False
482,TRUE,72,398,62,0,False,False,False,False,False,False,False
483,FALSE,15,85,14,0,False,False,False,False,False,False,False
484,FALSE,22,125,17,0,False,False,False,False,False,False,False
485,FALSE,24,113,21,0,False,False,False,False,False,False,False
486,FALSE,30,139,23,0,False,False,False,False,False,False,False
487,FALSE,28,156,24,0,False,False,False,False,False,False,False
488,FALSE,20,105,19,0,False,False,False,False,False,False,False
489,FALSE,18,80,15,0,False,False,False,False,False,False,False
490,TRUE,35,181,29,0,False,False,False,False,False,False,False
491,FALSE,21,89,19,0,False,False,False,False,False,False,False
492,FALSE,33,174,27,0,False,False,False,False,False,False,False
493,FALSE,19,92,15,0,False,False,False,False,False,False,False
494,TRUE,33,132,20,4,False,False,False,False,False,False,False
495,FALSE,24,141,18,0,False,False,False,False,False,False,False
496,FALSE,29,123,23,0,False,False,False,False,False,False,False
497,FALSE,17,92,15,0,False,False,False,False,False,False,False
498,FALSE,26,123,22,0,False,False,False,False,False,False,False
499,TRUE,35,132,19,2,False,False,False,False,False,False,False
500,FALSE,14,76,13,0,False,False,False,False,False,False,False
501,TRUE,31,150,25,0,False,False,False,False,False,False,False
502,FALSE,18,78,14,0,False,False,False,False,False,False,False
503,FALSE,18,75,16,0,False,False,False,False,False,False,False
504,TRUE,43,196,33,0,False,False,False,False,False,False,False
505,FALSE,35,171,31,1,False,False,False,False,False,False,False
506,TRUE,32,147,27,1,False,False,False,False,False,False,False
507,FALSE,20,87,17,0,False,False,False,False,False,False,False
508,FALSE,48,249,39,1,False,False,False,False,False,False,False
509,TRUE,39,237,37,0,False,False,False,False,False,False,False
510,TRUE,47,218,41,0,False,False,False,False,False,False,False
511,FALSE,19,127,18,0,False,False,False,False,False,False,False
512,FALSE,18,82,14,0,False,False,False,False,False,False,False
513,FALSE,32,207,28,0,False,False,False,False,False,False,False
514,TRUE,93,494,73,0,False,False,False,False,False,False,False
515,FALSE,16,96,14,0,False,False,False,False,False,False,False
516,FALSE,21,92,15,0,False,False,False,False,False,False,False
517,FALSE,24,129,19,0,False,False,False,False,False,False,False
518,FALSE,23,108,19,0,False,False,False,False,False,False,False
519,FALSE,18,92,15,0,False,False,False,False,False,False,False
520,FALSE,34,173,32,0,False,False,False,False,False,False,False
521,FALSE,21,82,14,1,False,False,False,False,False,False,False
522,FALSE,53,320,48,0,False,False,False,False,False,False,False
523,FALSE,36,127,12,5,False,False,False,False,False,False,False
524,FALSE,17,83,15,0,False,False,False,False,False,False,False
525,TRUE,55,292,50,0,False,False,False,False,False,False,False
526,TRUE,28,157,24,0,False,False,False,False,False,False,False
527,FALSE,65,153,19,8,False,False,False,False,False,False,False
528,FALSE,28,133,26,0,False,False,False,False,False,False,False
529,TRUE,36,190,30,0,False,False,False,False,False,False,False
530,TRUE,29,121,20,3,False,False,False,False,False,False,False
531,TRUE,68,255,44,0,False,False,False,False,False,False,False
532,FALSE,32,144,26,1,False,False,False,False,False,False,False
533,FALSE,20,80,14,2,False,False,False,False,False,False,False
534,FALSE,34,167,30,0,False,False,False,False,False,False,False
535,FALSE,18,115,16,0,False,False,False,False,False,False,False
536,FALSE,22,72,13,5,False,False,False,False,False,False,False
537,FALSE,28,124,22,2,False,False,False,False,False,False,False
538,FALSE,27,75,12,0,False,False,False,False,False,False,False
539,FALSE,32,95,18,1,False,False,False,False,False,False,False
540,TRUE,45,172,29,1,False,False,False,False,False,False,False
541,FALSE,20,83,16,0,False,False,False,False,False,False,False
542,FALSE,20,87,14,0,False,False,False,False,False,False,False
543,FALSE,25,146,20,0,False,False,False,False,False,False,False
544,FALSE,16,90,14,0,False,False,False,False,False,False,False
545,FALSE,23,89,20,0,False,False,False,False,False,False,False
546,FALSE,22,86,13,0,False,False,False,False,False,False,False
547,FALSE,15,80,12,0,False,False,False,False,False,False,False
548,TRUE,40,197,35,0,False,False,False,False,False,False,False
549,FALSE,35,164,32,0,False,False,False,False,False,False,False
550,TRUE,69,395,50,1,False,False,False,False,False,False,False
551,FALSE,26,119,21,0,False,False,False,False,False,False,False
552,FALSE,29,142,20,0,False,False,False,False,False,False,False
553,FALSE,37,198,32,0,False,False,False,False,False,False,False
554,TRUE,37,130,26,1,False,False,False,False,False,False,False
555,TRUE,31,142,24,0,False,False,False,False,False,False,False
556,FALSE,39,155,28,0,False,False,False,False,False,False,False
557,FALSE,30,170,26,0,False,False,False,False,False,False,False
558,FALSE,34,143,25,2,False,False,False,False,False,False,False
559,FALSE,21,67,14,1,False,False,False,False,False,False,False
560,FALSE,24,100,17,2,False,False,False,False,False,False,False
561,FALSE,16,84,14,0,False,False,False,False,False,False,False
562,FALSE,29,147,22,0,False,False,False,False,False,False,False
563,FALSE,20,106,17,0,False,False,False,False,False,False,False
564,FALSE,29,174,27,0,False,False,False,False,False,False,False
565,FALSE,30,169,27,0,False,False,False,False,False,False,False
566,FALSE,36,110,22,4,False,False,False,False,False,False,False
567,FALSE,48,120,17,0,False,False,False,False,False,False,False
568,FALSE,15,108,12,0,False,False,False,False,False,False,False
569,FALSE,23,126,19,0,False,False,False,False,False,False,False
570,FALSE,29,136,26,1,False,False,False,False,False,False,False
571,FALSE,30,141,27,0,False,False,False,False,False,False,False
572,FALSE,15,95,14,0,False,False,False,False,False,False,False
573,FALSE,25,99,19,0,False,False,False,False,False,False,False
574,FALSE,23,112,16,0,False,False,False,False,False,False,False
575,TRUE,30,147,24,0,False,False,False,False,False,False,False
576,FALSE,17,72,12,0,False,False,False,False,False,False,False
577,TRUE,63,293,46,0,False,False,False,False,False,False,False
578,TRUE,31,155,28,0,False,False,False,False,False,False,False
579,FALSE,27,121,24,0,False,False,False,False,False,False,False
580,FALSE,14,61,12,0,False,False,False,False,False,False,False
581,TRUE,32,149,26,0,False,False,False,False,False,False,False
582,FALSE,19,91,16,0,False,False,False,False,False,False,False
583,FALSE,32,147,24,0,False,False,False,False,False,False,False
584,TRUE,29,163,25,0,False,False,False,False,False,False,False
585,FALSE,18,89,17,0,False,False,False,False,False,False,False
586,FALSE,45,219,39,0,False,False,False,False,False,False,False
587,FALSE,22,76,12,0,False,False,False,False,False,False,False
588,FALSE,41,88,9,3,False,False,False,False,False,False,False
589,FALSE,15,60,13,0,False,False,False,False,False,False,False
590,FALSE,35,188,24,0,False,False,False,False,False,False,False
591,TRUE,30,198,29,0,False,False,False,False,False,False,False
592,TRUE,38,145,28,0,False,False,False,False,False,False,False
593,FALSE,26,90,19,1,False,False,False,False,False,False,False
594,FALSE,48,260,43,0,False,False,False,False,False,False,False
595,FALSE,14,51,11,0,False,False,False,False,False,False,False
596,FALSE,24,121,19,0,False,False,False,False,False,False,False
597,TRUE,33,152,25,0,False,False,False,False,False,False,False
598,TRUE,36,182,28,0,False,False,False,False,False,False,False
599,FALSE,15,25,8,1,False,False,False,False,False,False,False
600,FALSE,45,207,31,0,False,False,False,False,False,False,False
601,FALSE,21,86,17,0,False,False,False,False,False,False,False
602,TRUE,69,362,65,1,False,False,False,False,False,False,False
603,TRUE,52,241,43,0,False,False,False,False,False,False,False
604,FALSE,19,76,16,1,False,False,False,False,False,False,False
605,FALSE,20,87,18,0,False,False,False,False,False,False,False
606,FALSE,15,73,14,0,False,False,False,False,False,False,False
607,TRUE,36,180,26,0,False,False,False,False,False,False,False
608,TRUE,26,143,22,0,False,False,False,False,False,False,False
609,FALSE,37,180,29,4,False,False,False,False,False,False,False
610,FALSE,27,108,22,0,False,False,False,False,False,False,False
611,FALSE,16,88,13,0,False,False,False,False,False,False,False
612,TRUE,44,241,41,0,False,False,False,False,False,False,False
613,FALSE,18,75,15,1,False,False,False,False,False,False,False
614,FALSE,14,64,10,0,False,False,False,False,False,False,False
615,TRUE,61,237,46,0,False,False,False,False,False,False,False
616,FALSE,21,108,20,0,False,False,False,False,False,False,False
617,FALSE,14,76,12,0,False,False,False,False,False,False,False
618,TRUE,38,199,34,1,False,False,False,False,False,False,False
619,FALSE,31,136,23,0,False,False,False,False,False,False,False
620,TRUE,31,165,22,0,False,False,False,False,False,False,False
621,FALSE,43,193,38,1,False,False,False,False,False,False,False
622,FALSE,18,114,16,0,False,False,False,False,False,False,False
623,FALSE,29,113,19,0,False,False,False,False,False,False,False
624,TRUE,48,261,43,0,False,False,False,False,False,False,False
625,TRUE,42,193,34,1,False,False,False,False,False,False,False
626,TRUE,34,135,24,1,False,False,False,False,False,False,False
627,FALSE,28,126,21,0,False,False,False,False,False,False,False
628,FALSE,28,116,21,0,False,False,False,False,False,False,False
629,TRUE,28,130,20,1,False,False,False,False,False,False,False
630,TRUE,32,152,27,0,False,False,False,False,False,False,False
631,FALSE,30,152,27,0,False,False,False,False,False,False,False
632,FALSE,42,223,34,1,False,False,False,False,False,False,False
633,FALSE,22,104,20,0,False,False,False,False,False,False,False
634,FALSE,23,117,19,0,False,False,False,False,False,False,False
635,FALSE,36,160,27,1,False,False,False,False,False,False,False
636,FALSE,27,110,18,1,False,False,False,False,False,False,False
637,TRUE,36,182,32,0,False,False,False,False,False,False,False
638,FALSE,18,85,13,0,False,False,False,False,False,False,False
639,TRUE,26,128,21,0,False,False,False,False,False,False,False
640,FALSE,25,138,20,1,False,False,False,False,False,False,False
641,FALSE,36,156,33,0,False,False,False,False,False,False,False
642,TRUE,43,189,35,0,False,False,False,False,False,False,False
643,FALSE,25,122,21,0,False,False,False,False,False,False,False
644,FALSE,21,121,19,0,False,False,False,False,False,False,False
645,TRUE,38,229,36,0,False,False,False,False,False,False,False
646,TRUE,27,123,25,0,False,False,False,False,False,False,False
647,FALSE,19,108,14,0,False,False,False,False,False,False,False
648,FALSE,230,753,150,14,True,True,False,False,False,False,False
649,FALSE,19,130,16,0,False,False,False,False,False,False,False
650,FALSE,24,117,21,0,False,False,False,False,False,False,False
651,FALSE,15,69,11,0,False,False,False,False,False,False,False
652,FALSE,34,147,28,0,False,False,False,False,False,False,False
653,FALSE,28,115,17,0,False,False,False,False,False,False,False
654,TRUE,31,151,27,0,False,False,False,False,False,False,False
655,FALSE,44,226,39,1,False,False,False,False,False,False,False
656,TRUE,31,124,24,4,False,False,False,False,False,False,False
657,FALSE,17,84,15,0,False,False,False,False,False,False,False
658,FALSE,32,177,25,0,False,False,False,False,False,False,False
659,FALSE,20,125,18,0,False,False,False,False,False,False,False
660,TRUE,47,218,45,0,False,False,False,False,False,False,False
661,FALSE,23,78,11,0,False,False,False,False,False,False,False
662,FALSE,25,138,19,3,False,False,False,False,False,False,False
663,FALSE,30,116,19,1,False,False,False,False,False,False,False
664,FALSE,16,88,15,0,False,False,False,False,False,False,False
665,FALSE,18,95,15,0,False,False,False,False,False,False,False
666,FALSE,22,118,18,0,False,False,False,False,False,False,False
667,TRUE,51,265,45,1,False,False,False,False,False,False,False
668,FALSE,20,95,15,0,False,False,False,False,False,False,False
669,FALSE,23,94,18,0,False,False,False,False,False,False,False
670,FALSE,37,151,22,0,False,False,False,False,False,False,False
671,FALSE,26,111,19,0,False,False,False,False,False,False,False
672,FALSE,27,139,23,0,False,False,False,False,False,False,False
673,TRUE,32,146,24,1,False,False,False,False,False,False,False
674,FALSE,20,73,13,1,False,False,False,False,False,False,False
675,FALSE,28,106,16,0,False,False,False,False,False,False,False
676,FALSE,29,151,23,1,False,False,False,False,False,False,False
677,FALSE,18,115,17,0,False,False,False,False,False,False,False
678,FALSE,42,259,37,0,False,False,False,False,False,False,False
679,FALSE,19,90,15,0,False,False,False,False,False,False,False
680,FALSE,18,83,17,0,False,False,False,False,False,False,False
681,FALSE,32,128,22,0,False,False,False,False,False,False,False
682,FALSE,17,90,14,0,False,False,False,False,False,False,False
683,FALSE,18,112,17,0,False,False,False,False,False,False,False
684,FALSE,22,99,14,0,False,False,False,False,False,False,False
685,TRUE,43,187,35,0,False,False,False,False,False,False,False
686,FALSE,21,91,16,0,False,False,False,False,False,False,False
687,TRUE,41,201,30,0,False,False,False,False,False,False,False
688,FALSE,22,160,19,0,False,False,False,False,False,False,False
689,FALSE,23,162,21,0,False,False,False,False,False,False,False
690,TRUE,38,149,27,2,False,False,False,False,False,False,False
691,FALSE,20,104,18,0,False,False,False,False,False,False,False
692,FALSE,26,139,20,0,False,False,False,False,False,False,False
693,TRUE,33,163,23,0,False,False,False,False,False,False,False
694,FALSE,25,139,18,0,False,False,False,False,False,False,False
695,TRUE,39,181,28,0,False,False,False,False,False,False,False
696,TRUE,36,127,20,1,False,False,False,False,False,False,False
697,TRUE,28,97,17,1,False,False,False,False,False,False,False
698,TRUE,28,144,23,0,False,False,False,False,False,False,False
699,TRUE,39,189,32,0,False,False,False,False,False,False,False
700,FALSE,20,97,18,0,False,False,False,False,False,False,False
701,TRUE,31,195,24,0,False,False,False,False,False,False,False
702,TRUE,216,1025,173,17,True,True,False,False,False,False,False
703,TRUE,35,104,17,3,False,False,False,False,False,False,False
704,FALSE,27,179,23,0,False,False,False,False,False,False,False
705,TRUE,30,146,27,0,False,False,False,False,False,False,False
706,FALSE,24,142,23,0,False,False,False,False,False,False,False
707,FALSE,16,103,15,0,False,False,False,False,False,False,False
708,FALSE,22,104,18,0,False,False,False,False,False,False,False
709,TRUE,35,200,30,0,False,False,False,False,False,False,False
710,FALSE,14,71,12,0,False,False,False,False,False,False,False
711,FALSE,22,103,16,0,False,False,False,False,False,False,False
712,FALSE,22,104,15,0,False,False,False,False,False,False,False
713,TRUE,50,230,38,0,False,False,False,False,False,False,False
714,FALSE,38,190,25,0,False,False,False,False,False,False,False
715,TRUE,44,179,34,2,False,False,False,False,False,False,False
716,FALSE,28,136,24,0,False,False,False,False,False,False,False
717,FALSE,19,72,13,0,False,False,False,False,False,False,False
718,FALSE,33,40,10,0,False,False,False,False,False,False,False
719,FALSE,31,146,24,0,False,False,False,False,False,False,False
720,FALSE,21,109,15,0,False,False,False,False,False,False,False
721,TRUE,29,164,23,0,False,False,False,False,False,False,False
722,FALSE,20,107,15,0,False,False,False,False,False,False,False
723,TRUE,33,166,29,1,False,False,False,False,False,False,False
724,TRUE,40,189,26,0,False,False,False,False,False,False,False
725,FALSE,31,115,22,0,False,False,False,False,False,False,False
726,TRUE,43,225,40,0,False,False,False,False,False,False,False
727,FALSE,26,121,20,0,False,False,False,False,False,False,False
728,FALSE,36,175,28,0,False,False,False,False,False,False,False
729,FALSE,23,99,17,0,False,False,False,False,False,False,False
730,FALSE,32,145,29,0,False,False,False,False,False,False,False
731,TRUE,79,140,29,0,False,False,False,False,False,False,False
732,FALSE,21,97,12,0,False,False,False,False,False,False,False
733,TRUE,34,135,22,1,False,False,False,False,False,False,False
734,FALSE,27,105,15,2,False,False,False,False,False,False,False
735,FALSE,38,184,29,0,False,False,False,False,False,False,False
736,FALSE,36,184,32,1,False,False,False,False,False,False,False
737,FALSE,31,142,26,0,False,False,False,False,False,False,False
738,FALSE,32,155,26,0,False,False,False,False,False,False,False
739,TRUE,29,160,27,0,False,False,False,False,False,False,False
740,FALSE,56,182,36,11,False,False,False,False,False,False,False
741,FALSE,21,91,12,0,False,False,False,False,False,False,False
742,FALSE,42,133,23,6,False,False,False,False,False,False,False
743,TRUE,27,114,18,1,False,False,False,False,False,False,False
744,FALSE,27,124,22,0,False,False,False,False,False,False,False
745,TRUE,31,172,25,0,False,False,False,False,False,False,False
746,FALSE,33,161,29,0,False,False,False,False,False,False,False
747,TRUE,34,190,30,0,False,False,False,False,False,False,False
748,FALSE,19,58,10,1,False,False,False,False,False,False,False
749,FALSE,29,135,24,2,False,False,False,False,False,False,False
750,FALSE,33,149,32,0,False,False,False,False,False,False,False
751,FALSE,21,108,18,0,False,False,False,False,False,False,False
752,TRUE,47,203,33,1,False,False,False,False,False,False,False
753,FALSE,25,137,20,0,False,False,False,False,False,False,False
754,FALSE,17,98,15,0,False,False,False,False,False,False,False
755,FALSE,34,109,21,0,False,False,False,False,False,False,False
756,TRUE,49,207,37,0,False,False,False,False,False,False,False
757,FALSE,32,141,25,0,False,False,False,False,False,False,False
758,TRUE,42,189,35,0,False,False,False,False,False,False,False
759,FALSE,31,146,25,0,False,False,False,False,False,False,False
760,TRUE,42,165,31,0,False,False,False,False,False,False,False
761,FALSE,29,116,21,0,False,False,False,False,False,False,False
762,FALSE,15,67,11,0,False,False,False,False,False,False,False
763,FALSE,39,182,31,0,False,False,False,False,False,False,False
764,TRUE,61,237,50,0,False,False,False,False,False,False,False
765,FALSE,49,252,43,0,False,False,False,False,False,False,False
766,TRUE,36,182,31,0,False,False,False,False,False,False,False
767,TRUE,41,193,31,0,False,False,False,False,False,False,False
768,FALSE,25,120,20,0,False,False,False,False,False,False,False
769,FALSE,16,41,4,0,False,False,False,False,False,False,False
770,FALSE,44,222,39,0,False,False,False,False,False,False,False
771,FALSE,22,104,16,0,False,False,False,False,False,False,False
772,FALSE,39,150,25,3,False,False,False,False,False,False,False
773,FALSE,24,111,20,2,False,False,False,False,False,False,False
774,TRUE,29,123,24,0,False,False,False,False,False,False,False
775,FALSE,23,61,10,2,False,False,False,False,False,False,False
776,TRUE,37,195,31,0,False,False,False,False,False,False,False
777,FALSE,23,96,14,0,False,False,False,False,False,False,False
778,TRUE,34,173,28,0,False,False,False,False,False,False,False
779,FALSE,30,150,25,0,False,False,False,False,False,False,False
780,TRUE,27,143,24,0,False,False,False,False,False,False,False
781,FALSE,19,95,18,0,False,False,False,False,False,False,False
782,FALSE,29,170,27,0,False,False,False,False,False,False,False
783,FALSE,18,87,16,0,False,False,False,False,False,False,False
784,FALSE,30,146,26,0,False,False,False,False,False,False,False
785,FALSE,32,143,28,0,False,False,False,False,False,False,False
786,FALSE,31,162,27,0,False,False,False,False,False,False,False
787,TRUE,47,192,37,4,False,False,False,False,False,False,False
788,FALSE,33,144,24,0,False,False,False,False,False,False,False
789,FALSE,35,159,30,0,False,False,False,False,False,False,False
790,TRUE,55,263,46,1,False,False,False,False,False,False,False
791,FALSE,28,172,26,0,False,False,False,False,False,False,False
792,FALSE,17,90,12,0,False,False,False,False,False,False,False
793,FALSE,85,43,2,2,False,False,False,False,False,False,False
794,TRUE,30,202,24,0,False,False,False,False,False,False,False
795,FALSE,15,62,9,0,False,False,False,False,False,False,False
796,FALSE,21,62,10,0,False,False,False,False,False,False,False
797,FALSE,27,112,18,2,False,False,False,False,False,False,False
798,FALSE,22,90,13,0,False,False,False,False,False,False,False
799,TRUE,32,135,22,0,False,False,False,False,False,False,False
800,FALSE,21,100,19,0,False,False,False,False,False,False,False
801,FALSE,57,228,40,4,False,False,False,False,False,False,False
802,TRUE,48,232,38,1,False,False,False,False,False,False,False
803,FALSE,21,127,18,0,False,False,False,False,False,False,False
804,TRUE,29,119,23,2,False,False,False,False,False,False,False
805,TRUE,30,135,25,2,False,False,False,False,False,False,False
806,TRUE,45,237,40,1,False,False,False,False,False,False,False
807,FALSE,41,212,37,3,False,False,False,False,False,False,False
808,TRUE,32,145,25,0,False,False,False,False,False,False,False
809,FALSE,28,135,27,0,False,False,False,False,False,False,False
810,FALSE,18,82,12,1,False,False,False,False,False,False,False
811,FALSE,45,226,37,2,False,False,False,False,False,False,False
812,FALSE,43,236,38,0,False,False,False,False,False,False,False
813,TRUE,30,110,20,0,False,False,False,False,False,False,False
814,TRUE,89,351,63,2,False,False,False,False,False,False,False
815,FALSE,34,126,24,1,False,False,False,False,False,False,False
816,FALSE,32,154,24,0,False,False,False,False,False,False,False
817,FALSE,18,62,10,0,False,False,False,False,False,False,False
818,FALSE,36,150,31,0,False,False,False,False,False,False,False
819,TRUE,32,185,26,0,False,False,False,False,False,False,False
820,TRUE,40,223,28,0,False,False,False,False,False,False,False
821,FALSE,38,176,30,0,False,False,False,False,False,False,False
822,FALSE,17,46,11,0,False,False,False,False,False,False,False
823,TRUE,40,205,24,4,False,False,False,False,False,False,False
824,TRUE,22,77,13,0,False,False,False,False,False,False,False
825,FALSE,36,185,28,0,False,False,False,False,False,False,False
826,FALSE,39,208,33,1,False,False,False,False,False,False,False
827,FALSE,16,76,14,0,False,False,False,False,False,False,False
828,TRUE,34,173,28,1,False,False,False,False,False,False,False
829,FALSE,21,119,18,0,False,False,False,False,False,False,False
830,TRUE,24,142,20,0,False,False,False,False,False,False,False
831,FALSE,24,134,20,0,False,False,False,False,False,False,False
832,FALSE,43,185,33,0,False,False,False,False,False,False,False
833,FALSE,27,127,20,0,False,False,False,False,False,False,False
834,TRUE,24,123,19,0,False,False,False,False,False,False,False
835,FALSE,29,142,26,0,False,False,False,False,False,False,False
836,FALSE,24,111,20,0,False,False,False,False,False,False,False
837,FALSE,22,153,20,0,False,False,False,False,False,False,False
838,FALSE,14,62,9,0,False,False,False,False,False,False,False
839,FALSE,21,111,20,0,False,False,False,False,False,False,False
840,TRUE,45,211,34,1,False,False,False,False,False,False,False
841,FALSE,37,200,31,0,False,False,False,False,False,False,False
842,FALSE,39,192,34,0,False,False,False,False,False,False,False
843,FALSE,23,105,18,0,False,False,False,False,False,False,False
844,FALSE,33,123,20,0,False,False,False,False,False,False,False
845,FALSE,81,415,68,1,False,False,False,False,False,False,False
846,FALSE,18,95,16,0,False,False,False,False,False,False,False
847,TRUE,63,184,16,6,False,False,False,False,False,False,False
848,FALSE,17,54,9,0,False,False,False,False,False,False,False
849,FALSE,15,101,13,0,False,False,False,False,False,False,False
850,TRUE,32,142,24,0,False,False,False,False,False,False,False
851,TRUE,36,219,31,0,False,False,False,False,False,False,False
852,TRUE,44,114,11,4,False,False,False,False,False,False,False
853,TRUE,45,180,30,1,False,False,False,False,False,False,False
854,TRUE,35,196,30,0,False,False,False,False,False,False,False
855,TRUE,34,158,22,1,False,False,False,False,False,False,False
856,FALSE,11,32,4,0,False,False,False,False,False,False,False
857,FALSE,20,108,18,0,False,False,False,False,False,False,False
858,FALSE,39,197,34,0,False,False,False,False,False,False,False
859,FALSE,18,90,15,0,False,False,False,False,False,False,False
860,FALSE,28,130,22,0,False,False,False,False,False,False,False
861,FALSE,44,251,42,0,False,False,False,False,False,False,False
862,TRUE,40,175,32,1,False,False,False,False,False,False,False
863,FALSE,21,88,16,2,False,False,False,False,False,False,False
864,TRUE,37,94,15,3,False,False,False,False,False,False,False
865,TRUE,60,296,46,0,False,False,False,False,False,False,False
866,FALSE,34,112,20,1,False,False,False,False,False,False,False
867,FALSE,20,109,17,0,False,False,False,False,False,False,False
868,TRUE,37,177,26,0,False,False,False,False,False,False,False
869,FALSE,25,160,23,0,False,False,False,False,False,False,False
870,TRUE,57,277,47,1,False,False,False,False,False,False,False
871,TRUE,29,115,18,3,False,False,False,False,False,False,False
872,FALSE,28,131,21,0,False,False,False,False,False,False,False
873,FALSE,13,50,8,0,False,False,False,False,False,False,False
874,FALSE,14,47,6,0,False,False,False,False,False,False,False
875,FALSE,21,96,15,0,False,False,False,False,False,False,False
876,TRUE,67,353,63,0,False,False,False,False,False,False,False
877,FALSE,15,93,12,0,False,False,False,False,False,False,False
878,FALSE,19,83,16,0,False,False,False,False,False,False,False
879,FALSE,48,187,35,2,False,False,False,False,False,False,False
880,FALSE,22,100,19,1,False,False,False,False,False,False,False
881,FALSE,30,185,28,0,False,False,False,False,False,False,False
882,FALSE,22,81,16,0,False,False,False,False,False,False,False
883,FALSE,22,153,21,0,False,False,False,False,False,False,False
884,FALSE,33,129,26,0,False,False,False,False,False,False,False
885,FALSE,16,82,14,0,False,False,False,False,False,False,False
886,FALSE,42,199,33,0,False,False,False,False,False,False,False
887,FALSE,21,87,13,0,False,False,False,False,False,False,False
888,FALSE,32,169,28,0,False,False,False,False,False,False,False
889,TRUE,35,158,29,1,False,False,False,False,False,False,False
890,TRUE,31,174,28,1,False,False,False,False,False,False,False
891,TRUE,53,225,42,0,False,False,False,False,False,False,False
892,TRUE,29,170,25,0,False,False,False,False,False,False,False
893,TRUE,42,251,36,0,False,False,False,False,False,False,False
894,FALSE,25,119,24,0,False,False,False,False,False,False,False
895,FALSE,36,148,26,0,False,False,False,False,False,False,False
896,FALSE,28,117,23,0,False,False,False,False,False,False,False
897,FALSE,18,74,15,0,False,False,False,False,False,False,False
898,TRUE,33,169,30,1,False,False,False,False,False,False,False
899,FALSE,23,74,15,3,False,False,False,False,False,False,False
900,FALSE,29,124,25,0,False,False,False,False,False,False,False
901,FALSE,18,96,14,1,False,False,False,False,False,False,False
902,FALSE,25,119,24,0,False,False,False,False,False,False,False
903,FALSE,29,173,22,0,False,False,False,False,False,False,False
904,FALSE,17,81,14,0,False,False,False,False,False,False,False
905,FALSE,20,99,16,0,False,False,False,False,False,False,False
906,TRUE,38,184,30,0,False,False,False,False,False,False,False
907,TRUE,41,212,33,0,False,False,False,False,False,False,False
908,TRUE,30,164,25,0,False,False,False,False,False,False,False
909,FALSE,19,92,16,1,False,False,False,False,False,False,False
910,FALSE,39,204,37,0,False,False,False,False,False,False,False
911,FALSE,30,133,27,0,False,False,False,False,False,False,False
912,FALSE,58,255,38,2,False,False,False,False,False,False,False
913,FALSE,37,145,27,4,False,False,False,False,False,False,False
914,TRUE,41,214,34,0,False,False,False,False,False,False,False
915,FALSE,17,88,15,0,False,False,False,False,False,False,False
916,TRUE,30,140,22,2,False,False,False,False,False,False,False
917,FALSE,27,154,24,0,False,False,False,False,False,False,False
918,FALSE,25,106,22,1,False,False,False,False,False,False,False
919,FALSE,26,135,23,0,False,False,False,False,False,False,False
920,FALSE,20,90,14,1,False,False,False,False,False,False,False
921,FALSE,32,106,18,0,False,False,False,False,False,False,False
922,FALSE,19,86,16,0,False,False,False,False,False,False,False
923,FALSE,37,230,33,0,False,False,False,False,False,False,False
924,FALSE,22,88,13,3,False,False,False,False,False,False,False
925,FALSE,35,143,25,0,False,False,False,False,False,False,False
926,FALSE,36,118,23,1,False,False,False,False,False,False,False
927,FALSE,45,209,29,1,False,False,False,False,False,False,False
928,TRUE,28,167,26,0,False,False,False,False,False,False,False
929,TRUE,58,289,51,2,False,False,False,False,False,False,False
930,FALSE,20,83,11,0,False,False,False,False,False,False,False
931,FALSE,28,121,19,0,False,False,False,False,False,False,False
932,FALSE,17,92,14,0,False,False,False,False,False,False,False
933,FALSE,17,102,16,0,False,False,False,False,False,False,False
934,FALSE,27,101,19,0,False,False,False,False,False,False,False
935,FALSE,24,119,18,0,False,False,False,False,False,False,False
936,FALSE,21,93,13,1,False,False,False,False,False,False,False
937,TRUE,37,155,26,0,False,False,False,False,False,False,False
938,FALSE,29,189,26,1,False,False,False,False,False,False,False
939,FALSE,16,74,13,0,False,False,False,False,False,False,False
940,FALSE,19,103,16,0,False,False,False,False,False,False,False
941,FALSE,35,215,32,0,False,False,False,False,False,False,False
942,TRUE,38,241,36,0,False,False,False,False,False,False,False
943,TRUE,37,189,31,0,False,False,False,False,False,False,False
944,TRUE,34,94,15,0,False,False,False,False,False,False,False
945,FALSE,26,110,20,0,False,False,False,False,False,False,False
946,FALSE,15,94,14,0,False,False,False,False,False,False,False
947,FALSE,22,113,20,0,False,False,False,False,False,False,False
948,FALSE,39,205,33,0,False,False,False,False,False,False,False
949,FALSE,29,131,25,1,False,False,False,False,False,False,False
950,TRUE,41,165,34,0,False,False,False,False,False,False,False
951,TRUE,63,332,54,0,False,False,False,False,False,False,False
952,FALSE,15,78,12,0,False,False,False,False,False,False,False
953,FALSE,31,187,25,0,False,False,False,False,False,False,False
954,FALSE,17,84,15,0,False,False,False,False,False,False,False
955,FALSE,22,93,15,0,False,False,False,False,False,False,False
956,FALSE,27,133,24,0,False,False,False,False,False,False,False
957,FALSE,36,146,20,0,False,False,False,False,False,False,False
958,TRUE,70,282,45,1,False,False,False,False,False,False,False
959,FALSE,38,200,33,0,False,False,False,False,False,False,False
960,FALSE,35,180,28,0,False,False,False,False,False,False,False
961,TRUE,32,149,29,0,False,False,False,False,False,False,False
962,FALSE,40,199,32,0,False,False,False,False,False,False,False
963,TRUE,29,149,20,1,False,False,False,False,False,False,False
964,TRUE,56,229,41,1,False,False,False,False,False,False,False
965,TRUE,30,182,28,0,False,False,False,False,False,False,False
966,TRUE,41,172,30,0,False,False,False,False,False,False,False
967,TRUE,44,184,29,0,False,False,False,False,False,False,False
968,FALSE,188,429,36,0,True,False,False,False,False,False,False
969,FALSE,45,185,32,5,False,False,False,False,False,False,False
970,FALSE,22,81,15,1,False,False,False,False,False,False,False
971,FALSE,26,106,19,0,False,False,False,False,False,False,False
972,TRUE,31,108,14,6,False,False,False,False,False,False,False
973,FALSE,19,64,14,0,False,False,False,False,False,False,False
974,FALSE,16,67,11,0,False,False,False,False,False,False,False
975,FALSE,33,145,28,0,False,False,False,False,False,False,False
976,FALSE,28,177,25,0,False,False,False,False,False,False,False
977,FALSE,21,113,18,0,False,False,False,False,False,False,False
978,FALSE,40,180,35,0,False,False,False,False,False,False,False
979,TRUE,29,139,22,0,False,False,False,False,False,False,False
980,FALSE,34,146,27,0,False,False,False,False,False,False,False
981,FALSE,36,171,33,0,False,False,False,False,False,False,False
982,FALSE,22,75,17,2,False,False,False,False,False,False,False
983,FALSE,24,152,20,0,False,False,False,False,False,False,False
984,FALSE,19,67,13,0,False,False,False,False,False,False,False
985,FALSE,22,89,16,0,False,False,False,False,False,False,False
986,FALSE,16,52,10,1,False,False,False,False,False,False,False
987,FALSE,35,159,31,0,False,False,False,False,False,False,False
988,TRUE,36,170,28,1,False,False,False,False,False,False,False
989,FALSE,23,121,18,0,False,False,False,False,False,False,False
990,FALSE,257,765,80,13,True,True,True,False,False,False,False
991,FALSE,24,57,9,1,False,False,False,False,False,False,False
992,FALSE,26,100,16,0,False,False,False,False,False,False,False
993,FALSE,21,93,14,0,False,False,False,False,False,False,False
994,TRUE,36,191,33,0,False,False,False,False,False,False,False
995,FALSE,20,109,17,0,False,False,False,False,False,False,False
996,TRUE,25,131,20,0,False,False,False,False,False,False,False
997,FALSE,20,85,16,0,False,False,False,False,False,False,False
998,FALSE,21,103,15,0,False,False,False,False,False,False,False
999,FALSE,25,121,19,0,False,False,False,False,False,False,False
1000,TRUE,40,190,26,0,False,False,False,False,False,False,False
1001,FALSE,33,164,27,0,False,False,False,False,False,False,False
1002,FALSE,42,197,35,0,False,False,False,False,False,False,False
1003,FALSE,23,134,19,0,False,False,False,False,False,False,False
1004,FALSE,18,100,13,0,False,False,False,False,False,False,False
1005,FALSE,21,91,18,0,False,False,False,False,False,False,False
1006,FALSE,29,133,22,0,False,False,False,False,False,False,False
1007,TRUE,56,268,44,0,False,False,False,False,False,False,False
1008,FALSE,18,99,17,0,False,False,False,False,False,False,False
1009,FALSE,48,261,45,0,False,False,False,False,False,False,False
1010,FALSE,38,133,25,4,False,False,False,False,False,False,False
1011,TRUE,26,140,24,0,False,False,False,False,False,False,False
1012,FALSE,19,68,15,0,False,False,False,False,False,False,False
1013,FALSE,31,141,27,0,False,False,False,False,False,False,False
1014,TRUE,35,199,31,0,False,False,False,False,False,False,False
1015,TRUE,33,113,22,4,False,False,False,False,False,False,False
1016,TRUE,46,198,35,0,False,False,False,False,False,False,False
1017,FALSE,26,85,16,0,False,False,False,False,False,False,False
1018,FALSE,27,152,24,0,False,False,False,False,False,False,False
1019,TRUE,40,216,32,0,False,False,False,False,False,False,False
1020,FALSE,20,60,10,0,False,False,False,False,False,False,False
1021,FALSE,24,116,19,1,False,False,False,False,False,False,False
1022,FALSE,19,114,18,0,False,False,False,False,False,False,False
1023,FALSE,22,115,18,0,False,False,False,False,False,False,False
1024,TRUE,36,182,31,0,False,False,False,False,False,False,False
1025,TRUE,43,207,34,0,False,False,False,False,False,False,False
1026,FALSE,18,114,16,0,False,False,False,False,False,False,False
1027,TRUE,31,113,28,1,False,False,False,False,False,False,False
1028,FALSE,34,173,31,0,False,False,False,False,False,False,False
1029,TRUE,32,194,29,0,False,False,False,False,False,False,False
1030,FALSE,24,131,22,0,False,False,False,False,False,False,False
1031,FALSE,31,146,23,0,False,False,False,False,False,False,False
1032,TRUE,41,147,31,1,False,False,False,False,False,False,False
1033,FALSE,16,85,14,0,False,False,False,False,False,False,False
1034,FALSE,17,71,12,0,False,False,False,False,False,False,False
1035,FALSE,21,94,16,0,False,False,False,False,False,False,False
1036,TRUE,38,212,28,0,False,False,False,False,False,False,False
1037,FALSE,28,115,22,0,False,False,False,False,False,False,False
1038,TRUE,42,218,35,0,False,False,False,False,False,False,False
1039,FALSE,20,133,18,0,False,False,False,False,False,False,False
1040,FALSE,20,100,18,0,False,False,False,False,False,False,False
1041,FALSE,14,55,9,0,False,False,False,False,False,False,False
1042,TRUE,41,213,38,0,False,False,False,False,False,False,False
1043,FALSE,18,63,12,1,False,False,False,False,False,False,False
1044,TRUE,44,170,25,0,False,False,False,False,False,False,False
1045,FALSE,35,193,32,0,False,False,False,False,False,False,False
1046,FALSE,22,92,18,0,False,False,False,False,False,False,False
1047,TRUE,32,73,9,1,False,False,False,False,False,False,False
1048,FALSE,28,90,17,0,False,False,False,False,False,False,False
1049,FALSE,38,191,26,0,False,False,False,False,False,False,False
1050,FALSE,30,153,24,0,False,False,False,False,False,False,False
1051,FALSE,33,145,22,1,False,False,False,False,False,False,False
1052,FALSE,31,124,23,0,False,False,False,False,False,False,False
1053,FALSE,22,104,19,0,False,False,False,False,False,False,False
1054,TRUE,59,185,27,7,False,False,False,False,False,False,False
1055,FALSE,21,113,17,1,False,False,False,False,False,False,False
1056,FALSE,18,96,16,0,False,False,False,False,False,False,False
1057,TRUE,42,191,34,1,False,False,False,False,False,False,False
1058,TRUE,27,105,20,2,False,False,False,False,False,False,False
1059,FALSE,21,129,19,0,False,False,False,False,False,False,False
1060,FALSE,30,150,27,0,False,False,False,False,False,False,False
1061,FALSE,30,132,24,0,False,False,False,False,False,False,False
1062,FALSE,22,53,8,0,False,False,False,False,False,False,False
1063,FALSE,21,89,13,1,False,False,False,False,False,False,False
1064,FALSE,35,196,29,0,False,False,False,False,False,False,False
1065,TRUE,25,99,15,1,False,False,False,False,False,False,False
1066,FALSE,19,91,14,0,False,False,False,False,False,False,False
1067,FALSE,39,212,34,0,False,False,False,False,False,False,False
1068,FALSE,28,134,24,2,False,False,False,False,False,False,False
1069,FALSE,30,175,25,0,False,False,False,False,False,False,False
1070,FALSE,17,74,13,0,False,False,False,False,False,False,False
1071,FALSE,19,84,11,0,False,False,False,False,False,False,False
1072,FALSE,24,133,21,1,False,False,False,False,False,False,False
1073,TRUE,52,234,35,0,False,False,False,False,False,False,False
1074,FALSE,23,120,19,0,False,False,False,False,False,False,False
1075,TRUE,36,198,32,0,False,False,False,False,False,False,False
1076,FALSE,37,171,25,0,False,False,False,False,False,False,False
1077,FALSE,27,144,24,0,False,False,False,False,False,False,False
1078,FALSE,23,148,21,0,False,False,False,False,False,False,False
1079,FALSE,55,242,43,0,False,False,False,False,False,False,False
1080,FALSE,32,172,30,0,False,False,False,False,False,False,False
1081,FALSE,27,200,22,0,False,False,False,False,False,False,False
1082,FALSE,25,124,22,0,False,False,False,False,False,False,False
1083,FALSE,20,99,18,0,False,False,False,False,False,False,False
1084,TRUE,45,167,24,8,False,False,False,False,False,False,False
1085,FALSE,21,111,16,0,False,False,False,False,False,False,False
1086,FALSE,20,102,15,0,False,False,False,False,False,False,False
1087,FALSE,26,116,21,0,False,False,False,False,False,False,False
1088,TRUE,57,336,49,1,False,False,False,False,False,False,False
1089,TRUE,24,118,17,0,False,False,False,False,False,False,False
1090,FALSE,31,141,24,1,False,False,False,False,False,False,False
1091,FALSE,18,77,12,0,False,False,False,False,False,False,False
1092,FALSE,36,130,18,1,False,False,False,False,False,False,False
1093,FALSE,16,126,15,0,False,False,False,False,False,False,False
1094,FALSE,47,275,42,0,False,False,False,False,False,False,False
1095,FALSE,39,221,37,0,False,False,False,False,False,False,False
1096,FALSE,39,257,31,0,False,False,False,False,False,False,False
1097,TRUE,50,163,24,0,False,False,False,False,False,False,False
1098,FALSE,22,120,18,0,False,False,False,False,False,False,False
1099,FALSE,28,123,21,0,False,False,False,False,False,False,False
1100,FALSE,45,243,35,0,False,False,False,False,False,False,False
1101,TRUE,50,221,36,0,False,False,False,False,False,False,False
1102,TRUE,39,247,31,0,False,False,False,False,False,False,False
1103,FALSE,23,93,19,1,False,False,False,False,False,False,False
1104,FALSE,28,95,19,4,False,False,False,False,False,False,False
1105,FALSE,19,115,16,0,False,False,False,False,False,False,False
1106,TRUE,31,133,18,2,False,False,False,False,False,False,False
1107,FALSE,26,148,21,1,False,False,False,False,False,False,False
1108,FALSE,14,71,12,0,False,False,False,False,False,False,False
1109,FALSE,32,196,28,0,False,False,False,False,False,False,False
1110,FALSE,19,91,17,0,False,False,False,False,False,False,False
1111,TRUE,32,187,26,0,False,False,False,False,False,False,False
1112,FALSE,28,147,23,0,False,False,False,False,False,False,False
1113,FALSE,18,103,16,1,False,False,False,False,False,False,False
1114,FALSE,36,166,32,0,False,False,False,False,False,False,False
1115,FALSE,22,79,15,0,False,False,False,False,False,False,False
1116,FALSE,28,123,24,2,False,False,False,False,False,False,False
1117,TRUE,43,106,17,6,False,False,False,False,False,False,False
1118,TRUE,29,143,26,0,False,False,False,False,False,False,False
1119,FALSE,30,149,28,0,False,False,False,False,False,False,False
1120,TRUE,42,187,33,0,False,False,False,False,False,False,False
1121,TRUE,50,222,40,0,False,False,False,False,False,False,False
1122,TRUE,32,162,26,0,False,False,False,False,False,False,False
1123,FALSE,17,82,12,0,False,False,False,False,False,False,False
1124,FALSE,25,110,22,0,False,False,False,False,False,False,False
1125,TRUE,36,170,28,0,False,False,False,False,False,False,False
1126,TRUE,41,188,32,0,False,False,False,False,False,False,False
1127,FALSE,24,118,21,0,False,False,False,False,False,False,False
1128,TRUE,34,132,13,0,False,False,False,False,False,False,False
1129,TRUE,43,196,33,1,False,False,False,False,False,False,False
1130,FALSE,52,216,31,2,False,False,False,False,False,False,False
1131,FALSE,19,102,16,0,False,False,False,False,False,False,False
1132,TRUE,45,206,29,0,False,False,False,False,False,False,False
1133,FALSE,33,133,22,0,False,False,False,False,False,False,False
1134,FALSE,19,82,16,0,False,False,False,False,False,False,False
1135,FALSE,22,98,17,0,False,False,False,False,False,False,False
1136,FALSE,29,157,23,1,False,False,False,False,False,False,False
1137,FALSE,33,147,27,0,False,False,False,False,False,False,False
1138,FALSE,27,90,17,1,False,False,False,False,False,False,False
1139,FALSE,35,154,30,0,False,False,False,False,False,False,False
1140,FALSE,26,146,24,0,False,False,False,False,False,False,False
1141,TRUE,34,193,23,0,False,False,False,False,False,False,False
1142,FALSE,21,99,17,0,False,False,False,False,False,False,False
1143,FALSE,16,72,12,0,False,False,False,False,False,False,False
1144,FALSE,15,85,14,0,False,False,False,False,False,False,False
1145,FALSE,49,207,34,0,False,False,False,False,False,False,False
1146,FALSE,20,122,18,0,False,False,False,False,False,False,False
1147,FALSE,92,355,57,3,False,False,False,False,False,False,False
1148,FALSE,243,801,116,88,True,True,False,False,False,False,False
1149,FALSE,27,102,22,2,False,False,False,False,False,False,False
1150,FALSE,30,128,24,0,False,False,False,False,False,False,False
1151,FALSE,39,168,28,2,False,False,False,False,False,False,False
1152,FALSE,37,209,34,0,False,False,False,False,False,False,False
1153,TRUE,230,703,222,0,True,True,False,False,False,False,False
1154,FALSE,34,104,11,2,False,False,False,False,False,False,False
1155,FALSE,30,125,24,0,False,False,False,False,False,False,False
1156,FALSE,16,78,12,0,False,False,False,False,False,False,False
1157,FALSE,19,87,17,0,False,False,False,False,False,False,False
1158,FALSE,21,140,20,0,False,False,False,False,False,False,False
1159,TRUE,30,131,22,0,False,False,False,False,False,False,False
1160,FALSE,28,160,24,0,False,False,False,False,False,False,False
1161,FALSE,24,119,20,2,False,False,False,False,False,False,False
1162,TRUE,31,200,25,0,False,False,False,False,False,False,False
1163,FALSE,18,97,15,0,False,False,False,False,False,False,False
1164,TRUE,32,139,26,0,False,False,False,False,False,False,False
1165,TRUE,37,183,34,0,False,False,False,False,False,False,False
1166,TRUE,27,121,18,0,False,False,False,False,False,False,False
1167,FALSE,17,94,15,0,False,False,False,False,False,False,False
1168,TRUE,38,183,29,0,False,False,False,False,False,False,False
1169,FALSE,18,97,12,0,False,False,False,False,False,False,False
1170,FALSE,20,65,12,0,False,False,False,False,False,False,False
1171,FALSE,34,193,30,0,False,False,False,False,False,False,False
1172,FALSE,21,95,19,0,False,False,False,False,False,False,False
1173,TRUE,23,86,13,0,False,False,False,False,False,False,False
1174,FALSE,36,140,24,3,False,False,False,False,False,False,False
1175,TRUE,58,183,26,0,False,False,False,False,False,False,False
1176,FALSE,31,143,24,0,False,False,False,False,False,False,False
1177,TRUE,45,190,34,1,False,False,False,False,False,False,False
1178,FALSE,33,173,29,0,False,False,False,False,False,False,False
1179,FALSE,24,86,19,1,False,False,False,False,False,False,False
1180,FALSE,29,154,27,0,False,False,False,False,False,False,False
1181,TRUE,26,155,25,0,False,False,False,False,False,False,False
1182,FALSE,16,78,12,1,False,False,False,False,False,False,False
1183,FALSE,40,275,34,0,False,False,False,False,False,False,False
1184,FALSE,27,145,25,0,False,False,False,False,False,False,False
1185,TRUE,27,146,22,0,False,False,False,False,False,False,False
1186,TRUE,41,196,32,0,False,False,False,False,False,False,False
1187,FALSE,15,75,12,0,False,False,False,False,False,False,False
1188,FALSE,36,157,27,2,False,False,False,False,False,False,False
1189,TRUE,56,246,51,0,False,False,False,False,False,False,False
1190,FALSE,36,115,21,0,False,False,False,False,False,False,False
1191,FALSE,26,128,19,0,False,False,False,False,False,False,False
1192,FALSE,37,168,30,2,False,False,False,False,False,False,False
1193,FALSE,34,177,28,0,False,False,False,False,False,False,False
1194,FALSE,29,137,25,0,False,False,False,False,False,False,False
1195,FALSE,20,79,13,0,False,False,False,False,False,False,False
1196,FALSE,19,92,14,2,False,False,False,False,False,False,False
1197,FALSE,22,120,21,0,False,False,False,False,False,False,False
1198,FALSE,26,149,23,0,False,False,False,False,False,False,False
1199,TRUE,43,259,39,0,False,False,False,False,False,False,False
1200,TRUE,46,203,39,1,False,False,False,False,False,False,False
1201,FALSE,24,83,18,1,False,False,False,False,False,False,False
1202,FALSE,40,214,32,0,False,False,False,False,False,False,False
1203,TRUE,30,144,21,0,False,False,False,False,False,False,False
1204,FALSE,41,193,33,0,False,False,False,False,False,False,False
1205,FALSE,25,145,24,0,False,False,False,False,False,False,False
1206,FALSE,17,76,14,0,False,False,False,False,False,False,False
1207,TRUE,27,120,20,0,False,False,False,False,False,False,False
1208,FALSE,29,137,25,0,False,False,False,False,False,False,False
1209,FALSE,15,96,14,0,False,False,False,False,False,False,False
1210,FALSE,36,208,30,0,False,False,False,False,False,False,False
1211,FALSE,20,96,15,0,False,False,False,False,False,False,False
1212,FALSE,37,146,27,1,False,False,False,False,False,False,False
1213,TRUE,52,246,40,0,False,False,False,False,False,False,False
1214,FALSE,57,270,46,1,False,False,False,False,False,False,False
1215,FALSE,24,51,11,5,False,False,False,False,False,False,False
1216,FALSE,46,177,26,0,False,False,False,False,False,False,False
1217,TRUE,36,188,25,0,False,False,False,False,False,False,False
1218,FALSE,22,102,17,0,False,False,False,False,False,False,False
1219,FALSE,39,244,33,0,False,False,False,False,False,False,False
1220,TRUE,176,425,96,12,True,False,False,False,False,False,False
1221,TRUE,34,196,29,0,False,False,False,False,False,False,False
1222,FALSE,28,85,16,0,False,False,False,False,False,False,False
1223,TRUE,43,156,30,0,False,False,False,False,False,False,False
1224,FALSE,19,112,15,0,False,False,False,False,False,False,False
1225,FALSE,18,89,15,0,False,False,False,False,False,False,False
1226,FALSE,37,154,26,0,False,False,False,False,False,False,False
1227,FALSE,18,103,16,0,False,False,False,False,False,False,False
1228,FALSE,32,180,27,0,False,False,False,False,False,False,False
1229,TRUE,41,132,23,7,False,False,False,False,False,False,False
1230,FALSE,32,171,25,0,False,False,False,False,False,False,False
1231,FALSE,19,99,14,0,False,False,False,False,False,False,False
1232,FALSE,46,249,34,4,False,False,False,False,False,False,False
1233,FALSE,40,172,33,0,False,False,False,False,False,False,False
1234,FALSE,36,194,29,0,False,False,False,False,False,False,False
1235,FALSE,23,120,20,0,False,False,False,False,False,False,False
1236,FALSE,17,99,13,0,False,False,False,False,False,False,False
1237,FALSE,24,99,18,0,False,False,False,False,False,False,False
1238,FALSE,23,134,19,0,False,False,False,False,False,False,False
1239,TRUE,35,140,25,0,False,False,False,False,False,False,False
1240,FALSE,22,111,20,0,False,False,False,False,False,False,False
1241,TRUE,51,251,41,0,False,False,False,False,False,False,False
1242,FALSE,19,82,17,0,False,False,False,False,False,False,False
1243,FALSE,16,48,8,0,False,False,False,False,False,False,False
1244,FALSE,24,118,22,0,False,False,False,False,False,False,False
1245,FALSE,21,121,19,0,False,False,False,False,False,False,False
1246,TRUE,38,215,32,0,False,False,False,False,False,False,False
1247,TRUE,35,196,26,0,False,False,False,False,False,False,False
1248,FALSE,43,198,30,0,False,False,False,False,False,False,False
1249,FALSE,18,72,12,0,False,False,False,False,False,False,False
1250,TRUE,48,197,39,2,False,False,False,False,False,False,False
1251,TRUE,39,179,27,1,False,False,False,False,False,False,False
1252,FALSE,22,88,18,2,False,False,False,False,False,False,False
1253,FALSE,33,167,30,0,False,False,False,False,False,False,False
1254,FALSE,18,95,14,0,False,False,False,False,False,False,False
1255,FALSE,46,199,35,2,False,False,False,False,False,False,False
1256,FALSE,38,178,31,1,False,False,False,False,False,False,False
1257,FALSE,18,108,14,0,False,False,False,False,False,False,False
1258,FALSE,23,118,17,3,False,False,False,False,False,False,False
1259,FALSE,40,187,36,0,False,False,False,False,False,False,False
1260,TRUE,44,249,40,0,False,False,False,False,False,False,False
1261,FALSE,32,140,22,1,False,False,False,False,False,False,False
1262,TRUE,230,490,201,0,True,True,False,False,False,False,False
1263,FALSE,20,96,15,0,False,False,False,False,False,False,False
1264,TRUE,31,167,20,0,False,False,False,False,False,False,False
1265,TRUE,28,148,27,0,False,False,False,False,False,False,False
1266,FALSE,27,152,23,0,False,False,False,False,False,False,False
1267,FALSE,22,133,20,1,False,False,False,False,False,False,False
1268,FALSE,19,107,16,0,False,False,False,False,False,False,False
1269,FALSE,46,226,40,0,False,False,False,False,False,False,False
1270,FALSE,29,143,25,0,False,False,False,False,False,False,False
1271,FALSE,51,251,46,1,False,False,False,False,False,False,False
1272,FALSE,34,161,24,0,False,False,False,False,False,False,False
1273,TRUE,54,221,44,2,False,False,False,False,False,False,False
1274,FALSE,26,143,21,2,False,False,False,False,False,False,False
1275,FALSE,33,146,24,1,False,False,False,False,False,False,False
1276,FALSE,35,161,31,0,False,False,False,False,False,False,False
1277,FALSE,26,118,19,1,False,False,False,False,False,False,False
1278,FALSE,42,186,29,0,False,False,False,False,False,False,False
1279,FALSE,19,89,13,0,False,False,False,False,False,False,False
1280,FALSE,19,93,15,0,False,False,False,False,False,False,False
1281,TRUE,37,165,28,0,False,False,False,False,False,False,False
1282,FALSE,40,216,34,1,False,False,False,False,False,False,False
1283,TRUE,33,122,17,0,False,False,False,False,False,False,False
1284,FALSE,24,84,16,0,False,False,False,False,False,False,False
1285,TRUE,36,142,30,0,False,False,False,False,False,False,False
1286,FALSE,21,89,13,0,False,False,False,False,False,False,False
1287,FALSE,36,201,32,0,False,False,False,False,False,False,False
1288,TRUE,40,182,34,0,False,False,False,False,False,False,False
1289,FALSE,17,71,11,0,False,False,False,False,False,False,False
1290,TRUE,34,136,23,0,False,False,False,False,False,False,False
1291,FALSE,19,96,11,1,False,False,False,False,False,False,False
1292,TRUE,29,110,17,0,False,False,False,False,False,False,False
1293,FALSE,24,123,20,0,False,False,False,False,False,False,False
1294,FALSE,16,82,10,2,False,False,False,False,False,False,False
1295,FALSE,21,89,14,0,False,False,False,False,False,False,False
1296,FALSE,24,130,21,0,False,False,False,False,False,False,False
1297,FALSE,28,135,22,0,False,False,False,False,False,False,False
1298,TRUE,28,110,20,0,False,False,False,False,False,False,False
1299,FALSE,25,57,9,3,False,False,False,False,False,False,False
1300,FALSE,31,119,20,4,False,False,False,False,False,False,False
1301,FALSE,64,252,43,0,False,False,False,False,False,False,False
1302,FALSE,42,124,27,1,False,False,False,False,False,False,False
1303,TRUE,33,142,23,0,False,False,False,False,False,False,False
1304,FALSE,36,211,34,0,False,False,False,False,False,False,False
1305,TRUE,51,224,36,1,False,False,False,False,False,False,False
1306,TRUE,41,170,27,0,False,False,False,False,False,False,False
1307,FALSE,26,103,20,0,False,False,False,False,False,False,False
1308,FALSE,23,82,16,1,False,False,False,False,False,False,False
1309,FALSE,21,90,14,0,False,False,False,False,False,False,False
1310,FALSE,23,85,14,0,False,False,False,False,False,False,False
1311,TRUE,32,161,22,0,False,False,False,False,False,False,False
1312,FALSE,15,80,13,0,False,False,False,False,False,False,False
1313,FALSE,26,129,21,0,False,False,False,False,False,False,False
1314,TRUE,11,48,7,0,False,False,False,False,False,False,False
1315,FALSE,33,175,28,0,False,False,False,False,False,False,False
1316,FALSE,47,247,36,1,False,False,False,False,False,False,False
1317,TRUE,33,169,31,0,False,False,False,False,False,False,False
1318,FALSE,29,185,28,0,False,False,False,False,False,False,False
1319,FALSE,24,122,21,0,False,False,False,False,False,False,False
1320,FALSE,26,144,22,0,False,False,False,False,False,False,False
1321,TRUE,28,124,22,0,False,False,False,False,False,False,False
1322,FALSE,31,108,17,2,False,False,False,False,False,False,False
1323,TRUE,28,143,26,0,False,False,False,False,False,False,False
1324,TRUE,32,154,21,1,False,False,False,False,False,False,False
1325,FALSE,21,87,16,0,False,False,False,False,False,False,False
1326,TRUE,61,290,52,0,False,False,False,False,False,False,False
1327,TRUE,59,321,53,0,False,False,False,False,False,False,False
1328,TRUE,27,151,22,0,False,False,False,False,False,False,False
1329,FALSE,24,122,23,0,False,False,False,False,False,False,False
1330,FALSE,16,41,12,1,False,False,False,False,False,False,False
1331,TRUE,45,244,37,0,False,False,False,False,False,False,False
1332,TRUE,30,158,22,2,False,False,False,False,False,False,False
1333,FALSE,19,92,15,0,False,False,False,False,False,False,False
1334,TRUE,55,202,36,0,False,False,False,False,False,False,False
1335,FALSE,28,120,22,0,False,False,False,False,False,False,False
1336,TRUE,40,161,29,0,False,False,False,False,False,False,False
1337,FALSE,24,133,20,0,False,False,False,False,False,False,False
1338,FALSE,41,205,34,1,False,False,False,False,False,False,False
1339,TRUE,46,206,34,1,False,False,False,False,False,False,False
1340,FALSE,20,69,13,1,False,False,False,False,False,False,False
1341,TRUE,32,176,26,3,False,False,False,False,False,False,False
1342,FALSE,17,84,15,0,False,False,False,False,False,False,False
1343,TRUE,29,121,18,0,False,False,False,False,False,False,False
1344,FALSE,34,124,18,1,False,False,False,False,False,False,False
1345,TRUE,33,135,22,0,False,False,False,False,False,False,False
1346,FALSE,20,82,15,0,False,False,False,False,False,False,False
1347,FALSE,24,146,21,0,False,False,False,False,False,False,False
1348,FALSE,23,151,19,0,False,False,False,False,False,False,False
1349,FALSE,54,306,49,0,False,False,False,False,False,False,False
1350,TRUE,31,105,19,1,False,False,False,False,False,False,False
1351,FALSE,26,112,13,1,False,False,False,False,False,False,False
1352,FALSE,26,148,18,0,False,False,False,False,False,False,False
1353,FALSE,19,98,17,0,False,False,False,False,False,False,False
1354,FALSE,23,106,20,0,False,False,False,False,False,False,False
1355,FALSE,32,168,25,0,False,False,False,False,False,False,False
1356,FALSE,18,90,16,0,False,False,False,False,False,False,False
1357,TRUE,28,150,21,0,False,False,False,False,False,False,False
1358,TRUE,48,148,16,5,False,False,False,False,False,False,False
1359,FALSE,24,122,18,1,False,False,False,False,False,False,False
1360,FALSE,56,363,51,0,False,False,False,False,False,False,False
1361,FALSE,32,138,23,0,False,False,False,False,False,False,False
1362,TRUE,33,113,13,1,False,False,False,False,False,False,False
1363,TRUE,40,182,25,1,False,False,False,False,False,False,False
1364,TRUE,49,218,41,0,False,False,False,False,False,False,False
1365,TRUE,31,127,19,0,False,False,False,False,False,False,False
1366,FALSE,29,98,17,2,False,False,False,False,False,False,False
1367,TRUE,62,183,32,1,False,False,False,False,False,False,False
1368,TRUE,36,172,28,0,False,False,False,False,False,False,False
1369,FALSE,20,85,10,0,False,False,False,False,False,False,False
1370,FALSE,26,99,20,1,False,False,False,False,False,False,False
1371,FALSE,40,189,34,0,False,False,False,False,False,False,False
1372,TRUE,26,126,20,0,False,False,False,False,False,False,False
1373,FALSE,27,141,22,0,False,False,False,False,False,False,False
1374,FALSE,18,79,15,0,False,False,False,False,False,False,False
1375,FALSE,48,182,30,3,False,False,False,False,False,False,False
1376,FALSE,27,127,23,0,False,False,False,False,False,False,False
1377,TRUE,37,179,29,0,False,False,False,False,False,False,False
1378,TRUE,38,161,22,0,False,False,False,False,False,False,False
1379,TRUE,36,153,25,0,False,False,False,False,False,False,False
1380,FALSE,20,106,19,0,False,False,False,False,False,False,False
1381,TRUE,49,238,38,0,False,False,False,False,False,False,False
1382,FALSE,18,97,15,0,False,False,False,False,False,False,False
1383,FALSE,29,136,23,0,False,False,False,False,False,False,False
1384,TRUE,104,101,21,0,False,False,False,False,False,False,False
1385,TRUE,27,153,24,0,False,False,False,False,False,False,False
1386,FALSE,32,133,27,0,False,False,False,False,False,False,False
1387,FALSE,25,126,19,0,False,False,False,False,False,False,False
1388,FALSE,17,81,14,0,False,False,False,False,False,False,False
1389,FALSE,44,213,31,4,False,False,False,False,False,False,False
1390,FALSE,31,179,26,0,False,False,False,False,False,False,False
1391,FALSE,22,123,19,0,False,False,False,False,False,False,False
1392,TRUE,28,162,23,0,False,False,False,False,False,False,False
1393,TRUE,34,142,24,0,False,False,False,False,False,False,False
1394,FALSE,20,57,3,0,False,False,False,False,False,False,False
1395,TRUE,27,166,22,0,False,False,False,False,False,False,False
1396,FALSE,23,124,15,0,False,False,False,False,False,False,False
1397,TRUE,30,144,25,0,False,False,False,False,False,False,False
1398,FALSE,21,110,18,0,False,False,False,False,False,False,False
1399,TRUE,30,134,21,0,False,False,False,False,False,False,False
1400,TRUE,47,266,41,0,False,False,False,False,False,False,False
1401,TRUE,232,468,99,0,True,True,False,False,False,False,False
1402,TRUE,48,161,35,4,False,False,False,False,False,False,False
1403,TRUE,34,171,28,0,False,False,False,False,False,False,False
1404,TRUE,30,188,25,0,False,False,False,False,False,False,False
1405,FALSE,32,164,22,0,False,False,False,False,False,False,False
1406,FALSE,37,178,34,0,False,False,False,False,False,False,False
1407,TRUE,24,97,15,0,False,False,False,False,False,False,False
1408,FALSE,46,201,40,0,False,False,False,False,False,False,False
1409,FALSE,28,137,21,0,False,False,False,False,False,False,False
1410,FALSE,24,142,23,0,False,False,False,False,False,False,False
1411,FALSE,27,121,18,0,False,False,False,False,False,False,False
1412,TRUE,45,271,37,0,False,False,False,False,False,False,False
1413,FALSE,16,110,15,0,False,False,False,False,False,False,False
1414,TRUE,16,80,12,0,False,False,False,False,False,False,False
1415,FALSE,18,81,14,0,False,False,False,False,False,False,False
1416,FALSE,23,84,12,0,False,False,False,False,False,False,False
1417,TRUE,36,183,31,0,False,False,False,False,False,False,False
1418,FALSE,41,177,36,0,False,False,False,False,False,False,False
1419,FALSE,29,141,26,0,False,False,False,False,False,False,False
1420,FALSE,17,83,15,1,False,False,False,False,False,False,False
1421,TRUE,34,105,21,4,False,False,False,False,False,False,False
1422,FALSE,19,95,18,0,False,False,False,False,False,False,False
1423,FALSE,26,101,20,1,False,False,False,False,False,False,False
1424,FALSE,23,124,20,0,False,False,False,False,False,False,False
1425,TRUE,37,128,24,2,False,False,False,False,False,False,False
1426,TRUE,41,124,17,2,False,False,False,False,False,False,False
1427,FALSE,22,84,15,4,False,False,False,False,False,False,False
1428,FALSE,21,102,17,0,False,False,False,False,False,False,False
1429,FALSE,25,154,22,0,False,False,False,False,False,False,False
1430,FALSE,28,106,20,1,False,False,False,False,False,False,False
1431,FALSE,20,85,11,0,False,False,False,False,False,False,False
1432,TRUE,42,208,30,0,False,False,False,False,False,False,False
1433,FALSE,24,94,19,1,False,False,False,False,False,False,False
1434,TRUE,37,144,26,0,False,False,False,False,False,False,False
1435,FALSE,29,130,22,0,False,False,False,False,False,False,False
1436,FALSE,32,154,30,0,False,False,False,False,False,False,False
1437,FALSE,34,168,26,1,False,False,False,False,False,False,False
1438,FALSE,26,85,10,0,False,False,False,False,False,False,False
1439,FALSE,38,157,30,0,False,False,False,False,False,False,False
1440,FALSE,25,116,17,0,False,False,False,False,False,False,False
1441,TRUE,34,79,9,0,False,False,False,False,False,False,False
1442,FALSE,24,107,20,0,False,False,False,False,False,False,False
1443,TRUE,61,307,42,1,False,False,False,False,False,False,False
1444,FALSE,23,110,20,0,False,False,False,False,False,False,False
1445,FALSE,33,154,26,0,False,False,False,False,False,False,False
1446,TRUE,37,157,31,0,False,False,False,False,False,False,False
1447,FALSE,20,84,16,0,False,False,False,False,False,False,False
1448,FALSE,25,148,20,0,False,False,False,False,False,False,False
1449,FALSE,34,145,23,1,False,False,False,False,False,False,False
1450,TRUE,28,113,15,0,False,False,False,False,False,False,False
1451,FALSE,18,88,14,0,False,False,False,False,False,False,False
1452,FALSE,36,180,27,1,False,False,False,False,False,False,False
1453,FALSE,25,113,21,0,False,False,False,False,False,False,False
1454,FALSE,36,143,23,2,False,False,False,False,False,False,False
1455,FALSE,21,76,14,0,False,False,False,False,False,False,False
1456,TRUE,28,177,25,0,False,False,False,False,False,False,False
1457,FALSE,31,170,28,0,False,False,False,False,False,False,False
1458,FALSE,27,112,12,2,False,False,False,False,False,False,False
1459,FALSE,26,99,20,1,False,False,False,False,False,False,False
1460,FALSE,25,121,21,1,False,False,False,False,False,False,False
1461,FALSE,40,218,34,0,False,False,False,False,False,False,False
1462,FALSE,20,91,17,0,False,False,False,False,False,False,False
1463,FALSE,21,99,15,0,False,False,False,False,False,False,False
1464,TRUE,45,210,39,1,False,False,False,False,False,False,False
1465,FALSE,21,119,20,0,False,False,False,False,False,False,False
1466,FALSE,27,133,20,0,False,False,False,False,False,False,False
1467,FALSE,29,147,26,0,False,False,False,False,False,False,False
1468,FALSE,38,190,30,0,False,False,False,False,False,False,False
1469,FALSE,28,138,23,1,False,False,False,False,False,False,False
1470,FALSE,35,173,29,0,False,False,False,False,False,False,False
1471,TRUE,30,105,18,0,False,False,False,False,False,False,False
1472,TRUE,34,174,29,0,False,False,False,False,False,False,False
1473,FALSE,16,82,13,0,False,False,False,False,False,False,False
1474,FALSE,34,164,28,0,False,False,False,False,False,False,False
1475,TRUE,42,216,30,0,False,False,False,False,False,False,False
1476,FALSE,21,96,15,1,False,False,False,False,False,False,False
1477,FALSE,25,106,20,0,False,False,False,False,False,False,False
1478,FALSE,54,321,42,0,False,False,False,False,False,False,False
1479,FALSE,18,118,17,0,False,False,False,False,False,False,False
1480,TRUE,39,197,32,0,False,False,False,False,False,False,False
1481,FALSE,28,117,22,0,False,False,False,False,False,False,False
1482,FALSE,23,120,21,0,False,False,False,False,False,False,False
1483,TRUE,31,113,22,0,False,False,False,False,False,False,False
1484,FALSE,49,213,36,2,False,False,False,False,False,False,False
1485,FALSE,26,153,23,1,False,False,False,False,False,False,False
1486,FALSE,23,121,17,0,False,False,False,False,False,False,False
1487,FALSE,41,225,34,0,False,False,False,False,False,False,False
1488,FALSE,47,283,43,0,False,False,False,False,False,False,False
1489,FALSE,28,141,24,0,False,False,False,False,False,False,False
1490,FALSE,35,145,25,2,False,False,False,False,False,False,False
1491,FALSE,26,174,23,0,False,False,False,False,False,False,False
1492,FALSE,35,146,29,0,False,False,False,False,False,False,False
1493,TRUE,37,187,31,0,False,False,False,False,False,False,False
1494,FALSE,35,164,31,1,False,False,False,False,False,False,False
1495,TRUE,33,145,25,0,False,False,False,False,False,False,False
1496,FALSE,33,111,25,2,False,False,False,False,False,False,False
1497,FALSE,21,106,19,0,False,False,False,False,False,False,False
1498,FALSE,35,183,32,0,False,False,False,False,False,False,False
1499,FALSE,49,226,41,0,False,False,False,False,False,False,False
1500,TRUE,39,189,34,0,False,False,False,False,False,False,False
1501,FALSE,41,222,30,2,False,False,False,False,False,False,False
1502,FALSE,28,130,22,0,False,False,False,False,False,False,False
1503,FALSE,33,169,29,0,False,False,False,False,False,False,False
1504,FALSE,26,104,19,2,False,False,False,False,False,False,False
1505,TRUE,35,161,24,4,False,False,False,False,False,False,False
1506,TRUE,38,174,26,0,False,False,False,False,False,False,False
1507,TRUE,37,196,31,0,False,False,False,False,False,False,False
1508,FALSE,48,245,40,0,False,False,False,False,False,False,False
1509,FALSE,16,79,13,0,False,False,False,False,False,False,False
1510,FALSE,24,141,21,0,False,False,False,False,False,False,False
1511,FALSE,31,146,26,0,False,False,False,False,False,False,False
1512,FALSE,15,68,14,0,False,False,False,False,False,False,False
1513,FALSE,30,105,19,2,False,False,False,False,False,False,False
1514,TRUE,25,142,19,0,False,False,False,False,False,False,False
1515,FALSE,25,101,20,0,False,False,False,False,False,False,False
1516,FALSE,35,173,32,0,False,False,False,False,False,False,False
1517,FALSE,19,117,17,0,False,False,False,False,False,False,False
1518,TRUE,49,168,30,0,False,False,False,False,False,False,False
1519,FALSE,31,150,22,0,False,False,False,False,False,False,False
1520,FALSE,32,153,29,0,False,False,False,False,False,False,False
1521,FALSE,19,108,16,0,False,False,False,False,False,False,False
1522,FALSE,15,66,12,0,False,False,False,False,False,False,False
1523,FALSE,26,149,23,0,False,False,False,False,False,False,False
1524,TRUE,28,129,19,0,False,False,False,False,False,False,False
1525,TRUE,40,165,28,0,False,False,False,False,False,False,False
1526,TRUE,37,274,35,0,False,False,False,False,False,False,False
1527,TRUE,31,169,28,1,False,False,False,False,False,False,False
1528,TRUE,34,94,19,4,False,False,False,False,False,False,False
1529,TRUE,54,242,36,0,False,False,False,False,False,False,False
1530,TRUE,42,191,29,0,False,False,False,False,False,False,False
1531,FALSE,48,209,36,0,False,False,False,False,False,False,False
1532,FALSE,64,186,35,2,False,False,False,False,False,False,False
1533,FALSE,30,162,24,0,False,False,False,False,False,False,False
1534,FALSE,19,124,15,0,False,False,False,False,False,False,False
1535,FALSE,31,131,23,2,False,False,False,False,False,False,False
1536,TRUE,36,195,32,0,False,False,False,False,False,False,False
1537,FALSE,24,119,22,0,False,False,False,False,False,False,False
1538,FALSE,38,175,33,0,False,False,False,False,False,False,False
1539,TRUE,31,121,22,2,False,False,False,False,False,False,False
1540,FALSE,19,69,11,0,False,False,False,False,False,False,False
1541,FALSE,22,91,16,0,False,False,False,False,False,False,False
1542,FALSE,30,102,12,2,False,False,False,False,False,False,False
1543,FALSE,14,63,12,0,False,False,False,False,False,False,False
1544,TRUE,28,158,24,0,False,False,False,False,False,False,False
1545,FALSE,28,169,23,2,False,False,False,False,False,False,False
1546,FALSE,15,61,11,0,False,False,False,False,False,False,False
1547,TRUE,56,299,49,0,False,False,False,False,False,False,False
1548,TRUE,27,104,19,1,False,False,False,False,False,False,False
1549,FALSE,22,116,19,0,False,False,False,False,False,False,False
1550,FALSE,19,71,16,1,False,False,False,False,False,False,False
1551,TRUE,45,235,39,1,False,False,False,False,False,False,False
1552,FALSE,20,104,18,0,False,False,False,False,False,False,False
1553,FALSE,19,98,15,0,False,False,False,False,False,False,False
1554,FALSE,20,107,15,0,False,False,False,False,False,False,False
1555,TRUE,31,180,27,0,False,False,False,False,False,False,False
1556,FALSE,29,163,27,0,False,False,False,False,False,False,False
1557,FALSE,40,206,34,1,False,False,False,False,False,False,False
1558,FALSE,27,140,21,0,False,False,False,False,False,False,False
1559,TRUE,33,134,20,0,False,False,False,False,False,False,False
1560,FALSE,20,104,18,0,False,False,False,False,False,False,False
1561,FALSE,24,111,17,0,False,False,False,False,False,False,False
1562,FALSE,26,109,20,0,False,False,False,False,False,False,False
1563,FALSE,29,155,26,0,False,False,False,False,False,False,False
1564,FALSE,19,85,14,1,False,False,False,False,False,False,False
1565,FALSE,21,83,13,2,False,False,False,False,False,False,False
1566,TRUE,26,96,16,0,False,False,False,False,False,False,False
1567,FALSE,31,110,24,1,False,False,False,False,False,False,False
1568,TRUE,37,182,30,0,False,False,False,False,False,False,False
1569,TRUE,32,116,21,5,False,False,False,False,False,False,False
1570,FALSE,23,124,20,0,False,False,False,False,False,False,False
1571,FALSE,18,83,11,0,False,False,False,False,False,False,False
1572,TRUE,32,140,24,0,False,False,False,False,False,False,False
1573,FALSE,35,153,28,0,False,False,False,False,False,False,False
1574,FALSE,26,137,23,0,False,False,False,False,False,False,False
1575,FALSE,24,127,20,0,False,False,False,False,False,False,False
1576,TRUE,28,129,18,0,False,False,False,False,False,False,False
1577,FALSE,21,142,20,0,False,False,False,False,False,False,False
1578,FALSE,23,129,20,0,False,False,False,False,False,False,False
1579,TRUE,24,104,18,0,False,False,False,False,False,False,False
1580,FALSE,25,142,23,0,False,False,False,False,False,False,False
1581,TRUE,30,146,24,0,False,False,False,False,False,False,False
1582,FALSE,28,150,22,0,False,False,False,False,False,False,False
1583,FALSE,20,93,16,0,False,False,False,False,False,False,False
1584,FALSE,25,111,20,0,False,False,False,False,False,False,False
1585,FALSE,20,82,15,0,False,False,False,False,False,False,False
1586,FALSE,29,157,26,0,False,False,False,False,False,False,False
1587,FALSE,26,143,23,1,False,False,False,False,False,False,False
1588,FALSE,13,92,12,0,False,False,False,False,False,False,False
1589,FALSE,28,130,24,0,False,False,False,False,False,False,False
1590,FALSE,18,74,13,0,False,False,False,False,False,False,False
1591,FALSE,18,103,17,0,False,False,False,False,False,False,False
1592,TRUE,10,39,6,0,False,False,False,False,False,False,False
1593,FALSE,23,122,21,0,False,False,False,False,False,False,False
1594,FALSE,22,112,19,0,False,False,False,False,False,False,False
1595,FALSE,30,141,25,0,False,False,False,False,False,False,False
1596,FALSE,44,187,32,0,False,False,False,False,False,False,False
1597,FALSE,22,105,20,0,False,False,False,False,False,False,False
1598,FALSE,38,196,23,0,False,False,False,False,False,False,False
1599,FALSE,21,120,19,0,False,False,False,False,False,False,False
1600,FALSE,31,123,23,1,False,False,False,False,False,False,False
1601,TRUE,45,226,35,0,False,False,False,False,False,False,False
1602,TRUE,45,222,33,0,False,False,False,False,False,False,False
1603,FALSE,26,73,12,6,False,False,False,False,False,False,False
1604,FALSE,31,136,21,1,False,False,False,False,False,False,False
1605,FALSE,21,94,16,0,False,False,False,False,False,False,False
1606,FALSE,44,245,35,0,False,False,False,False,False,False,False
1607,FALSE,28,141,20,0,False,False,False,False,False,False,False
1608,FALSE,34,150,27,0,False,False,False,False,False,False,False
1609,TRUE,34,165,31,0,False,False,False,False,False,False,False
1610,FALSE,15,64,9,0,False,False,False,False,False,False,False
1611,FALSE,35,155,26,0,False,False,False,False,False,False,False
1612,TRUE,52,304,44,0,False,False,False,False,False,False,False
1613,TRUE,49,294,41,0,False,False,False,False,False,False,False
1614,TRUE,37,92,3,0,False,False,False,False,False,False,False
1615,FALSE,32,168,28,0,False,False,False,False,False,False,False
1616,FALSE,19,96,13,0,False,False,False,False,False,False,False
1617,FALSE,24,135,22,0,False,False,False,False,False,False,False
1618,TRUE,30,153,22,0,False,False,False,False,False,False,False
1619,FALSE,16,69,14,0,False,False,False,False,False,False,False
1620,TRUE,31,136,25,0,False,False,False,False,False,False,False
1621,TRUE,74,286,43,11,False,False,False,False,False,False,False
1622,FALSE,20,115,17,0,False,False,False,False,False,False,False
1623,TRUE,35,173,27,1,False,False,False,False,False,False,False
1624,FALSE,34,147,25,0,False,False,False,False,False,False,False
1625,FALSE,20,71,12,0,False,False,False,False,False,False,False
1626,FALSE,34,178,31,0,False,False,False,False,False,False,False
1627,FALSE,21,97,19,0,False,False,False,False,False,False,False
1628,FALSE,22,134,20,0,False,False,False,False,False,False,False
1629,FALSE,17,111,16,0,False,False,False,False,False,False,False
1630,TRUE,26,140,21,0,False,False,False,False,False,False,False
1631,FALSE,23,112,15,0,False,False,False,False,False,False,False
1632,FALSE,27,104,22,0,False,False,False,False,False,False,False
1633,TRUE,37,205,33,0,False,False,False,False,False,False,False
1634,FALSE,39,137,27,2,False,False,False,False,False,False,False
1635,FALSE,36,151,30,0,False,False,False,False,False,False,False
1636,FALSE,28,147,25,0,False,False,False,False,False,False,False
1637,FALSE,30,158,25,0,False,False,False,False,False,False,False
1638,FALSE,17,98,16,0,False,False,False,False,False,False,False
1639,FALSE,25,173,22,0,False,False,False,False,False,False,False
1640,FALSE,25,132,20,1,False,False,False,False,False,False,False
1641,FALSE,27,148,23,0,False,False,False,False,False,False,False
1642,TRUE,30,166,27,0,False,False,False,False,False,False,False
1643,FALSE,46,201,31,1,False,False,False,False,False,False,False
1644,FALSE,15,69,13,0,False,False,False,False,False,False,False
1645,FALSE,28,123,21,0,False,False,False,False,False,False,False
1646,FALSE,30,158,25,1,False,False,False,False,False,False,False
1647,FALSE,25,145,24,0,False,False,False,False,False,False,False
1648,FALSE,32,138,26,0,False,False,False,False,False,False,False
1649,FALSE,20,81,18,0,False,False,False,False,False,False,False
1650,TRUE,49,245,41,0,False,False,False,False,False,False,False
1651,FALSE,19,103,17,0,False,False,False,False,False,False,False
1652,FALSE,25,83,15,1,False,False,False,False,False,False,False
1653,FALSE,18,104,15,0,False,False,False,False,False,False,False
1654,FALSE,21,117,19,0,False,False,False,False,False,False,False
1655,FALSE,23,98,18,0,False,False,False,False,False,False,False
1656,FALSE,27,125,24,1,False,False,False,False,False,False,False
1657,FALSE,19,78,14,0,False,False,False,False,False,False,False
1658,FALSE,38,202,30,0,False,False,False,False,False,False,False
1659,TRUE,38,193,33,2,False,False,False,False,False,False,False
1660,FALSE,49,252,41,1,False,False,False,False,False,False,False
1661,FALSE,16,78,14,0,False,False,False,False,False,False,False
1662,FALSE,22,105,21,0,False,False,False,False,False,False,False
1663,FALSE,17,98,16,0,False,False,False,False,False,False,False
1664,FALSE,27,120,19,2,False,False,False,False,False,False,False
1665,FALSE,19,100,14,0,False,False,False,False,False,False,False
1666,TRUE,30,185,27,0,False,False,False,False,False,False,False
1667,FALSE,37,149,25,0,False,False,False,False,False,False,False
1668,FALSE,25,119,22,0,False,False,False,False,False,False,False
1669,FALSE,36,129,25,5,False,False,False,False,False,False,False
1670,TRUE,54,235,36,3,False,False,False,False,False,False,False
1671,TRUE,35,154,29,0,False,False,False,False,False,False,False
1672,FALSE,23,105,18,0,False,False,False,False,False,False,False
1673,FALSE,15,75,12,0,False,False,False,False,False,False,False
1674,TRUE,34,92,16,1,False,False,False,False,False,False,False
1675,FALSE,28,145,22,0,False,False,False,False,False,False,False
1676,FALSE,31,185,29,0,False,False,False,False,False,False,False
1677,FALSE,18,101,15,0,False,False,False,False,False,False,False
1678,FALSE,36,127,28,1,False,False,False,False,False,False,False
1679,FALSE,23,114,14,0,False,False,False,False,False,False,False
1680,FALSE,29,110,22,0,False,False,False,False,False,False,False
1681,FALSE,14,68,13,0,False,False,False,False,False,False,False
1682,FALSE,28,125,22,0,False,False,False,False,False,False,False
1683,FALSE,42,215,31,1,False,False,False,False,False,False,False
1684,TRUE,48,274,36,0,False,False,False,False,False,False,False
1685,FALSE,51,275,41,0,False,False,False,False,False,False,False
1686,FALSE,23,93,18,0,False,False,False,False,False,False,False
1687,TRUE,49,258,38,0,False,False,False,False,False,False,False
1688,FALSE,41,163,30,1,False,False,False,False,False,False,False
1689,TRUE,33,149,23,1,False,False,False,False,False,False,False
1690,TRUE,43,128,12,1,False,False,False,False,False,False,False
1691,FALSE,26,110,22,0,False,False,False,False,False,False,False
1692,FALSE,24,106,18,0,False,False,False,False,False,False,False
1693,TRUE,40,184,29,0,False,False,False,False,False,False,False
1694,FALSE,21,96,15,0,False,False,False,False,False,False,False
1695,FALSE,19,112,18,0,False,False,False,False,False,False,False
1696,FALSE,22,91,13,4,False,False,False,False,False,False,False
1697,FALSE,119,301,112,0,False,False,False,False,False,False,False
1698,FALSE,17,88,14,0,False,False,False,False,False,False,False
1699,TRUE,31,177,26,0,False,False,False,False,False,False,False
1700,FALSE,44,267,40,0,False,False,False,False,False,False,False
1701,FALSE,27,153,25,0,False,False,False,False,False,False,False
1702,TRUE,31,83,6,0,False,False,False,False,False,False,False
1703,FALSE,36,170,33,0,False,False,False,False,False,False,False
1704,FALSE,69,260,48,1,False,False,False,False,False,False,False
1705,TRUE,30,149,25,0,False,False,False,False,False,False,False
1706,FALSE,16,70,11,0,False,False,False,False,False,False,False
1707,TRUE,42,202,31,0,False,False,False,False,False,False,False
1708,FALSE,33,145,26,0,False,False,False,False,False,False,False
1709,FALSE,31,136,23,1,False,False,False,False,False,False,False
1710,FALSE,21,73,12,1,False,False,False,False,False,False,False
1711,FALSE,41,204,37,0,False,False,False,False,False,False,False
1712,FALSE,18,102,17,0,False,False,False,False,False,False,False
1713,FALSE,33,133,25,1,False,False,False,False,False,False,False
1714,TRUE,36,123,21,1,False,False,False,False,False,False,False
1715,FALSE,21,107,19,0,False,False,False,False,False,False,False
1716,FALSE,33,154,28,0,False,False,False,False,False,False,False
1717,TRUE,34,123,21,0,False,False,False,False,False,False,False
1718,FALSE,22,108,16,0,False,False,False,False,False,False,False
1719,FALSE,31,137,28,0,False,False,False,False,False,False,False
1720,FALSE,23,126,18,0,False,False,False,False,False,False,False
1721,FALSE,21,128,19,0,False,False,False,False,False,False,False
1722,FALSE,18,132,16,0,False,False,False,False,False,False,False
1723,TRUE,33,209,32,0,False,False,False,False,False,False,False
1724,TRUE,37,198,29,0,False,False,False,False,False,False,False
1725,FALSE,19,96,16,0,False,False,False,False,False,False,False
1726,FALSE,39,198,33,0,False,False,False,False,False,False,False
1727,FALSE,19,100,17,0,False,False,False,False,False,False,False
1728,FALSE,19,88,15,0,False,False,False,False,False,False,False
1729,TRUE,12,49,8,0,False,False,False,False,False,False,False
1730,TRUE,49,81,7,3,False,False,False,False,False,False,False
1731,FALSE,20,98,18,0,False,False,False,False,False,False,False
1732,TRUE,33,148,27,1,False,False,False,False,False,False,False
1733,FALSE,24,100,19,0,False,False,False,False,False,False,False
1734,TRUE,40,162,31,0,False,False,False,False,False,False,False
1735,TRUE,39,191,32,1,False,False,False,False,False,False,False
1736,FALSE,40,181,34,0,False,False,False,False,False,False,False
1737,TRUE,46,179,35,2,False,False,False,False,False,False,False
1738,TRUE,28,127,19,2,False,False,False,False,False,False,False
1739,FALSE,32,189,23,0,False,False,False,False,False,False,False
1740,FALSE,25,109,22,1,False,False,False,False,False,False,False
1741,FALSE,26,137,21,0,False,False,False,False,False,False,False
1742,FALSE,26,129,22,0,False,False,False,False,False,False,False
1743,TRUE,31,123,22,1,False,False,False,False,False,False,False
1744,FALSE,29,110,20,1,False,False,False,False,False,False,False
1745,TRUE,53,272,33,2,False,False,False,False,False,False,False
1746,FALSE,16,90,14,0,False,False,False,False,False,False,False
1747,FALSE,37,192,26,0,False,False,False,False,False,False,False
1748,TRUE,39,205,36,0,False,False,False,False,False,False,False
1749,FALSE,23,113,16,0,False,False,False,False,False,False,False
1750,FALSE,26,113,19,0,False,False,False,False,False,False,False
1751,FALSE,23,123,20,0,False,False,False,False,False,False,False
1752,FALSE,16,76,15,0,False,False,False,False,False,False,False
1753,FALSE,31,165,24,0,False,False,False,False,False,False,False
1754,FALSE,30,131,20,0,False,False,False,False,False,False,False
1755,FALSE,18,117,16,0,False,False,False,False,False,False,False
1756,TRUE,52,188,32,0,False,False,False,False,False,False,False
1757,FALSE,15,72,12,0,False,False,False,False,False,False,False
1758,FALSE,23,131,22,0,False,False,False,False,False,False,False
1759,TRUE,55,274,45,0,False,False,False,False,False,False,False
1760,TRUE,26,92,16,0,False,False,False,False,False,False,False
1761,TRUE,65,297,53,1,False,False,False,False,False,False,False
1762,TRUE,60,231,38,7,False,False,False,False,False,False,False
1763,TRUE,37,146,24,1,False,False,False,False,False,False,False
1764,TRUE,33,160,22,0,False,False,False,False,False,False,False
1765,FALSE,21,122,19,0,False,False,False,False,False,False,False
1766,TRUE,39,199,33,0,False,False,False,False,False,False,False
1767,TRUE,32,185,28,0,False,False,False,False,False,False,False
1768,FALSE,31,144,21,0,False,False,False,False,False,False,False
1769,TRUE,56,260,38,0,False,False,False,False,False,False,False
1770,FALSE,14,52,9,0,False,False,False,False,False,False,False
1771,FALSE,27,139,23,0,False,False,False,False,False,False,False
1772,FALSE,35,109,18,1,False,False,False,False,False,False,False
1773,FALSE,20,124,15,0,False,False,False,False,False,False,False
1774,FALSE,32,166,29,0,False,False,False,False,False,False,False
1775,FALSE,33,148,28,0,False,False,False,False,False,False,False
1776,TRUE,32,198,30,0,False,False,False,False,False,False,False
1777,FALSE,26,103,13,0,False,False,False,False,False,False,False
1778,TRUE,46,203,36,1,False,False,False,False,False,False,False
1779,FALSE,35,210,30,1,False,False,False,False,False,False,False
1780,FALSE,47,236,44,0,False,False,False,False,False,False,False
1781,FALSE,31,145,25,0,False,False,False,False,False,False,False
1782,FALSE,20,114,17,0,False,False,False,False,False,False,False
1783,FALSE,24,116,19,0,False,False,False,False,False,False,False
1784,FALSE,17,94,15,0,False,False,False,False,False,False,False
1785,FALSE,21,100,14,0,False,False,False,False,False,False,False
1786,FALSE,30,95,15,0,False,False,False,False,False,False,False
1787,TRUE,28,148,21,0,False,False,False,False,False,False,False
1788,TRUE,33,167,25,0,False,False,False,False,False,False,False
1789,FALSE,18,95,17,0,False,False,False,False,False,False,False
1790,TRUE,41,183,25,1,False,False,False,False,False,False,False
1791,TRUE,29,145,22,0,False,False,False,False,False,False,False
1792,FALSE,24,113,21,0,False,False,False,False,False,False,False
1793,TRUE,32,148,26,1,False,False,False,False,False,False,False
1794,FALSE,47,230,37,0,False,False,False,False,False,False,False
1795,FALSE,35,189,33,0,False,False,False,False,False,False,False
1796,FALSE,22,119,21,0,False,False,False,False,False,False,False
1797,TRUE,30,139,25,1,False,False,False,False,False,False,False
1798,FALSE,20,94,19,0,False,False,False,False,False,False,False
1799,FALSE,22,110,21,0,False,False,False,False,False,False,False
1800,FALSE,23,112,16,0,False,False,False,False,False,False,False
1801,TRUE,38,184,31,0,False,False,False,False,False,False,False
1802,FALSE,19,78,14,0,False,False,False,False,False,False,False
1803,FALSE,27,152,25,0,False,False,False,False,False,False,False
1804,FALSE,53,216,39,0,False,False,False,False,False,False,False
1805,FALSE,31,131,26,0,False,False,False,False,False,False,False
1806,FALSE,35,167,25,1,False,False,False,False,False,False,False
1807,FALSE,33,150,26,0,False,False,False,False,False,False,False
1808,FALSE,31,154,24,0,False,False,False,False,False,False,False
1809,FALSE,32,79,14,0,False,False,False,False,False,False,False
1810,TRUE,52,247,40,0,False,False,False,False,False,False,False
1811,FALSE,34,154,25,1,False,False,False,False,False,False,False
1812,FALSE,27,156,26,0,False,False,False,False,False,False,False
1813,FALSE,19,104,16,0,False,False,False,False,False,False,False
1814,FALSE,19,81,15,0,False,False,False,False,False,False,False
1815,FALSE,22,113,19,0,False,False,False,False,False,False,False
1816,FALSE,41,234,40,0,False,False,False,False,False,False,False
1817,FALSE,38,203,34,0,False,False,False,False,False,False,False
1818,TRUE,67,285,50,0,False,False,False,False,False,False,False
1819,FALSE,27,154,23,0,False,False,False,False,False,False,False
1820,FALSE,20,72,12,0,False,False,False,False,False,False,False
1821,FALSE,16,78,11,0,False,False,False,False,False,False,False
1822,TRUE,221,701,129,14,True,True,False,False,False,False,False
1823,FALSE,33,168,29,0,False,False,False,False,False,False,False
1824,TRUE,42,265,35,0,False,False,False,False,False,False,False
1825,TRUE,70,400,61,1,False,False,False,False,False,False,False
1826,FALSE,31,124,21,0,False,False,False,False,False,False,False
1827,FALSE,41,192,35,0,False,False,False,False,False,False,False
1828,TRUE,39,147,24,0,False,False,False,False,False,False,False
1829,FALSE,23,85,16,1,False,False,False,False,False,False,False
1830,TRUE,31,177,27,0,False,False,False,False,False,False,False
1831,FALSE,33,176,29,0,False,False,False,False,False,False,False
1832,FALSE,19,81,17,0,False,False,False,False,False,False,False
1833,FALSE,19,97,17,0,False,False,False,False,False,False,False
1834,FALSE,19,116,15,0,False,False,False,False,False,False,False
1835,FALSE,22,101,16,0,False,False,False,False,False,False,False
1836,FALSE,33,133,27,3,False,False,False,False,False,False,False
1837,FALSE,48,181,32,0,False,False,False,False,False,False,False
1838,FALSE,20,111,16,0,False,False,False,False,False,False,False
1839,TRUE,37,133,25,2,False,False,False,False,False,False,False
1840,FALSE,35,214,30,0,False,False,False,False,False,False,False
1841,FALSE,22,98,20,0,False,False,False,False,False,False,False
1842,FALSE,22,91,16,0,False,False,False,False,False,False,False
1843,FALSE,19,80,11,0,False,False,False,False,False,False,False
1844,FALSE,30,148,27,0,False,False,False,False,False,False,False
1845,FALSE,19,73,8,1,False,False,False,False,False,False,False
1846,FALSE,29,110,17,1,False,False,False,False,False,False,False
1847,FALSE,21,103,17,0,False,False,False,False,False,False,False
1848,TRUE,43,228,37,0,False,False,False,False,False,False,False
1849,FALSE,28,109,20,1,False,False,False,False,False,False,False
1850,TRUE,31,127,25,0,False,False,False,False,False,False,False
1851,FALSE,19,61,14,2,False,False,False,False,False,False,False
1852,FALSE,26,133,24,0,False,False,False,False,False,False,False
1853,FALSE,25,149,24,0,False,False,False,False,False,False,False
1854,TRUE,48,188,35,4,False,False,False,False,False,False,False
1855,TRUE,48,234,38,0,False,False,False,False,False,False,False
1856,FALSE,25,141,20,0,False,False,False,False,False,False,False
1857,FALSE,19,82,13,0,False,False,False,False,False,False,False
1858,FALSE,18,65,13,0,False,False,False,False,False,False,False
1859,FALSE,24,112,21,1,False,False,False,False,False,False,False
1860,FALSE,23,112,20,0,False,False,False,False,False,False,False
1861,FALSE,35,130,29,0,False,False,False,False,False,False,False
1862,TRUE,34,222,30,0,False,False,False,False,False,False,False
1863,TRUE,52,203,33,2,False,False,False,False,False,False,False
1864,TRUE,35,145,23,0,False,False,False,False,False,False,False
1865,FALSE,22,119,20,0,False,False,False,False,False,False,False
1866,FALSE,31,124,23,0,False,False,False,False,False,False,False
1867,FALSE,21,62,11,0,False,False,False,False,False,False,False
1868,FALSE,25,95,17,2,False,False,False,False,False,False,False
1869,TRUE,28,121,19,1,False,False,False,False,False,False,False
1870,TRUE,35,175,24,0,False,False,False,False,False,False,False
1871,FALSE,28,149,25,0,False,False,False,False,False,False,False
1872,FALSE,42,204,32,2,False,False,False,False,False,False,False
1873,TRUE,30,139,24,0,False,False,False,False,False,False,False
1874,FALSE,19,115,17,0,False,False,False,False,False,False,False
1875,FALSE,24,142,21,0,False,False,False,False,False,False,False
1876,FALSE,18,93,17,0,False,False,False,False,False,False,False
1877,FALSE,31,143,24,0,False,False,False,False,False,False,False
1878,TRUE,46,258,37,0,False,False,False,False,False,False,False
1879,FALSE,33,156,29,0,False,False,False,False,False,False,False
1880,FALSE,213,354,95,0,True,True,False,False,False,False,False
1881,FALSE,48,176,33,0,False,False,False,False,False,False,False
1882,TRUE,32,190,29,0,False,False,False,False,False,False,False
1883,FALSE,27,124,21,0,False,False,False,False,False,False,False
1884,TRUE,33,220,29,0,False,False,False,False,False,False,False
1885,FALSE,24,121,22,0,False,False,False,False,False,False,False
1886,TRUE,230,1135,194,1,True,True,False,False,False,False,False
1887,FALSE,31,173,28,0,False,False,False,False,False,False,False
1888,TRUE,47,207,36,0,False,False,False,False,False,False,False
1889,FALSE,23,88,18,0,False,False,False,False,False,False,False
1890,FALSE,27,146,24,0,False,False,False,False,False,False,False
1891,FALSE,61,244,42,3,False,False,False,False,False,False,False
1892,FALSE,36,146,26,0,False,False,False,False,False,False,False
1893,FALSE,26,105,14,1,False,False,False,False,False,False,False
1894,FALSE,27,147,25,0,False,False,False,False,False,False,False
1895,FALSE,23,99,21,0,False,False,False,False,False,False,False
1896,FALSE,39,213,33,0,False,False,False,False,False,False,False
1897,FALSE,25,115,18,0,False,False,False,False,False,False,False
1898,FALSE,28,116,23,1,False,False,False,False,False,False,False
1899,FALSE,30,131,19,2,False,False,False,False,False,False,False
1900,FALSE,19,97,16,0,False,False,False,False,False,False,False
1901,TRUE,45,205,34,4,False,False,False,False,False,False,False
1902,TRUE,31,148,25,0,False,False,False,False,False,False,False
1903,TRUE,41,157,29,2,False,False,False,False,False,False,False
1904,FALSE,17,104,16,0,False,False,False,False,False,False,False
1905,FALSE,16,69,8,1,False,False,False,False,False,False,False
1906,TRUE,266,740,93,0,True,True,True,False,False,False,False
1907,FALSE,46,214,31,1,False,False,False,False,False,False,False
1908,FALSE,24,112,19,0,False,False,False,False,False,False,False
1909,FALSE,24,107,19,0,False,False,False,False,False,False,False
1910,FALSE,15,69,11,0,False,False,False,False,False,False,False
1911,FALSE,19,79,14,1,False,False,False,False,False,False,False
1912,TRUE,50,152,20,5,False,False,False,False,False,False,False
1913,FALSE,27,111,22,0,False,False,False,False,False,False,False
1914,FALSE,36,160,27,0,False,False,False,False,False,False,False
1915,FALSE,26,142,22,0,False,False,False,False,False,False,False
1916,FALSE,28,124,23,0,False,False,False,False,False,False,False
1917,FALSE,29,108,20,0,False,False,False,False,False,False,False
1918,FALSE,164,533,50,0,True,False,False,False,False,False,False
1919,FALSE,26,164,25,0,False,False,False,False,False,False,False
1920,FALSE,30,139,22,0,False,False,False,False,False,False,False
1921,FALSE,23,147,21,0,False,False,False,False,False,False,False
1922,FALSE,26,135,23,0,False,False,False,False,False,False,False
1923,FALSE,24,119,17,0,False,False,False,False,False,False,False
1924,FALSE,22,52,10,3,False,False,False,False,False,False,False
1925,TRUE,37,167,32,0,False,False,False,False,False,False,False
1926,FALSE,27,123,21,2,False,False,False,False,False,False,False
1927,FALSE,32,206,29,0,False,False,False,False,False,False,False
1928,TRUE,130,278,111,0,True,False,False,False,False,False,False
1929,TRUE,32,175,27,0,False,False,False,False,False,False,False
1930,TRUE,29,141,22,0,False,False,False,False,False,False,False
1931,FALSE,41,185,35,0,False,False,False,False,False,False,False
1932,FALSE,34,182,22,0,False,False,False,False,False,False,False
1933,TRUE,48,223,38,0,False,False,False,False,False,False,False
1934,FALSE,22,92,18,0,False,False,False,False,False,False,False
1935,FALSE,28,72,12,4,False,False,False,False,False,False,False
1936,TRUE,35,176,25,0,False,False,False,False,False,False,False
1937,FALSE,24,108,21,0,False,False,False,False,False,False,False
1938,TRUE,55,221,40,0,False,False,False,False,False,False,False
1939,TRUE,40,242,37,1,False,False,False,False,False,False,False
1940,FALSE,19,102,17,0,False,False,False,False,False,False,False
1941,FALSE,216,885,195,19,True,True,False,False,False,False,False
1942,FALSE,18,86,12,0,False,False,False,False,False,False,False
1943,FALSE,18,113,15,0,False,False,False,False,False,False,False
1944,FALSE,74,186,29,1,False,False,False,False,False,False,False
1945,TRUE,31,150,27,0,False,False,False,False,False,False,False
1946,FALSE,27,148,25,0,False,False,False,False,False,False,False
1947,TRUE,39,222,36,0,False,False,False,False,False,False,False
1948,TRUE,34,175,29,0,False,False,False,False,False,False,False
1949,TRUE,31,166,25,0,False,False,False,False,False,False,False
1950,FALSE,28,85,16,0,False,False,False,False,False,False,False
1951,FALSE,44,205,36,0,False,False,False,False,False,False,False
1952,FALSE,21,122,19,0,False,False,False,False,False,False,False
1953,TRUE,29,141,20,0,False,False,False,False,False,False,False
1954,FALSE,22,138,21,0,False,False,False,False,False,False,False
1955,FALSE,31,132,20,0,False,False,False,False,False,False,False
1956,TRUE,74,336,49,1,False,False,False,False,False,False,False
1957,FALSE,35,192,31,0,False,False,False,False,False,False,False
1958,FALSE,27,133,26,0,False,False,False,False,False,False,False
1959,FALSE,17,58,8,0,False,False,False,False,False,False,False
1960,FALSE,17,67,11,0,False,False,False,False,False,False,False
1961,FALSE,30,145,26,0,False,False,False,False,False,False,False
1962,FALSE,261,554,15,6,True,True,True,False,False,False,False
1963,FALSE,25,138,23,0,False,False,False,False,False,False,False
1964,FALSE,54,263,43,0,False,False,False,False,False,False,False
1965,FALSE,19,94,17,0,False,False,False,False,False,False,False
1966,TRUE,29,142,18,2,False,False,False,False,False,False,False
1967,TRUE,36,184,29,0,False,False,False,False,False,False,False
1968,FALSE,19,74,13,0,False,False,False,False,False,False,False
1969,FALSE,22,124,18,0,False,False,False,False,False,False,False
1970,FALSE,24,72,9,3,False,False,False,False,False,False,False
1971,TRUE,53,210,37,2,False,False,False,False,False,False,False
1972,FALSE,25,102,15,2,False,False,False,False,False,False,False
1973,FALSE,18,97,13,0,False,False,False,False,False,False,False
1974,TRUE,39,147,25,0,False,False,False,False,False,False,False
1975,FALSE,18,100,14,0,False,False,False,False,False,False,False
1976,TRUE,55,289,49,0,False,False,False,False,False,False,False
1977,FALSE,25,109,21,0,False,False,False,False,False,False,False
1978,FALSE,27,139,22,1,False,False,False,False,False,False,False
1979,TRUE,30,188,27,0,False,False,False,False,False,False,False
1980,TRUE,67,326,57,2,False,False,False,False,False,False,False
1981,FALSE,27,133,23,0,False,False,False,False,False,False,False
1982,FALSE,28,134,24,0,False,False,False,False,False,False,False
1983,FALSE,19,99,17,0,False,False,False,False,False,False,False
1984,FALSE,19,50,10,3,False,False,False,False,False,False,False
1985,TRUE,32,142,28,1,False,False,False,False,False,False,False
1986,FALSE,23,81,15,1,False,False,False,False,False,False,False
1987,TRUE,47,261,36,0,False,False,False,False,False,False,False
1988,FALSE,17,89,14,0,False,False,False,False,False,False,False
1989,FALSE,26,131,21,3,False,False,False,False,False,False,False
1990,FALSE,26,146,22,0,False,False,False,False,False,False,False
1991,FALSE,29,120,21,0,False,False,False,False,False,False,False
1992,FALSE,18,73,17,0,False,False,False,False,False,False,False
1993,FALSE,30,169,28,0,False,False,False,False,False,False,False
1994,FALSE,26,123,22,0,False,False,False,False,False,False,False
1995,FALSE,24,128,15,0,False,False,False,False,False,False,False
1996,FALSE,24,122,19,0,False,False,False,False,False,False,False
1997,FALSE,24,118,21,0,False,False,False,False,False,False,False
1998,FALSE,19,126,17,0,False,False,False,False,False,False,False
1999,FALSE,21,107,19,0,False,False,False,False,False,False,False
2000,FALSE,17,116,15,0,False,False,False,False,False,False,False
2001,FALSE,37,176,32,1,False,False,False,False,False,False,False
2002,FALSE,52,222,38,1,False,False,False,False,False,False,False
2003,FALSE,25,141,19,0,False,False,False,False,False,False,False
2004,FALSE,35,132,25,2,False,False,False,False,False,False,False
2005,FALSE,24,143,21,0,False,False,False,False,False,False,False
2006,FALSE,22,100,19,1,False,False,False,False,False,False,False
2007,TRUE,44,231,35,0,False,False,False,False,False,False,False
2008,FALSE,22,79,14,0,False,False,False,False,False,False,False
2009,FALSE,25,124,20,0,False,False,False,False,False,False,False
2010,FALSE,25,130,21,0,False,False,False,False,False,False,False
2011,FALSE,43,207,36,0,False,False,False,False,False,False,False
2012,FALSE,32,159,27,0,False,False,False,False,False,False,False
2013,TRUE,34,96,10,2,False,False,False,False,False,False,False
2014,FALSE,42,247,36,0,False,False,False,False,False,False,False
2015,FALSE,25,124,19,0,False,False,False,False,False,False,False
2016,TRUE,42,182,32,0,False,False,False,False,False,False,False
2017,FALSE,30,165,24,0,False,False,False,False,False,False,False
2018,FALSE,20,122,17,0,False,False,False,False,False,False,False
2019,FALSE,30,154,27,0,False,False,False,False,False,False,False
2020,FALSE,50,218,36,1,False,False,False,False,False,False,False
2021,FALSE,25,168,21,0,False,False,False,False,False,False,False
2022,TRUE,27,126,21,0,False,False,False,False,False,False,False
2023,TRUE,46,212,34,0,False,False,False,False,False,False,False
2024,TRUE,50,246,40,0,False,False,False,False,False,False,False
2025,FALSE,36,160,24,0,False,False,False,False,False,False,False
2026,TRUE,33,196,29,0,False,False,False,False,False,False,False
2027,TRUE,37,188,28,0,False,False,False,False,False,False,False
2028,FALSE,20,73,11,0,False,False,False,False,False,False,False
2029,FALSE,27,140,22,1,False,False,False,False,False,False,False
2030,FALSE,20,110,18,0,False,False,False,False,False,False,False
2031,FALSE,19,98,17,0,False,False,False,False,False,False,False
2032,FALSE,26,71,8,2,False,False,False,False,False,False,False
2033,TRUE,52,307,47,0,False,False,False,False,False,False,False
2034,TRUE,52,238,44,1,False,False,False,False,False,False,False
2035,FALSE,24,101,17,1,False,False,False,False,False,False,False
2036,TRUE,66,292,56,0,False,False,False,False,False,False,False
2037,FALSE,31,188,27,0,False,False,False,False,False,False,False
2038,FALSE,24,103,21,0,False,False,False,False,False,False,False
2039,FALSE,20,86,14,0,False,False,False,False,False,False,False
2040,TRUE,67,278,38,1,False,False,False,False,False,False,False
2041,FALSE,15,79,14,0,False,False,False,False,False,False,False
2042,FALSE,29,164,24,0,False,False,False,False,False,False,False
2043,FALSE,28,139,25,0,False,False,False,False,False,False,False
2044,FALSE,36,118,22,0,False,False,False,False,False,False,False
2045,FALSE,22,121,19,1,False,False,False,False,False,False,False
2046,TRUE,38,211,30,2,False,False,False,False,False,False,False
2047,FALSE,33,174,27,0,False,False,False,False,False,False,False
2048,FALSE,24,95,18,0,False,False,False,False,False,False,False
2049,FALSE,35,129,22,0,False,False,False,False,False,False,False
2050,FALSE,17,89,15,0,False,False,False,False,False,False,False
2051,FALSE,38,113,14,2,False,False,False,False,False,False,False
2052,FALSE,42,211,36,0,False,False,False,False,False,False,False
2053,FALSE,6,16,3,0,False,False,False,False,False,False,False
2054,FALSE,20,105,16,0,False,False,False,False,False,False,False
2055,TRUE,33,142,24,0,False,False,False,False,False,False,False
2056,TRUE,36,186,24,0,False,False,False,False,False,False,False
2057,FALSE,29,183,26,0,False,False,False,False,False,False,False
2058,FALSE,21,108,17,0,False,False,False,False,False,False,False
2059,TRUE,27,125,22,0,False,False,False,False,False,False,False
2060,TRUE,43,210,34,0,False,False,False,False,False,False,False
2061,FALSE,22,122,21,0,False,False,False,False,False,False,False
2062,FALSE,39,174,33,0,False,False,False,False,False,False,False
2063,TRUE,33,195,31,0,False,False,False,False,False,False,False
2064,FALSE,15,73,13,1,False,False,False,False,False,False,False
2065,FALSE,45,210,37,3,False,False,False,False,False,False,False
2066,FALSE,24,120,21,0,False,False,False,False,False,False,False
2067,TRUE,31,149,22,0,False,False,False,False,False,False,False
2068,TRUE,44,215,36,0,False,False,False,False,False,False,False
2069,TRUE,61,336,49,1,False,False,False,False,False,False,False
2070,FALSE,37,207,34,0,False,False,False,False,False,False,False
2071,FALSE,38,177,29,4,False,False,False,False,False,False,False
2072,FALSE,222,1042,171,26,True,True,False,False,False,False,False
2073,FALSE,30,186,28,0,False,False,False,False,False,False,False
2074,FALSE,26,124,21,0,False,False,False,False,False,False,False
2075,TRUE,40,228,34,0,False,False,False,False,False,False,False
2076,FALSE,32,147,22,0,False,False,False,False,False,False,False
2077,TRUE,31,121,20,0,False,False,False,False,False,False,False
2078,TRUE,39,157,24,0,False,False,False,False,False,False,False
2079,FALSE,28,126,23,0,False,False,False,False,False,False,False
2080,TRUE,38,202,31,0,False,False,False,False,False,False,False
2081,FALSE,20,89,14,0,False,False,False,False,False,False,False
2082,FALSE,28,152,24,0,False,False,False,False,False,False,False
2083,FALSE,18,87,12,0,False,False,False,False,False,False,False
2084,FALSE,23,92,17,0,False,False,False,False,False,False,False
2085,FALSE,46,236,42,1,False,False,False,False,False,False,False
2086,FALSE,24,135,23,0,False,False,False,False,False,False,False
2087,TRUE,30,81,11,2,False,False,False,False,False,False,False
2088,TRUE,43,213,39,0,False,False,False,False,False,False,False
2089,TRUE,33,162,29,0,False,False,False,False,False,False,False
2090,TRUE,40,145,26,1,False,False,False,False,False,False,False
2091,TRUE,42,204,35,0,False,False,False,False,False,False,False
2092,FALSE,58,77,4,2,False,False,False,False,False,False,False
2093,FALSE,23,75,17,1,False,False,False,False,False,False,False
2094,TRUE,48,196,34,0,False,False,False,False,False,False,False
2095,FALSE,9,20,9,0,False,False,False,False,False,False,False
2096,FALSE,23,99,14,1,False,False,False,False,False,False,False
2097,TRUE,38,192,29,0,False,False,False,False,False,False,False
2098,TRUE,30,119,19,1,False,False,False,False,False,False,False
2099,TRUE,40,134,23,0,False,False,False,False,False,False,False
2100,FALSE,26,132,23,0,False,False,False,False,False,False,False
2101,FALSE,28,130,24,0,False,False,False,False,False,False,False
2102,FALSE,26,67,13,4,False,False,False,False,False,False,False
2103,TRUE,26,114,21,0,False,False,False,False,False,False,False
2104,FALSE,37,175,25,0,False,False,False,False,False,False,False
2105,FALSE,39,170,31,0,False,False,False,False,False,False,False
2106,TRUE,29,135,22,0,False,False,False,False,False,False,False
2107,FALSE,20,142,19,0,False,False,False,False,False,False,False
2108,TRUE,26,125,23,0,False,False,False,False,False,False,False
2109,FALSE,25,74,12,0,False,False,False,False,False,False,False
2110,FALSE,29,145,24,0,False,False,False,False,False,False,False
2111,FALSE,23,97,11,0,False,False,False,False,False,False,False
2112,FALSE,20,85,13,0,False,False,False,False,False,False,False
2113,FALSE,26,112,19,4,False,False,False,False,False,False,False
2114,TRUE,28,146,21,0,False,False,False,False,False,False,False
2115,FALSE,32,192,30,0,False,False,False,False,False,False,False
2116,FALSE,15,92,12,0,False,False,False,False,False,False,False
2117,FALSE,28,134,19,0,False,False,False,False,False,False,False
2118,FALSE,18,102,16,0,False,False,False,False,False,False,False
2119,FALSE,31,123,22,0,False,False,False,False,False,False,False
2120,FALSE,24,145,22,0,False,False,False,False,False,False,False
2121,FALSE,23,110,21,0,False,False,False,False,False,False,False
2122,FALSE,28,152,25,0,False,False,False,False,False,False,False
2123,FALSE,30,107,19,0,False,False,False,False,False,False,False
2124,TRUE,38,148,22,2,False,False,False,False,False,False,False
2125,FALSE,26,117,15,0,False,False,False,False,False,False,False
2126,FALSE,23,121,20,0,False,False,False,False,False,False,False
2127,TRUE,27,142,21,0,False,False,False,False,False,False,False
2128,FALSE,33,189,30,0,False,False,False,False,False,False,False
2129,TRUE,30,97,17,1,False,False,False,False,False,False,False
2130,FALSE,18,61,16,0,False,False,False,False,False,False,False
2131,FALSE,31,134,25,0,False,False,False,False,False,False,False
2132,TRUE,44,185,34,0,False,False,False,False,False,False,False
2133,FALSE,29,226,27,0,False,False,False,False,False,False,False
2134,FALSE,44,171,29,1,False,False,False,False,False,False,False
2135,FALSE,22,120,18,1,False,False,False,False,False,False,False
2136,FALSE,23,135,22,0,False,False,False,False,False,False,False
2137,TRUE,38,224,32,0,False,False,False,False,False,False,False
2138,FALSE,17,78,12,0,False,False,False,False,False,False,False
2139,FALSE,27,128,25,0,False,False,False,False,False,False,False
2140,FALSE,16,90,13,0,False,False,False,False,False,False,False
2141,FALSE,17,84,14,0,False,False,False,False,False,False,False
2142,FALSE,38,179,33,0,False,False,False,False,False,False,False
2143,FALSE,16,70,13,0,False,False,False,False,False,False,False
2144,TRUE,59,238,45,0,False,False,False,False,False,False,False
2145,TRUE,43,222,32,2,False,False,False,False,False,False,False
2146,FALSE,18,70,14,0,False,False,False,False,False,False,False
2147,FALSE,30,113,18,0,False,False,False,False,False,False,False
2148,TRUE,47,203,30,0,False,False,False,False,False,False,False
2149,TRUE,35,167,27,0,False,False,False,False,False,False,False
2150,TRUE,49,241,43,0,False,False,False,False,False,False,False
2151,FALSE,29,175,25,0,False,False,False,False,False,False,False
2152,FALSE,22,104,19,1,False,False,False,False,False,False,False
2153,FALSE,36,155,27,0,False,False,False,False,False,False,False
2154,FALSE,17,94,15,0,False,False,False,False,False,False,False
2155,TRUE,45,214,32,0,False,False,False,False,False,False,False
2156,FALSE,36,107,17,2,False,False,False,False,False,False,False
2157,TRUE,47,140,27,1,False,False,False,False,False,False,False
2158,FALSE,19,89,14,0,False,False,False,False,False,False,False
2159,TRUE,33,178,28,1,False,False,False,False,False,False,False
2160,FALSE,55,230,36,2,False,False,False,False,False,False,False
2161,FALSE,57,195,39,5,False,False,False,False,False,False,False
2162,TRUE,34,150,28,0,False,False,False,False,False,False,False
2163,FALSE,25,144,22,0,False,False,False,False,False,False,False
2164,TRUE,58,359,48,0,False,False,False,False,False,False,False
2165,FALSE,22,112,20,0,False,False,False,False,False,False,False
2166,TRUE,26,78,9,2,False,False,False,False,False,False,False
2167,FALSE,22,109,14,0,False,False,False,False,False,False,False
2168,FALSE,21,86,14,1,False,False,False,False,False,False,False
2169,FALSE,26,148,21,0,False,False,False,False,False,False,False
2170,FALSE,20,89,14,0,False,False,False,False,False,False,False
2171,FALSE,30,159,25,0,False,False,False,False,False,False,False
2172,FALSE,28,123,23,0,False,False,False,False,False,False,False
2173,FALSE,22,89,12,0,False,False,False,False,False,False,False
2174,FALSE,25,92,13,0,False,False,False,False,False,False,False
2175,TRUE,34,172,29,0,False,False,False,False,False,False,False
2176,FALSE,19,70,12,0,False,False,False,False,False,False,False
2177,FALSE,34,141,26,2,False,False,False,False,False,False,False
2178,FALSE,21,68,14,0,False,False,False,False,False,False,False
2179,FALSE,19,99,15,0,False,False,False,False,False,False,False
2180,FALSE,21,99,19,0,False,False,False,False,False,False,False
2181,FALSE,37,183,33,0,False,False,False,False,False,False,False
2182,FALSE,42,144,18,5,False,False,False,False,False,False,False
2183,FALSE,38,144,30,1,False,False,False,False,False,False,False
2184,TRUE,42,185,27,0,False,False,False,False,False,False,False
2185,TRUE,33,156,21,0,False,False,False,False,False,False,False
2186,FALSE,78,255,18,7,False,False,False,False,False,False,False
2187,FALSE,27,120,20,0,False,False,False,False,False,False,False
2188,FALSE,31,147,28,0,False,False,False,False,False,False,False
2189,TRUE,33,151,28,0,False,False,False,False,False,False,False
2190,FALSE,21,74,16,0,False,False,False,False,False,False,False
2191,FALSE,27,125,23,0,False,False,False,False,False,False,False
2192,TRUE,24,88,15,0,False,False,False,False,False,False,False
2193,FALSE,32,162,28,0,False,False,False,False,False,False,False
2194,FALSE,32,152,25,0,False,False,False,False,False,False,False
2195,TRUE,45,223,40,0,False,False,False,False,False,False,False
2196,TRUE,70,368,59,0,False,False,False,False,False,False,False
2197,FALSE,51,186,34,0,False,False,False,False,False,False,False
2198,FALSE,18,67,12,0,False,False,False,False,False,False,False
2199,TRUE,40,184,31,0,False,False,False,False,False,False,False
2200,FALSE,26,143,19,0,False,False,False,False,False,False,False
2201,FALSE,70,306,46,5,False,False,False,False,False,False,False
2202,FALSE,30,144,22,1,False,False,False,False,False,False,False
2203,FALSE,33,167,27,0,False,False,False,False,False,False,False
2204,FALSE,33,175,29,0,False,False,False,False,False,False,False
2205,FALSE,17,93,13,0,False,False,False,False,False,False,False
2206,FALSE,27,118,20,0,False,False,False,False,False,False,False
2207,TRUE,37,178,28,0,False,False,False,False,False,False,False
2208,FALSE,19,96,18,0,False,False,False,False,False,False,False
2209,TRUE,47,252,38,0,False,False,False,False,False,False,False
2210,FALSE,183,625,79,21,True,False,False,False,False,False,False
2211,FALSE,24,131,20,0,False,False,False,False,False,False,False
2212,TRUE,29,128,21,1,False,False,False,False,False,False,False
2213,FALSE,34,168,28,1,False,False,False,False,False,False,False
2214,TRUE,27,147,22,0,False,False,False,False,False,False,False
2215,FALSE,19,124,17,0,False,False,False,False,False,False,False
2216,TRUE,42,174,36,0,False,False,False,False,False,False,False
2217,FALSE,28,161,25,0,False,False,False,False,False,False,False
2218,TRUE,30,168,25,0,False,False,False,False,False,False,False
2219,TRUE,40,193,28,1,False,False,False,False,False,False,False
2220,FALSE,19,72,11,0,False,False,False,False,False,False,False
2221,FALSE,23,69,9,2,False,False,False,False,False,False,False
2222,TRUE,39,242,37,0,False,False,False,False,False,False,False
2223,TRUE,29,137,18,0,False,False,False,False,False,False,False
2224,FALSE,27,119,19,0,False,False,False,False,False,False,False
2225,TRUE,23,111,17,0,False,False,False,False,False,False,False
2226,FALSE,39,178,27,5,False,False,False,False,False,False,False
2227,FALSE,53,155,23,5,False,False,False,False,False,False,False
2228,FALSE,31,176,27,0,False,False,False,False,False,False,False
2229,TRUE,74,238,47,0,False,False,False,False,False,False,False
2230,FALSE,18,88,15,0,False,False,False,False,False,False,False
2231,FALSE,40,169,28,0,False,False,False,False,False,False,False
2232,TRUE,38,150,29,0,False,False,False,False,False,False,False
2233,TRUE,57,251,41,2,False,False,False,False,False,False,False
2234,FALSE,19,96,13,0,False,False,False,False,False,False,False
2235,FALSE,33,64,8,2,False,False,False,False,False,False,False
2236,FALSE,16,77,13,0,False,False,False,False,False,False,False
2237,FALSE,23,96,16,0,False,False,False,False,False,False,False
2238,TRUE,50,221,38,2,False,False,False,False,False,False,False
2239,TRUE,41,165,27,0,False,False,False,False,False,False,False
2240,FALSE,19,92,17,0,False,False,False,False,False,False,False
2241,FALSE,20,76,14,3,False,False,False,False,False,False,False
2242,FALSE,15,100,14,0,False,False,False,False,False,False,False
2243,FALSE,42,220,38,0,False,False,False,False,False,False,False
2244,FALSE,30,131,19,1,False,False,False,False,False,False,False
2245,FALSE,25,159,20,0,False,False,False,False,False,False,False
2246,FALSE,25,104,17,0,False,False,False,False,False,False,False
2247,FALSE,36,160,25,0,False,False,False,False,False,False,False
2248,TRUE,28,145,24,0,False,False,False,False,False,False,False
2249,FALSE,32,202,30,0,False,False,False,False,False,False,False
2250,FALSE,22,97,18,0,False,False,False,False,False,False,False
2251,TRUE,35,128,19,4,False,False,False,False,False,False,False
2252,FALSE,20,79,16,0,False,False,False,False,False,False,False
2253,TRUE,43,204,32,0,False,False,False,False,False,False,False
2254,FALSE,21,73,15,0,False,False,False,False,False,False,False
2255,TRUE,32,181,24,0,False,False,False,False,False,False,False
2256,FALSE,21,97,16,0,False,False,False,False,False,False,False
2257,FALSE,20,108,17,0,False,False,False,False,False,False,False
2258,FALSE,41,173,33,0,False,False,False,False,False,False,False
2259,FALSE,29,158,25,0,False,False,False,False,False,False,False
2260,FALSE,22,100,15,3,False,False,False,False,False,False,False
2261,FALSE,35,197,30,0,False,False,False,False,False,False,False
2262,TRUE,35,123,19,1,False,False,False,False,False,False,False
2263,FALSE,20,94,16,0,False,False,False,False,False,False,False
2264,TRUE,29,163,28,0,False,False,False,False,False,False,False
2265,FALSE,27,68,24,1,False,False,False,False,False,False,False
2266,TRUE,28,145,22,0,False,False,False,False,False,False,False
2267,FALSE,35,143,25,0,False,False,False,False,False,False,False
2268,FALSE,28,178,27,0,False,False,False,False,False,False,False
2269,FALSE,24,137,19,0,False,False,False,False,False,False,False
2270,FALSE,17,80,11,1,False,False,False,False,False,False,False
2271,FALSE,30,181,25,0,False,False,False,False,False,False,False
2272,TRUE,40,160,31,0,False,False,False,False,False,False,False
2273,TRUE,29,84,13,5,False,False,False,False,False,False,False
2274,FALSE,26,105,21,0,False,False,False,False,False,False,False
2275,FALSE,31,137,21,0,False,False,False,False,False,False,False
2276,FALSE,17,68,11,2,False,False,False,False,False,False,False
2277,FALSE,16,104,15,0,False,False,False,False,False,False,False
2278,FALSE,38,203,36,0,False,False,False,False,False,False,False
2279,TRUE,36,161,21,2,False,False,False,False,False,False,False
2280,TRUE,39,134,24,1,False,False,False,False,False,False,False
2281,FALSE,26,121,20,2,False,False,False,False,False,False,False
2282,FALSE,56,272,45,0,False,False,False,False,False,False,False
2283,FALSE,14,63,10,0,False,False,False,False,False,False,False
2284,FALSE,24,110,17,0,False,False,False,False,False,False,False
2285,FALSE,46,252,34,1,False,False,False,False,False,False,False
2286,FALSE,30,136,24,0,False,False,False,False,False,False,False
2287,TRUE,27,177,25,0,False,False,False,False,False,False,False
2288,FALSE,17,83,13,0,False,False,False,False,False,False,False
2289,TRUE,121,325,32,8,False,False,False,False,False,False,False
2290,FALSE,31,156,28,0,False,False,False,False,False,False,False
2291,FALSE,18,68,12,1,False,False,False,False,False,False,False
2292,FALSE,46,220,33,0,False,False,False,False,False,False,False
2293,FALSE,22,123,19,0,False,False,False,False,False,False,False
2294,TRUE,30,113,16,2,False,False,False,False,False,False,False
2295,FALSE,32,136,24,0,False,False,False,False,False,False,False
2296,FALSE,35,143,20,0,False,False,False,False,False,False,False
2297,TRUE,57,262,46,1,False,False,False,False,False,False,False
2298,FALSE,19,83,15,0,False,False,False,False,False,False,False
2299,FALSE,17,102,16,0,False,False,False,False,False,False,False
2300,TRUE,42,219,36,0,False,False,False,False,False,False,False
2301,FALSE,16,79,15,0,False,False,False,False,False,False,False
2302,TRUE,91,470,75,0,False,False,False,False,False,False,False
2303,FALSE,21,94,14,4,False,False,False,False,False,False,False
2304,FALSE,36,238,33,1,False,False,False,False,False,False,False
2305,FALSE,30,130,23,2,False,False,False,False,False,False,False
2306,FALSE,42,182,33,1,False,False,False,False,False,False,False
2307,FALSE,19,119,15,0,False,False,False,False,False,False,False
2308,FALSE,17,79,14,0,False,False,False,False,False,False,False
2309,TRUE,35,165,29,0,False,False,False,False,False,False,False
2310,FALSE,18,98,16,0,False,False,False,False,False,False,False
2311,FALSE,17,77,14,1,False,False,False,False,False,False,False
2312,TRUE,28,143,25,0,False,False,False,False,False,False,False
2313,FALSE,24,118,21,1,False,False,False,False,False,False,False
2314,FALSE,25,126,20,0,False,False,False,False,False,False,False
2315,TRUE,36,198,29,0,False,False,False,False,False,False,False
2316,TRUE,29,147,25,0,False,False,False,False,False,False,False
2317,FALSE,20,118,17,0,False,False,False,False,False,False,False
2318,TRUE,34,227,30,0,False,False,False,False,False,False,False
2319,FALSE,18,43,9,0,False,False,False,False,False,False,False
2320,FALSE,36,168,31,0,False,False,False,False,False,False,False
2321,FALSE,27,125,21,0,False,False,False,False,False,False,False
2322,FALSE,25,166,23,0,False,False,False,False,False,False,False
2323,FALSE,26,104,17,1,False,False,False,False,False,False,False
2324,FALSE,34,164,31,0,False,False,False,False,False,False,False
2325,FALSE,33,163,28,0,False,False,False,False,False,False,False
2326,FALSE,38,179,31,0,False,False,False,False,False,False,False
2327,FALSE,47,271,39,4,False,False,False,False,False,False,False
2328,FALSE,27,135,23,1,False,False,False,False,False,False,False
2329,FALSE,21,86,16,0,False,False,False,False,False,False,False
2330,FALSE,19,81,12,0,False,False,False,False,False,False,False
2331,FALSE,26,100,18,0,False,False,False,False,False,False,False
2332,FALSE,16,92,15,0,False,False,False,False,False,False,False
2333,FALSE,30,124,22,0,False,False,False,False,False,False,False
2334,FALSE,28,159,25,0,False,False,False,False,False,False,False
2335,FALSE,24,123,17,0,False,False,False,False,False,False,False
2336,FALSE,14,64,12,1,False,False,False,False,False,False,False
2337,FALSE,35,158,25,1,False,False,False,False,False,False,False
2338,TRUE,46,231,42,3,False,False,False,False,False,False,False
2339,FALSE,40,160,29,0,False,False,False,False,False,False,False
2340,TRUE,34,183,27,0,False,False,False,False,False,False,False
2341,TRUE,29,144,23,2,False,False,False,False,False,False,False
2342,FALSE,60,219,50,1,False,False,False,False,False,False,False
2343,TRUE,29,128,19,1,False,False,False,False,False,False,False
2344,TRUE,33,147,21,4,False,False,False,False,False,False,False
2345,FALSE,22,110,20,0,False,False,False,False,False,False,False
2346,FALSE,33,152,19,0,False,False,False,False,False,False,False
2347,FALSE,21,97,14,0,False,False,False,False,False,False,False
2348,FALSE,291,646,32,0,True,True,True,False,False,False,False
2349,FALSE,18,109,17,0,False,False,False,False,False,False,False
2350,TRUE,36,161,28,0,False,False,False,False,False,False,False
2351,FALSE,19,97,18,0,False,False,False,False,False,False,False
2352,TRUE,26,108,20,0,False,False,False,False,False,False,False
2353,FALSE,36,187,30,0,False,False,False,False,False,False,False
2354,FALSE,16,58,10,0,False,False,False,False,False,False,False
2355,FALSE,38,203,29,0,False,False,False,False,False,False,False
2356,TRUE,34,204,31,0,False,False,False,False,False,False,False
2357,FALSE,24,104,15,1,False,False,False,False,False,False,False
2358,FALSE,20,97,17,0,False,False,False,False,False,False,False
2359,FALSE,26,113,21,0,False,False,False,False,False,False,False
2360,FALSE,21,100,18,1,False,False,False,False,False,False,False
2361,TRUE,25,122,22,0,False,False,False,False,False,False,False
2362,FALSE,32,157,25,0,False,False,False,False,False,False,False
2363,FALSE,28,122,23,0,False,False,False,False,False,False,False
2364,FALSE,17,59,12,0,False,False,False,False,False,False,False
2365,TRUE,29,133,22,0,False,False,False,False,False,False,False
2366,FALSE,15,71,14,0,False,False,False,False,False,False,False
2367,FALSE,35,159,24,1,False,False,False,False,False,False,False
2368,FALSE,27,115,18,1,False,False,False,False,False,False,False
2369,FALSE,236,438,21,18,True,True,False,False,False,False,False
2370,FALSE,21,99,17,0,False,False,False,False,False,False,False
2371,FALSE,15,83,13,0,False,False,False,False,False,False,False
2372,FALSE,23,129,18,1,False,False,False,False,False,False,False
2373,FALSE,30,119,15,0,False,False,False,False,False,False,False
2374,TRUE,50,249,36,1,False,False,False,False,False,False,False
2375,FALSE,26,102,17,1,False,False,False,False,False,False,False
2376,FALSE,32,151,28,0,False,False,False,False,False,False,False
2377,FALSE,32,121,23,0,False,False,False,False,False,False,False
2378,TRUE,42,208,34,0,False,False,False,False,False,False,False
2379,FALSE,23,108,20,0,False,False,False,False,False,False,False
2380,FALSE,34,149,25,0,False,False,False,False,False,False,False
2381,FALSE,21,95,12,4,False,False,False,False,False,False,False
2382,FALSE,19,73,12,0,False,False,False,False,False,False,False
2383,TRUE,43,227,35,0,False,False,False,False,False,False,False
2384,TRUE,29,199,25,0,False,False,False,False,False,False,False
2385,TRUE,31,152,22,1,False,False,False,False,False,False,False
2386,FALSE,37,146,32,1,False,False,False,False,False,False,False
2387,FALSE,37,143,28,2,False,False,False,False,False,False,False
2388,TRUE,29,167,27,0,False,False,False,False,False,False,False
2389,FALSE,46,270,40,0,False,False,False,False,False,False,False
2390,FALSE,27,84,17,0,False,False,False,False,False,False,False
2391,TRUE,54,280,47,0,False,False,False,False,False,False,False
2392,FALSE,22,119,19,0,False,False,False,False,False,False,False
2393,FALSE,13,55,9,0,False,False,False,False,False,False,False
2394,TRUE,27,161,24,0,False,False,False,False,False,False,False
2395,FALSE,31,177,27,0,False,False,False,False,False,False,False
2396,FALSE,39,66,11,0,False,False,False,False,False,False,False
2397,FALSE,23,72,15,3,False,False,False,False,False,False,False
2398,TRUE,31,141,25,0,False,False,False,False,False,False,False
2399,FALSE,30,171,26,0,False,False,False,False,False,False,False
2400,FALSE,31,165,25,0,False,False,False,False,False,False,False
2401,FALSE,15,67,11,0,False,False,False,False,False,False,False
2402,TRUE,55,251,40,0,False,False,False,False,False,False,False
2403,FALSE,30,143,21,0,False,False,False,False,False,False,False
2404,FALSE,22,87,17,0,False,False,False,False,False,False,False
2405,FALSE,34,140,27,1,False,False,False,False,False,False,False
2406,FALSE,33,103,17,2,False,False,False,False,False,False,False
2407,FALSE,14,67,12,0,False,False,False,False,False,False,False
2408,TRUE,36,167,29,0,False,False,False,False,False,False,False
2409,FALSE,227,952,177,31,True,True,False,False,False,False,False
2410,FALSE,32,148,27,0,False,False,False,False,False,False,False
2411,FALSE,44,208,36,0,False,False,False,False,False,False,False
2412,FALSE,22,107,17,0,False,False,False,False,False,False,False
2413,FALSE,15,79,13,0,False,False,False,False,False,False,False
2414,TRUE,25,115,19,0,False,False,False,False,False,False,False
2415,TRUE,28,126,22,0,False,False,False,False,False,False,False
2416,FALSE,36,134,25,2,False,False,False,False,False,False,False
2417,FALSE,20,87,18,0,False,False,False,False,False,False,False
2418,FALSE,26,97,19,2,False,False,False,False,False,False,False
2419,FALSE,22,107,20,0,False,False,False,False,False,False,False
2420,TRUE,58,294,50,1,False,False,False,False,False,False,False
2421,FALSE,20,137,19,0,False,False,False,False,False,False,False
2422,FALSE,40,157,27,0,False,False,False,False,False,False,False
2423,FALSE,29,120,21,0,False,False,False,False,False,False,False
2424,FALSE,29,102,22,0,False,False,False,False,False,False,False
2425,TRUE,40,179,28,2,False,False,False,False,False,False,False
2426,TRUE,27,123,18,0,False,False,False,False,False,False,False
2427,TRUE,38,183,33,2,False,False,False,False,False,False,False
2428,TRUE,33,141,25,0,False,False,False,False,False,False,False
2429,FALSE,32,171,25,4,False,False,False,False,False,False,False
2430,TRUE,27,123,24,0,False,False,False,False,False,False,False
2431,FALSE,29,106,19,2,False,False,False,False,False,False,False
2432,FALSE,44,235,37,1,False,False,False,False,False,False,False
2433,FALSE,17,66,11,0,False,False,False,False,False,False,False
2434,FALSE,35,198,31,1,False,False,False,False,False,False,False
2435,FALSE,22,111,20,0,False,False,False,False,False,False,False
2436,FALSE,22,82,14,1,False,False,False,False,False,False,False
2437,TRUE,29,127,22,0,False,False,False,False,False,False,False
2438,FALSE,24,97,17,2,False,False,False,False,False,False,False
2439,FALSE,28,157,22,0,False,False,False,False,False,False,False
2440,FALSE,29,133,21,0,False,False,False,False,False,False,False
2441,FALSE,32,167,28,0,False,False,False,False,False,False,False
2442,TRUE,37,144,27,0,False,False,False,False,False,False,False
2443,FALSE,20,119,18,0,False,False,False,False,False,False,False
2444,FALSE,28,134,24,2,False,False,False,False,False,False,False
2445,FALSE,31,167,26,0,False,False,False,False,False,False,False
2446,FALSE,23,134,19,0,False,False,False,False,False,False,False
2447,TRUE,36,106,21,2,False,False,False,False,False,False,False
2448,FALSE,34,129,23,2,False,False,False,False,False,False,False
2449,FALSE,33,203,31,0,False,False,False,False,False,False,False
2450,FALSE,37,186,28,4,False,False,False,False,False,False,False
2451,FALSE,260,649,140,14,True,True,True,False,False,False,False
2452,TRUE,61,154,12,4,False,False,False,False,False,False,False
2453,TRUE,49,266,38,0,False,False,False,False,False,False,False
2454,FALSE,17,72,13,0,False,False,False,False,False,False,False
2455,TRUE,48,228,35,2,False,False,False,False,False,False,False
2456,FALSE,22,125,18,0,False,False,False,False,False,False,False
2457,FALSE,33,150,27,0,False,False,False,False,False,False,False
2458,FALSE,18,86,12,0,False,False,False,False,False,False,False
2459,FALSE,38,177,33,0,False,False,False,False,False,False,False
2460,FALSE,33,188,30,0,False,False,False,False,False,False,False
2461,TRUE,37,156,27,2,False,False,False,False,False,False,False
2462,TRUE,29,129,22,0,False,False,False,False,False,False,False
2463,FALSE,30,145,22,0,False,False,False,False,False,False,False
2464,FALSE,23,125,21,1,False,False,False,False,False,False,False
2465,FALSE,47,70,6,2,False,False,False,False,False,False,False
2466,FALSE,20,89,13,0,False,False,False,False,False,False,False
2467,TRUE,27,174,26,0,False,False,False,False,False,False,False
2468,FALSE,20,106,18,0,False,False,False,False,False,False,False
2469,TRUE,30,140,22,0,False,False,False,False,False,False,False
2470,TRUE,45,173,29,0,False,False,False,False,False,False,False
2471,FALSE,27,143,22,0,False,False,False,False,False,False,False
2472,FALSE,20,70,13,0,False,False,False,False,False,False,False
2473,TRUE,35,171,26,1,False,False,False,False,False,False,False
2474,FALSE,21,103,17,0,False,False,False,False,False,False,False
2475,FALSE,29,143,24,0,False,False,False,False,False,False,False
2476,FALSE,20,85,15,0,False,False,False,False,False,False,False
2477,TRUE,35,192,28,0,False,False,False,False,False,False,False
2478,TRUE,35,190,33,0,False,False,False,False,False,False,False
2479,FALSE,23,121,20,0,False,False,False,False,False,False,False
2480,FALSE,33,197,27,1,False,False,False,False,False,False,False
2481,TRUE,33,69,8,3,False,False,False,False,False,False,False
2482,FALSE,44,141,27,1,False,False,False,False,False,False,False
2483,FALSE,23,139,18,0,False,False,False,False,False,False,False
2484,TRUE,39,223,34,0,False,False,False,False,False,False,False
2485,FALSE,15,57,12,0,False,False,False,False,False,False,False
2486,TRUE,38,167,25,0,False,False,False,False,False,False,False
2487,FALSE,29,184,25,0,False,False,False,False,False,False,False
2488,TRUE,41,148,29,2,False,False,False,False,False,False,False
2489,TRUE,38,165,27,0,False,False,False,False,False,False,False
2490,FALSE,18,80,11,0,False,False,False,False,False,False,False
2491,FALSE,26,146,25,0,False,False,False,False,False,False,False
2492,FALSE,27,127,19,0,False,False,False,False,False,False,False
2493,FALSE,24,133,21,0,False,False,False,False,False,False,False
2494,FALSE,31,148,27,0,False,False,False,False,False,False,False
2495,FALSE,37,178,33,0,False,False,False,False,False,False,False
2496,FALSE,28,136,21,0,False,False,False,False,False,False,False
2497,TRUE,82,271,48,1,False,False,False,False,False,False,False
2498,FALSE,31,148,25,0,False,False,False,False,False,False,False
2499,FALSE,21,117,18,0,False,False,False,False,False,False,False
2500,FALSE,20,118,17,0,False,False,False,False,False,False,False
2501,FALSE,16,66,12,0,False,False,False,False,False,False,False
2502,FALSE,40,99,13,5,False,False,False,False,False,False,False
2503,FALSE,22,108,20,0,False,False,False,False,False,False,False
2504,FALSE,31,149,26,0,False,False,False,False,False,False,False
2505,FALSE,28,145,25,0,False,False,False,False,False,False,False
2506,TRUE,51,268,43,0,False,False,False,False,False,False,False
2507,FALSE,31,104,18,0,False,False,False,False,False,False,False
2508,FALSE,15,83,13,0,False,False,False,False,False,False,False
2509,FALSE,32,160,25,1,False,False,False,False,False,False,False
2510,FALSE,21,101,17,1,False,False,False,False,False,False,False
2511,TRUE,36,176,26,1,False,False,False,False,False,False,False
2512,FALSE,35,169,27,0,False,False,False,False,False,False,False
2513,FALSE,42,222,38,0,False,False,False,False,False,False,False
2514,FALSE,18,97,15,0,False,False,False,False,False,False,False
2515,FALSE,30,125,22,1,False,False,False,False,False,False,False
2516,FALSE,41,174,30,0,False,False,False,False,False,False,False
2517,TRUE,46,155,27,6,False,False,False,False,False,False,False
2518,FALSE,23,116,20,0,False,False,False,False,False,False,False
2519,FALSE,31,117,20,1,False,False,False,False,False,False,False
2520,FALSE,38,207,31,0,False,False,False,False,False,False,False
2521,FALSE,21,93,17,0,False,False,False,False,False,False,False
2522,TRUE,27,142,24,0,False,False,False,False,False,False,False
2523,FALSE,41,235,33,2,False,False,False,False,False,False,False
2524,FALSE,25,115,19,0,False,False,False,False,False,False,False
2525,FALSE,19,46,6,0,False,False,False,False,False,False,False
2526,FALSE,21,109,14,0,False,False,False,False,False,False,False
2527,TRUE,36,162,26,2,False,False,False,False,False,False,False
2528,FALSE,22,96,16,0,False,False,False,False,False,False,False
2529,FALSE,19,115,16,0,False,False,False,False,False,False,False
2530,TRUE,30,115,20,0,False,False,False,False,False,False,False
2531,TRUE,34,143,23,1,False,False,False,False,False,False,False
2532,TRUE,34,204,28,2,False,False,False,False,False,False,False
2533,FALSE,26,120,20,0,False,False,False,False,False,False,False
2534,FALSE,33,147,22,1,False,False,False,False,False,False,False
2535,FALSE,31,147,28,0,False,False,False,False,False,False,False
2536,FALSE,18,91,14,1,False,False,False,False,False,False,False
2537,TRUE,36,147,20,3,False,False,False,False,False,False,False
2538,TRUE,50,203,35,1,False,False,False,False,False,False,False
2539,FALSE,20,91,14,0,False,False,False,False,False,False,False
2540,TRUE,72,371,60,1,False,False,False,False,False,False,False
2541,FALSE,16,95,14,0,False,False,False,False,False,False,False
2542,FALSE,28,89,14,2,False,False,False,False,False,False,False
2543,TRUE,44,241,37,0,False,False,False,False,False,False,False
2544,FALSE,311,751,109,0,True,True,True,False,False,False,False
2545,FALSE,29,131,27,0,False,False,False,False,False,False,False
2546,FALSE,44,208,33,3,False,False,False,False,False,False,False
2547,FALSE,19,99,15,0,False,False,False,False,False,False,False
2548,TRUE,66,285,43,1,False,False,False,False,False,False,False
2549,TRUE,32,175,25,0,False,False,False,False,False,False,False
2550,FALSE,18,98,17,0,False,False,False,False,False,False,False
2551,TRUE,48,266,32,0,False,False,False,False,False,False,False
2552,TRUE,29,109,12,1,False,False,False,False,False,False,False
2553,FALSE,17,95,16,0,False,False,False,False,False,False,False
2554,FALSE,29,164,27,0,False,False,False,False,False,False,False
2555,TRUE,41,201,30,1,False,False,False,False,False,False,False
2556,TRUE,42,202,33,0,False,False,False,False,False,False,False
2557,TRUE,21,129,20,0,False,False,False,False,False,False,False
2558,FALSE,17,84,16,0,False,False,False,False,False,False,False
2559,FALSE,29,129,24,2,False,False,False,False,False,False,False
2560,FALSE,29,93,16,0,False,False,False,False,False,False,False
2561,FALSE,32,168,28,0,False,False,False,False,False,False,False
2562,FALSE,26,161,22,0,False,False,False,False,False,False,False
2563,FALSE,16,81,15,0,False,False,False,False,False,False,False
2564,TRUE,34,160,24,0,False,False,False,False,False,False,False
2565,FALSE,19,105,16,0,False,False,False,False,False,False,False
2566,FALSE,23,118,19,0,False,False,False,False,False,False,False
2567,FALSE,26,149,23,0,False,False,False,False,False,False,False
2568,TRUE,39,167,27,0,False,False,False,False,False,False,False
2569,FALSE,16,70,14,0,False,False,False,False,False,False,False
2570,FALSE,22,101,16,0,False,False,False,False,False,False,False
2571,TRUE,31,135,23,0,False,False,False,False,False,False,False
2572,TRUE,32,134,26,1,False,False,False,False,False,False,False
2573,FALSE,29,137,19,0,False,False,False,False,False,False,False
2574,FALSE,23,114,17,0,False,False,False,False,False,False,False
2575,FALSE,17,94,13,0,False,False,False,False,False,False,False
2576,FALSE,17,86,15,0,False,False,False,False,False,False,False
2577,FALSE,23,138,21,0,False,False,False,False,False,False,False
2578,FALSE,18,83,17,0,False,False,False,False,False,False,False
2579,FALSE,22,76,12,1,False,False,False,False,False,False,False
2580,FALSE,23,116,19,0,False,False,False,False,False,False,False
2581,FALSE,37,197,31,0,False,False,False,False,False,False,False
2582,FALSE,42,215,33,0,False,False,False,False,False,False,False
2583,TRUE,45,151,28,0,False,False,False,False,False,False,False
2584,FALSE,544,398,69,0,True,True,True,True,True,True,True
2585,FALSE,60,192,26,6,False,False,False,False,False,False,False
2586,FALSE,73,194,28,0,False,False,False,False,False,False,False
2587,FALSE,31,111,20,0,False,False,False,False,False,False,False
2588,TRUE,30,128,22,0,False,False,False,False,False,False,False
2589,TRUE,27,119,20,0,False,False,False,False,False,False,False
2590,TRUE,26,116,20,1,False,False,False,False,False,False,False
2591,TRUE,42,147,28,0,False,False,False,False,False,False,False
2592,TRUE,30,122,22,1,False,False,False,False,False,False,False
2593,FALSE,24,119,22,0,False,False,False,False,False,False,False
2594,FALSE,22,119,20,0,False,False,False,False,False,False,False
2595,FALSE,19,96,17,0,False,False,False,False,False,False,False
2596,FALSE,24,116,22,0,False,False,False,False,False,False,False
2597,TRUE,29,137,21,0,False,False,False,False,False,False,False
2598,TRUE,33,90,16,1,False,False,False,False,False,False,False
2599,FALSE,28,135,22,0,False,False,False,False,False,False,False
2600,TRUE,34,155,31,0,False,False,False,False,False,False,False
2601,FALSE,36,170,32,0,False,False,False,False,False,False,False
2602,FALSE,29,152,27,0,False,False,False,False,False,False,False
2603,FALSE,19,91,17,0,False,False,False,False,False,False,False
2604,TRUE,42,236,37,1,False,False,False,False,False,False,False
2605,FALSE,175,476,86,1,True,False,False,False,False,False,False
2606,FALSE,22,100,20,0,False,False,False,False,False,False,False
2607,FALSE,19,80,16,0,False,False,False,False,False,False,False
2608,FALSE,31,151,26,0,False,False,False,False,False,False,False
2609,FALSE,18,82,16,0,False,False,False,False,False,False,False
2610,FALSE,21,109,17,0,False,False,False,False,False,False,False
2611,TRUE,36,179,32,0,False,False,False,False,False,False,False
2612,FALSE,27,150,25,0,False,False,False,False,False,False,False
2613,FALSE,155,245,70,0,True,False,False,False,False,False,False
2614,FALSE,25,80,10,2,False,False,False,False,False,False,False
2615,FALSE,28,140,26,0,False,False,False,False,False,False,False
2616,FALSE,27,145,25,0,False,False,False,False,False,False,False
2617,FALSE,17,110,13,1,False,False,False,False,False,False,False
2618,FALSE,24,104,18,0,False,False,False,False,False,False,False
2619,TRUE,37,214,29,0,False,False,False,False,False,False,False
2620,TRUE,39,215,34,0,False,False,False,False,False,False,False
2621,FALSE,26,132,23,0,False,False,False,False,False,False,False
2622,TRUE,48,149,18,0,False,False,False,False,False,False,False
2623,FALSE,21,77,14,1,False,False,False,False,False,False,False
2624,FALSE,28,149,20,1,False,False,False,False,False,False,False
2625,FALSE,30,188,29,0,False,False,False,False,False,False,False
2626,TRUE,32,161,27,0,False,False,False,False,False,False,False
2627,TRUE,52,270,42,1,False,False,False,False,False,False,False
2628,TRUE,32,165,25,0,False,False,False,False,False,False,False
2629,TRUE,25,170,24,0,False,False,False,False,False,False,False
2630,FALSE,20,114,16,0,False,False,False,False,False,False,False
2631,FALSE,219,878,173,19,True,True,False,False,False,False,False
2632,FALSE,16,90,15,0,False,False,False,False,False,False,False
2633,FALSE,21,101,18,0,False,False,False,False,False,False,False
2634,FALSE,17,46,9,0,False,False,False,False,False,False,False
2635,FALSE,32,173,27,0,False,False,False,False,False,False,False
2636,FALSE,28,129,20,0,False,False,False,False,False,False,False
2637,FALSE,32,182,27,0,False,False,False,False,False,False,False
2638,TRUE,49,229,42,0,False,False,False,False,False,False,False
2639,FALSE,40,193,31,0,False,False,False,False,False,False,False
2640,FALSE,30,172,24,0,False,False,False,False,False,False,False
2641,FALSE,28,91,16,1,False,False,False,False,False,False,False
2642,TRUE,66,382,59,0,False,False,False,False,False,False,False
2643,FALSE,40,173,35,0,False,False,False,False,False,False,False
2644,FALSE,39,215,30,0,False,False,False,False,False,False,False
2645,FALSE,23,80,13,0,False,False,False,False,False,False,False
2646,FALSE,18,110,15,0,False,False,False,False,False,False,False
2647,FALSE,35,176,31,0,False,False,False,False,False,False,False
2648,FALSE,17,108,16,0,False,False,False,False,False,False,False
2649,FALSE,22,100,18,0,False,False,False,False,False,False,False
2650,TRUE,31,157,27,1,False,False,False,False,False,False,False
2651,FALSE,19,99,12,0,False,False,False,False,False,False,False
2652,FALSE,38,168,33,0,False,False,False,False,False,False,False
2653,TRUE,48,225,37,1,False,False,False,False,False,False,False
2654,FALSE,25,80,17,0,False,False,False,False,False,False,False
2655,FALSE,43,195,36,0,False,False,False,False,False,False,False
2656,TRUE,38,208,34,0,False,False,False,False,False,False,False
2657,FALSE,34,188,29,0,False,False,False,False,False,False,False
2658,FALSE,18,69,13,2,False,False,False,False,False,False,False
2659,FALSE,21,110,19,0,False,False,False,False,False,False,False
2660,FALSE,47,280,38,0,False,False,False,False,False,False,False
2661,FALSE,36,203,26,1,False,False,False,False,False,False,False
2662,TRUE,31,159,27,0,False,False,False,False,False,False,False
2663,TRUE,43,251,34,0,False,False,False,False,False,False,False
2664,TRUE,46,261,40,0,False,False,False,False,False,False,False
2665,FALSE,21,81,13,2,False,False,False,False,False,False,False
2666,FALSE,26,114,18,0,False,False,False,False,False,False,False
2667,FALSE,32,171,30,0,False,False,False,False,False,False,False
2668,TRUE,29,157,25,0,False,False,False,False,False,False,False
2669,TRUE,43,166,29,0,False,False,False,False,False,False,False
2670,FALSE,17,80,15,0,False,False,False,False,False,False,False
2671,FALSE,34,157,27,0,False,False,False,False,False,False,False
2672,FALSE,25,120,23,0,False,False,False,False,False,False,False
2673,FALSE,29,114,17,6,False,False,False,False,False,False,False
2674,FALSE,33,199,29,0,False,False,False,False,False,False,False
2675,TRUE,42,274,38,0,False,False,False,False,False,False,False
2676,TRUE,27,137,19,0,False,False,False,False,False,False,False
2677,TRUE,33,188,28,0,False,False,False,False,False,False,False
2678,FALSE,20,117,17,0,False,False,False,False,False,False,False
2679,FALSE,27,159,25,0,False,False,False,False,False,False,False
2680,FALSE,19,92,17,0,False,False,False,False,False,False,False
2681,FALSE,34,150,29,1,False,False,False,False,False,False,False
2682,TRUE,31,159,21,2,False,False,False,False,False,False,False
2683,FALSE,19,50,5,2,False,False,False,False,False,False,False
2684,FALSE,32,95,13,2,False,False,False,False,False,False,False
2685,TRUE,39,184,32,0,False,False,False,False,False,False,False
2686,FALSE,27,178,25,0,False,False,False,False,False,False,False
2687,FALSE,18,72,15,0,False,False,False,False,False,False,False
2688,FALSE,31,152,26,0,False,False,False,False,False,False,False
2689,FALSE,32,143,25,0,False,False,False,False,False,False,False
2690,FALSE,34,186,27,0,False,False,False,False,False,False,False
2691,TRUE,26,88,14,0,False,False,False,False,False,False,False
2692,FALSE,18,40,8,1,False,False,False,False,False,False,False
2693,TRUE,44,175,32,5,False,False,False,False,False,False,False
2694,FALSE,30,114,23,2,False,False,False,False,False,False,False
2695,TRUE,25,125,18,1,False,False,False,False,False,False,False
2696,TRUE,28,145,23,0,False,False,False,False,False,False,False
2697,FALSE,17,84,15,0,False,False,False,False,False,False,False
2698,FALSE,32,165,23,0,False,False,False,False,False,False,False
2699,TRUE,31,186,26,0,False,False,False,False,False,False,False
2700,TRUE,28,128,18,0,False,False,False,False,False,False,False
2701,TRUE,50,227,39,1,False,False,False,False,False,False,False
2702,FALSE,29,179,25,0,False,False,False,False,False,False,False
2703,FALSE,16,83,14,0,False,False,False,False,False,False,False
2704,FALSE,24,116,20,0,False,False,False,False,False,False,False
2705,FALSE,14,71,13,0,False,False,False,False,False,False,False
2706,FALSE,25,98,17,0,False,False,False,False,False,False,False
2707,FALSE,18,100,15,0,False,False,False,False,False,False,False
2708,TRUE,35,166,30,2,False,False,False,False,False,False,False
2709,FALSE,33,126,22,0,False,False,False,False,False,False,False
2710,FALSE,23,71,11,2,False,False,False,False,False,False,False
2711,FALSE,23,135,21,0,False,False,False,False,False,False,False
2712,FALSE,29,159,24,1,False,False,False,False,False,False,False
2713,FALSE,33,177,26,0,False,False,False,False,False,False,False
2714,FALSE,28,106,21,2,False,False,False,False,False,False,False
2715,FALSE,23,152,20,0,False,False,False,False,False,False,False
2716,TRUE,23,131,19,0,False,False,False,False,False,False,False
2717,FALSE,14,83,12,0,False,False,False,False,False,False,False
2718,FALSE,20,79,11,0,False,False,False,False,False,False,False
2719,FALSE,32,195,31,0,False,False,False,False,False,False,False
2720,FALSE,28,145,26,0,False,False,False,False,False,False,False
2721,TRUE,45,185,32,0,False,False,False,False,False,False,False
2722,TRUE,31,178,26,1,False,False,False,False,False,False,False
2723,TRUE,46,231,39,0,False,False,False,False,False,False,False
2724,FALSE,19,121,18,0,False,False,False,False,False,False,False
2725,FALSE,20,73,11,2,False,False,False,False,False,False,False
2726,FALSE,48,257,43,0,False,False,False,False,False,False,False
2727,FALSE,16,76,14,0,False,False,False,False,False,False,False
2728,TRUE,27,161,22,1,False,False,False,False,False,False,False
2729,FALSE,29,149,22,0,False,False,False,False,False,False,False
2730,TRUE,24,162,23,0,False,False,False,False,False,False,False
2731,FALSE,28,126,23,0,False,False,False,False,False,False,False
2732,TRUE,43,208,36,1,False,False,False,False,False,False,False
2733,FALSE,62,197,35,0,False,False,False,False,False,False,False
2734,TRUE,35,148,28,0,False,False,False,False,False,False,False
2735,FALSE,20,112,19,0,False,False,False,False,False,False,False
2736,FALSE,36,159,26,3,False,False,False,False,False,False,False
2737,FALSE,24,57,6,2,False,False,False,False,False,False,False
2738,FALSE,19,85,14,0,False,False,False,False,False,False,False
2739,TRUE,27,167,25,0,False,False,False,False,False,False,False
2740,FALSE,22,103,14,0,False,False,False,False,False,False,False
2741,FALSE,49,130,18,4,False,False,False,False,False,False,False
2742,FALSE,24,110,20,0,False,False,False,False,False,False,False
2743,FALSE,20,80,16,0,False,False,False,False,False,False,False
2744,FALSE,22,95,18,1,False,False,False,False,False,False,False
2745,TRUE,28,150,24,0,False,False,False,False,False,False,False
2746,FALSE,18,64,13,1,False,False,False,False,False,False,False
2747,FALSE,24,75,15,0,False,False,False,False,False,False,False
2748,FALSE,35,157,29,0,False,False,False,False,False,False,False
2749,FALSE,35,170,28,0,False,False,False,False,False,False,False
2750,FALSE,20,84,13,0,False,False,False,False,False,False,False
2751,FALSE,22,81,15,0,False,False,False,False,False,False,False
2752,FALSE,31,132,25,0,False,False,False,False,False,False,False
2753,TRUE,30,121,20,1,False,False,False,False,False,False,False
2754,FALSE,19,83,13,1,False,False,False,False,False,False,False
2755,FALSE,25,114,16,0,False,False,False,False,False,False,False
2756,FALSE,21,105,20,0,False,False,False,False,False,False,False
2757,TRUE,48,249,39,0,False,False,False,False,False,False,False
2758,FALSE,244,858,169,52,True,True,False,False,False,False,False
2759,FALSE,50,240,45,0,False,False,False,False,False,False,False
2760,TRUE,37,167,29,0,False,False,False,False,False,False,False
2761,FALSE,21,95,15,2,False,False,False,False,False,False,False
2762,FALSE,39,177,27,0,False,False,False,False,False,False,False
2763,FALSE,20,106,16,0,False,False,False,False,False,False,False
2764,FALSE,19,106,17,0,False,False,False,False,False,False,False
2765,FALSE,40,229,38,0,False,False,False,False,False,False,False
2766,FALSE,19,106,13,0,False,False,False,False,False,False,False
2767,TRUE,45,249,41,0,False,False,False,False,False,False,False
2768,FALSE,25,94,17,1,False,False,False,False,False,False,False
2769,TRUE,30,135,25,1,False,False,False,False,False,False,False
2770,FALSE,20,93,12,0,False,False,False,False,False,False,False
2771,FALSE,17,88,13,0,False,False,False,False,False,False,False
2772,TRUE,57,190,19,2,False,False,False,False,False,False,False
2773,FALSE,31,105,20,2,False,False,False,False,False,False,False
2774,FALSE,25,121,20,0,False,False,False,False,False,False,False
2775,TRUE,48,173,36,1,False,False,False,False,False,False,False
2776,FALSE,22,110,11,0,False,False,False,False,False,False,False
2777,FALSE,23,83,16,0,False,False,False,False,False,False,False
2778,TRUE,29,106,16,0,False,False,False,False,False,False,False
2779,FALSE,25,136,21,0,False,False,False,False,False,False,False
2780,FALSE,28,143,24,0,False,False,False,False,False,False,False
2781,FALSE,27,138,20,0,False,False,False,False,False,False,False
2782,TRUE,49,259,40,0,False,False,False,False,False,False,False
2783,TRUE,35,173,24,0,False,False,False,False,False,False,False
2784,FALSE,22,100,15,0,False,False,False,False,False,False,False
2785,TRUE,36,161,29,3,False,False,False,False,False,False,False
2786,FALSE,16,70,13,0,False,False,False,False,False,False,False
2787,FALSE,21,135,20,0,False,False,False,False,False,False,False
2788,FALSE,22,81,14,0,False,False,False,False,False,False,False
2789,FALSE,29,140,19,0,False,False,False,False,False,False,False
2790,TRUE,31,132,23,0,False,False,False,False,False,False,False
2791,FALSE,32,192,24,0,False,False,False,False,False,False,False
2792,FALSE,29,126,16,0,False,False,False,False,False,False,False
2793,FALSE,36,178,29,1,False,False,False,False,False,False,False
2794,FALSE,37,188,28,0,False,False,False,False,False,False,False
2795,TRUE,32,133,22,0,False,False,False,False,False,False,False
2796,FALSE,42,224,36,0,False,False,False,False,False,False,False
2797,FALSE,25,124,19,2,False,False,False,False,False,False,False
2798,TRUE,34,142,21,0,False,False,False,False,False,False,False
2799,FALSE,26,112,21,0,False,False,False,False,False,False,False
2800,FALSE,30,112,22,0,False,False,False,False,False,False,False
2801,TRUE,39,188,29,1,False,False,False,False,False,False,False
2802,TRUE,73,314,49,1,False,False,False,False,False,False,False
2803,FALSE,22,133,21,0,False,False,False,False,False,False,False
2804,TRUE,59,276,52,2,False,False,False,False,False,False,False
2805,TRUE,50,230,38,0,False,False,False,False,False,False,False
2806,TRUE,45,195,38,0,False,False,False,False,False,False,False
2807,FALSE,22,120,17,0,False,False,False,False,False,False,False
2808,TRUE,36,178,22,0,False,False,False,False,False,False,False
2809,FALSE,17,64,12,0,False,False,False,False,False,False,False
2810,FALSE,19,100,15,0,False,False,False,False,False,False,False
2811,FALSE,21,111,19,0,False,False,False,False,False,False,False
2812,FALSE,16,98,15,0,False,False,False,False,False,False,False
2813,FALSE,43,163,25,0,False,False,False,False,False,False,False
2814,TRUE,228,1092,181,0,True,True,False,False,False,False,False
2815,FALSE,31,174,25,0,False,False,False,False,False,False,False
2816,FALSE,21,71,15,0,False,False,False,False,False,False,False
2817,FALSE,19,82,15,1,False,False,False,False,False,False,False
2818,FALSE,22,76,15,0,False,False,False,False,False,False,False
2819,TRUE,33,176,28,1,False,False,False,False,False,False,False
2820,FALSE,19,99,18,0,False,False,False,False,False,False,False
2821,FALSE,30,137,26,0,False,False,False,False,False,False,False
2822,FALSE,18,108,17,0,False,False,False,False,False,False,False
2823,FALSE,26,128,24,0,False,False,False,False,False,False,False
2824,FALSE,22,121,20,0,False,False,False,False,False,False,False
2825,FALSE,22,86,15,4,False,False,False,False,False,False,False
2826,FALSE,24,133,22,0,False,False,False,False,False,False,False
2827,FALSE,23,101,19,1,False,False,False,False,False,False,False
2828,FALSE,36,177,27,1,False,False,False,False,False,False,False
2829,FALSE,27,107,16,1,False,False,False,False,False,False,False
2830,TRUE,28,165,27,0,False,False,False,False,False,False,False
2831,FALSE,21,113,19,0,False,False,False,False,False,False,False
2832,FALSE,15,64,11,0,False,False,False,False,False,False,False
2833,FALSE,17,65,9,1,False,False,False,False,False,False,False
2834,FALSE,22,119,19,0,False,False,False,False,False,False,False
2835,FALSE,37,190,33,0,False,False,False,False,False,False,False
2836,TRUE,43,210,36,0,False,False,False,False,False,False,False
2837,FALSE,18,93,16,0,False,False,False,False,False,False,False
2838,FALSE,24,114,18,0,False,False,False,False,False,False,False
2839,FALSE,22,96,18,0,False,False,False,False,False,False,False
2840,FALSE,29,128,26,0,False,False,False,False,False,False,False
2841,FALSE,73,236,33,1,False,False,False,False,False,False,False
2842,TRUE,45,179,29,4,False,False,False,False,False,False,False
2843,TRUE,38,217,34,0,False,False,False,False,False,False,False
2844,FALSE,19,110,18,0,False,False,False,False,False,False,False
2845,FALSE,45,57,10,0,False,False,False,False,False,False,False
2846,TRUE,34,190,26,0,False,False,False,False,False,False,False
2847,FALSE,23,126,20,0,False,False,False,False,False,False,False
2848,TRUE,43,227,36,1,False,False,False,False,False,False,False
2849,TRUE,28,129,19,3,False,False,False,False,False,False,False
2850,FALSE,40,191,37,0,False,False,False,False,False,False,False
2851,FALSE,41,182,35,0,False,False,False,False,False,False,False
2852,FALSE,31,102,17,0,False,False,False,False,False,False,False
2853,FALSE,26,141,23,0,False,False,False,False,False,False,False
2854,TRUE,101,344,50,0,False,False,False,False,False,False,False
2855,FALSE,25,127,24,0,False,False,False,False,False,False,False
2856,FALSE,36,153,30,2,False,False,False,False,False,False,False
2857,FALSE,22,96,14,0,False,False,False,False,False,False,False
2858,FALSE,23,100,17,0,False,False,False,False,False,False,False
2859,TRUE,41,137,25,0,False,False,False,False,False,False,False
2860,FALSE,39,193,28,0,False,False,False,False,False,False,False
2861,FALSE,18,95,17,0,False,False,False,False,False,False,False
2862,TRUE,50,225,43,0,False,False,False,False,False,False,False
2863,FALSE,20,91,14,0,False,False,False,False,False,False,False
2864,FALSE,17,76,11,0,False,False,False,False,False,False,False
2865,TRUE,24,112,21,0,False,False,False,False,False,False,False
2866,TRUE,50,218,34,0,False,False,False,False,False,False,False
2867,FALSE,29,142,22,0,False,False,False,False,False,False,False
2868,TRUE,41,226,31,0,False,False,False,False,False,False,False
2869,FALSE,28,154,21,0,False,False,False,False,False,False,False
2870,FALSE,35,136,24,0,False,False,False,False,False,False,False
2871,FALSE,23,94,8,0,False,False,False,False,False,False,False
2872,FALSE,37,201,30,0,False,False,False,False,False,False,False
2873,FALSE,19,113,16,0,False,False,False,False,False,False,False
2874,FALSE,64,303,57,0,False,False,False,False,False,False,False
2875,TRUE,32,170,29,0,False,False,False,False,False,False,False
2876,FALSE,24,89,14,0,False,False,False,False,False,False,False
2877,FALSE,16,87,14,0,False,False,False,False,False,False,False
2878,TRUE,229,915,205,21,True,True,False,False,False,False,False
2879,FALSE,28,93,22,2,False,False,False,False,False,False,False
2880,TRUE,37,155,24,0,False,False,False,False,False,False,False
2881,FALSE,19,92,16,0,False,False,False,False,False,False,False
2882,FALSE,25,146,23,0,False,False,False,False,False,False,False
2883,FALSE,16,90,14,0,False,False,False,False,False,False,False
2884,FALSE,26,141,21,0,False,False,False,False,False,False,False
2885,FALSE,29,133,25,1,False,False,False,False,False,False,False
2886,FALSE,30,150,25,0,False,False,False,False,False,False,False
2887,FALSE,41,188,30,0,False,False,False,False,False,False,False
2888,FALSE,17,65,11,0,False,False,False,False,False,False,False
2889,FALSE,34,176,31,0,False,False,False,False,False,False,False
2890,FALSE,25,80,16,0,False,False,False,False,False,False,False
2891,FALSE,17,96,14,0,False,False,False,False,False,False,False
2892,TRUE,38,159,32,0,False,False,False,False,False,False,False
2893,TRUE,34,140,26,1,False,False,False,False,False,False,False
2894,FALSE,16,53,11,1,False,False,False,False,False,False,False
2895,FALSE,21,128,20,0,False,False,False,False,False,False,False
2896,FALSE,21,83,13,0,False,False,False,False,False,False,False
2897,TRUE,29,127,20,0,False,False,False,False,False,False,False
2898,TRUE,33,201,25,0,False,False,False,False,False,False,False
2899,FALSE,21,93,15,0,False,False,False,False,False,False,False
2900,TRUE,45,184,32,2,False,False,False,False,False,False,False
2901,FALSE,23,142,20,0,False,False,False,False,False,False,False
2902,FALSE,20,105,16,0,False,False,False,False,False,False,False
2903,FALSE,28,142,24,0,False,False,False,False,False,False,False
2904,FALSE,19,112,17,0,False,False,False,False,False,False,False
2905,TRUE,36,205,32,0,False,False,False,False,False,False,False
2906,TRUE,39,224,31,0,False,False,False,False,False,False,False
2907,FALSE,29,111,19,0,False,False,False,False,False,False,False
2908,FALSE,17,88,13,0,False,False,False,False,False,False,False
2909,FALSE,17,99,15,0,False,False,False,False,False,False,False
2910,FALSE,32,161,22,0,False,False,False,False,False,False,False
2911,FALSE,32,186,27,2,False,False,False,False,False,False,False
2912,FALSE,21,106,18,0,False,False,False,False,False,False,False
2913,FALSE,21,76,13,2,False,False,False,False,False,False,False
2914,FALSE,29,148,25,0,False,False,False,False,False,False,False
2915,FALSE,26,127,23,0,False,False,False,False,False,False,False
2916,FALSE,18,89,15,0,False,False,False,False,False,False,False
2917,FALSE,26,140,25,0,False,False,False,False,False,False,False
2918,FALSE,32,162,27,1,False,False,False,False,False,False,False
2919,TRUE,27,152,26,0,False,False,False,False,False,False,False
2920,FALSE,14,86,13,0,False,False,False,False,False,False,False
2921,TRUE,34,133,26,0,False,False,False,False,False,False,False
2922,TRUE,28,125,21,0,False,False,False,False,False,False,False
2923,FALSE,22,114,19,0,False,False,False,False,False,False,False
2924,TRUE,47,244,39,0,False,False,False,False,False,False,False
2925,TRUE,43,197,28,0,False,False,False,False,False,False,False
2926,FALSE,28,135,23,0,False,False,False,False,False,False,False
2927,FALSE,19,112,17,0,False,False,False,False,False,False,False
2928,FALSE,29,143,24,0,False,False,False,False,False,False,False
2929,TRUE,29,166,25,0,False,False,False,False,False,False,False
2930,TRUE,28,116,24,0,False,False,False,False,False,False,False
2931,FALSE,24,114,23,0,False,False,False,False,False,False,False
2932,TRUE,29,162,27,0,False,False,False,False,False,False,False
2933,FALSE,25,141,21,0,False,False,False,False,False,False,False
2934,TRUE,38,186,30,0,False,False,False,False,False,False,False
2935,FALSE,24,97,20,0,False,False,False,False,False,False,False
2936,FALSE,36,199,34,0,False,False,False,False,False,False,False
2937,FALSE,40,137,24,0,False,False,False,False,False,False,False
2938,FALSE,23,98,18,1,False,False,False,False,False,False,False
2939,FALSE,23,102,18,0,False,False,False,False,False,False,False
2940,FALSE,27,125,22,0,False,False,False,False,False,False,False
2941,TRUE,7,17,3,0,False,False,False,False,False,False,False
2942,TRUE,28,164,25,0,False,False,False,False,False,False,False
2943,TRUE,49,226,37,2,False,False,False,False,False,False,False
2944,TRUE,41,231,37,1,False,False,False,False,False,False,False
2945,FALSE,21,96,16,0,False,False,False,False,False,False,False
2946,FALSE,23,49,4,1,False,False,False,False,False,False,False
2947,FALSE,53,252,49,0,False,False,False,False,False,False,False
2948,FALSE,30,149,24,0,False,False,False,False,False,False,False
2949,TRUE,38,186,27,0,False,False,False,False,False,False,False
2950,FALSE,38,126,23,0,False,False,False,False,False,False,False
2951,FALSE,28,146,22,1,False,False,False,False,False,False,False
2952,FALSE,16,77,14,0,False,False,False,False,False,False,False
2953,TRUE,32,149,25,2,False,False,False,False,False,False,False
2954,TRUE,43,239,35,1,False,False,False,False,False,False,False
2955,FALSE,19,99,17,0,False,False,False,False,False,False,False
2956,FALSE,20,94,15,0,False,False,False,False,False,False,False
2957,TRUE,40,199,32,1,False,False,False,False,False,False,False
2958,FALSE,35,168,31,0,False,False,False,False,False,False,False
2959,FALSE,18,69,13,1,False,False,False,False,False,False,False
2960,FALSE,28,125,20,0,False,False,False,False,False,False,False
2961,TRUE,69,267,41,0,False,False,False,False,False,False,False
2962,FALSE,43,197,33,1,False,False,False,False,False,False,False
2963,TRUE,36,170,29,0,False,False,False,False,False,False,False
2964,FALSE,33,138,29,0,False,False,False,False,False,False,False
2965,FALSE,18,55,9,0,False,False,False,False,False,False,False
2966,FALSE,32,154,28,0,False,False,False,False,False,False,False
2967,FALSE,23,157,22,0,False,False,False,False,False,False,False
2968,TRUE,35,159,31,0,False,False,False,False,False,False,False
2969,FALSE,27,110,19,0,False,False,False,False,False,False,False
2970,FALSE,23,102,19,1,False,False,False,False,False,False,False
2971,FALSE,34,122,19,0,False,False,False,False,False,False,False
2972,FALSE,23,109,20,0,False,False,False,False,False,False,False
2973,FALSE,16,78,11,0,False,False,False,False,False,False,False
2974,FALSE,29,129,24,0,False,False,False,False,False,False,False
2975,FALSE,25,142,20,0,False,False,False,False,False,False,False
2976,FALSE,36,199,33,0,False,False,False,False,False,False,False
2977,FALSE,22,81,13,0,False,False,False,False,False,False,False
2978,FALSE,19,72,11,0,False,False,False,False,False,False,False
2979,FALSE,38,151,28,1,False,False,False,False,False,False,False
2980,FALSE,166,465,163,0,True,False,False,False,False,False,False
2981,TRUE,22,116,17,0,False,False,False,False,False,False,False
2982,FALSE,34,163,31,0,False,False,False,False,False,False,False
2983,FALSE,26,95,21,2,False,False,False,False,False,False,False
2984,TRUE,31,121,24,1,False,False,False,False,False,False,False
2985,TRUE,35,185,30,0,False,False,False,False,False,False,False
2986,FALSE,22,96,15,0,False,False,False,False,False,False,False
2987,FALSE,26,130,22,0,False,False,False,False,False,False,False
2988,TRUE,64,355,58,0,False,False,False,False,False,False,False
2989,TRUE,27,117,22,1,False,False,False,False,False,False,False
2990,FALSE,75,270,49,0,False,False,False,False,False,False,False
2991,TRUE,24,73,13,0,False,False,False,False,False,False,False
2992,TRUE,25,129,22,0,False,False,False,False,False,False,False
2993,TRUE,59,267,43,0,False,False,False,False,False,False,False
2994,FALSE,23,122,21,0,False,False,False,False,False,False,False
2995,FALSE,33,147,21,1,False,False,False,False,False,False,False
2996,FALSE,22,120,21,0,False,False,False,False,False,False,False
2997,FALSE,50,296,43,0,False,False,False,False,False,False,False
2998,FALSE,29,168,27,0,False,False,False,False,False,False,False
2999,TRUE,32,172,22,0,False,False,False,False,False,False,False
3000,TRUE,60,274,41,0,False,False,False,False,False,False,False
3001,FALSE,23,96,15,0,False,False,False,False,False,False,False
3002,TRUE,42,174,30,0,False,False,False,False,False,False,False
3003,FALSE,47,171,27,3,False,False,False,False,False,False,False
3004,FALSE,27,68,2,1,False,False,False,False,False,False,False
3005,TRUE,46,256,41,2,False,False,False,False,False,False,False
3006,FALSE,17,99,16,0,False,False,False,False,False,False,False
3007,FALSE,24,137,19,0,False,False,False,False,False,False,False
3008,FALSE,14,68,13,0,False,False,False,False,False,False,False
3009,FALSE,19,95,17,0,False,False,False,False,False,False,False
3010,FALSE,36,191,33,1,False,False,False,False,False,False,False
3011,FALSE,16,71,14,0,False,False,False,False,False,False,False
3012,TRUE,30,118,14,0,False,False,False,False,False,False,False
3013,FALSE,45,172,30,0,False,False,False,False,False,False,False
3014,FALSE,29,148,24,0,False,False,False,False,False,False,False
3015,FALSE,19,96,16,0,False,False,False,False,False,False,False
3016,TRUE,43,200,39,0,False,False,False,False,False,False,False
3017,FALSE,40,140,25,1,False,False,False,False,False,False,False
3018,FALSE,26,109,16,0,False,False,False,False,False,False,False
3019,FALSE,29,111,21,0,False,False,False,False,False,False,False
3020,FALSE,21,121,19,1,False,False,False,False,False,False,False
3021,TRUE,36,153,25,1,False,False,False,False,False,False,False
3022,FALSE,18,89,15,0,False,False,False,False,False,False,False
3023,TRUE,60,302,42,2,False,False,False,False,False,False,False
3024,TRUE,48,222,37,0,False,False,False,False,False,False,False
3025,FALSE,25,79,18,0,False,False,False,False,False,False,False
3026,TRUE,37,129,16,4,False,False,False,False,False,False,False
3027,TRUE,37,175,30,1,False,False,False,False,False,False,False
3028,FALSE,26,120,20,0,False,False,False,False,False,False,False
3029,TRUE,61,270,51,0,False,False,False,False,False,False,False
3030,FALSE,23,56,7,2,False,False,False,False,False,False,False
3031,TRUE,39,207,31,0,False,False,False,False,False,False,False
3032,TRUE,33,144,27,0,False,False,False,False,False,False,False
3033,TRUE,49,189,27,0,False,False,False,False,False,False,False
3034,FALSE,18,90,16,0,False,False,False,False,False,False,False
3035,FALSE,29,154,24,0,False,False,False,False,False,False,False
3036,FALSE,33,142,26,0,False,False,False,False,False,False,False
3037,FALSE,23,83,14,1,False,False,False,False,False,False,False
3038,TRUE,33,126,17,7,False,False,False,False,False,False,False
3039,FALSE,18,71,12,1,False,False,False,False,False,False,False
3040,TRUE,46,223,38,0,False,False,False,False,False,False,False
3041,TRUE,47,208,37,2,False,False,False,False,False,False,False
3042,FALSE,18,55,5,1,False,False,False,False,False,False,False
3043,FALSE,25,63,10,2,False,False,False,False,False,False,False
3044,FALSE,25,139,22,0,False,False,False,False,False,False,False
3045,FALSE,20,112,16,0,False,False,False,False,False,False,False
3046,TRUE,45,215,35,0,False,False,False,False,False,False,False
3047,FALSE,26,156,23,0,False,False,False,False,False,False,False
3048,FALSE,21,87,17,0,False,False,False,False,False,False,False
3049,TRUE,40,196,30,0,False,False,False,False,False,False,False
3050,TRUE,31,174,25,0,False,False,False,False,False,False,False
3051,FALSE,42,193,31,2,False,False,False,False,False,False,False
3052,TRUE,37,168,21,0,False,False,False,False,False,False,False
3053,FALSE,19,106,18,0,False,False,False,False,False,False,False
3054,FALSE,25,99,21,0,False,False,False,False,False,False,False
3055,FALSE,23,75,17,0,False,False,False,False,False,False,False
3056,FALSE,22,98,17,0,False,False,False,False,False,False,False
3057,FALSE,39,227,36,0,False,False,False,False,False,False,False
3058,FALSE,18,81,15,0,False,False,False,False,False,False,False
3059,FALSE,23,134,19,0,False,False,False,False,False,False,False
3060,FALSE,19,101,15,0,False,False,False,False,False,False,False
3061,FALSE,261,591,11,0,True,True,True,False,False,False,False
3062,FALSE,45,196,30,0,False,False,False,False,False,False,False
3063,TRUE,31,169,27,0,False,False,False,False,False,False,False
3064,FALSE,34,161,27,2,False,False,False,False,False,False,False
3065,FALSE,22,81,15,1,False,False,False,False,False,False,False
3066,FALSE,25,102,18,0,False,False,False,False,False,False,False
3067,TRUE,39,167,23,0,False,False,False,False,False,False,False
3068,FALSE,31,130,18,0,False,False,False,False,False,False,False
3069,TRUE,37,133,21,0,False,False,False,False,False,False,False
3070,TRUE,28,118,21,0,False,False,False,False,False,False,False
3071,TRUE,49,189,32,5,False,False,False,False,False,False,False
3072,TRUE,44,238,39,0,False,False,False,False,False,False,False
3073,TRUE,34,157,27,0,False,False,False,False,False,False,False
3074,FALSE,27,126,23,0,False,False,False,False,False,False,False
3075,TRUE,37,122,22,3,False,False,False,False,False,False,False
3076,FALSE,27,126,23,0,False,False,False,False,False,False,False
3077,FALSE,22,46,6,0,False,False,False,False,False,False,False
3078,FALSE,27,133,21,0,False,False,False,False,False,False,False
3079,TRUE,35,183,30,0,False,False,False,False,False,False,False
3080,FALSE,32,168,29,0,False,False,False,False,False,False,False
3081,FALSE,28,96,18,2,False,False,False,False,False,False,False
3082,FALSE,23,112,18,0,False,False,False,False,False,False,False
3083,FALSE,16,75,10,0,False,False,False,False,False,False,False
3084,FALSE,27,125,24,0,False,False,False,False,False,False,False
3085,FALSE,27,137,21,1,False,False,False,False,False,False,False
3086,FALSE,25,151,22,0,False,False,False,False,False,False,False
3087,TRUE,34,178,27,0,False,False,False,False,False,False,False
3088,FALSE,20,68,11,0,False,False,False,False,False,False,False
3089,FALSE,19,119,15,0,False,False,False,False,False,False,False
3090,FALSE,39,174,29,0,False,False,False,False,False,False,False
3091,FALSE,29,119,18,1,False,False,False,False,False,False,False
3092,FALSE,29,173,26,0,False,False,False,False,False,False,False
3093,FALSE,76,250,35,0,False,False,False,False,False,False,False
3094,FALSE,38,168,29,0,False,False,False,False,False,False,False
3095,FALSE,16,66,10,0,False,False,False,False,False,False,False
3096,FALSE,30,144,22,2,False,False,False,False,False,False,False
3097,FALSE,24,125,19,2,False,False,False,False,False,False,False
3098,FALSE,22,103,17,0,False,False,False,False,False,False,False
3099,FALSE,19,71,13,0,False,False,False,False,False,False,False
3100,FALSE,22,111,16,0,False,False,False,False,False,False,False
3101,FALSE,39,195,33,1,False,False,False,False,False,False,False
3102,FALSE,36,209,33,0,False,False,False,False,False,False,False
3103,FALSE,33,156,25,0,False,False,False,False,False,False,False
3104,FALSE,30,136,25,0,False,False,False,False,False,False,False
3105,FALSE,33,126,15,0,False,False,False,False,False,False,False
3106,FALSE,16,88,14,0,False,False,False,False,False,False,False
3107,FALSE,23,104,21,0,False,False,False,False,False,False,False
3108,FALSE,35,152,25,0,False,False,False,False,False,False,False
3109,FALSE,32,166,29,0,False,False,False,False,False,False,False
3110,FALSE,23,104,21,0,False,False,False,False,False,False,False
3111,FALSE,30,155,25,1,False,False,False,False,False,False,False
3112,FALSE,60,309,49,0,False,False,False,False,False,False,False
3113,FALSE,23,125,20,0,False,False,False,False,False,False,False
3114,TRUE,51,199,30,1,False,False,False,False,False,False,False
3115,FALSE,41,241,35,1,False,False,False,False,False,False,False
3116,FALSE,25,111,19,0,False,False,False,False,False,False,False
3117,TRUE,31,145,19,0,False,False,False,False,False,False,False
3118,FALSE,18,106,17,0,False,False,False,False,False,False,False
3119,TRUE,64,102,17,2,False,False,False,False,False,False,False
3120,FALSE,18,93,15,0,False,False,False,False,False,False,False
3121,FALSE,28,139,24,0,False,False,False,False,False,False,False
3122,FALSE,31,151,26,0,False,False,False,False,False,False,False
3123,FALSE,49,198,35,0,False,False,False,False,False,False,False
3124,TRUE,30,163,23,0,False,False,False,False,False,False,False
3125,FALSE,35,129,24,0,False,False,False,False,False,False,False
3126,FALSE,25,111,20,0,False,False,False,False,False,False,False
3127,FALSE,17,95,16,0,False,False,False,False,False,False,False
3128,FALSE,23,136,18,0,False,False,False,False,False,False,False
3129,TRUE,40,195,31,1,False,False,False,False,False,False,False
3130,TRUE,46,235,33,0,False,False,False,False,False,False,False
3131,FALSE,26,118,23,0,False,False,False,False,False,False,False
3132,FALSE,40,175,26,4,False,False,False,False,False,False,False
3133,FALSE,24,78,12,2,False,False,False,False,False,False,False
3134,FALSE,32,207,30,0,False,False,False,False,False,False,False
3135,FALSE,22,126,18,0,False,False,False,False,False,False,False
3136,FALSE,42,255,40,0,False,False,False,False,False,False,False
3137,FALSE,26,157,23,0,False,False,False,False,False,False,False
3138,FALSE,19,86,14,0,False,False,False,False,False,False,False
3139,FALSE,30,143,28,0,False,False,False,False,False,False,False
3140,FALSE,29,121,23,0,False,False,False,False,False,False,False
3141,TRUE,41,211,36,0,False,False,False,False,False,False,False
3142,TRUE,43,186,36,0,False,False,False,False,False,False,False
3143,TRUE,38,147,26,0,False,False,False,False,False,False,False
3144,TRUE,28,164,23,0,False,False,False,False,False,False,False
3145,FALSE,20,83,16,0,False,False,False,False,False,False,False
3146,TRUE,45,237,36,0,False,False,False,False,False,False,False
3147,TRUE,28,102,15,0,False,False,False,False,False,False,False
3148,FALSE,20,93,13,0,False,False,False,False,False,False,False
3149,FALSE,19,102,15,0,False,False,False,False,False,False,False
3150,FALSE,26,139,22,1,False,False,False,False,False,False,False
3151,FALSE,30,86,14,0,False,False,False,False,False,False,False
3152,FALSE,21,91,16,0,False,False,False,False,False,False,False
3153,TRUE,30,182,26,0,False,False,False,False,False,False,False
3154,FALSE,29,161,24,0,False,False,False,False,False,False,False
3155,FALSE,33,141,25,0,False,False,False,False,False,False,False
3156,FALSE,32,114,24,2,False,False,False,False,False,False,False
3157,FALSE,22,101,14,0,False,False,False,False,False,False,False
3158,TRUE,31,138,24,0,False,False,False,False,False,False,False
3159,FALSE,37,155,26,2,False,False,False,False,False,False,False
3160,FALSE,27,122,24,0,False,False,False,False,False,False,False
3161,TRUE,36,169,27,0,False,False,False,False,False,False,False
3162,TRUE,30,154,26,1,False,False,False,False,False,False,False
3163,TRUE,51,272,43,2,False,False,False,False,False,False,False
3164,FALSE,23,128,21,0,False,False,False,False,False,False,False
3165,FALSE,15,74,10,0,False,False,False,False,False,False,False
3166,FALSE,33,155,22,0,False,False,False,False,False,False,False
3167,FALSE,25,164,23,0,False,False,False,False,False,False,False
3168,FALSE,51,265,41,0,False,False,False,False,False,False,False
3169,FALSE,19,104,15,0,False,False,False,False,False,False,False
3170,FALSE,26,126,20,0,False,False,False,False,False,False,False
3171,TRUE,26,147,21,0,False,False,False,False,False,False,False
3172,FALSE,39,82,13,0,False,False,False,False,False,False,False
3173,TRUE,41,224,35,1,False,False,False,False,False,False,False
3174,FALSE,48,255,38,0,False,False,False,False,False,False,False
3175,FALSE,33,159,28,0,False,False,False,False,False,False,False
3176,FALSE,39,169,24,0,False,False,False,False,False,False,False
3177,FALSE,21,114,19,0,False,False,False,False,False,False,False
3178,FALSE,26,96,19,0,False,False,False,False,False,False,False
3179,FALSE,30,147,21,0,False,False,False,False,False,False,False
3180,FALSE,21,93,18,0,False,False,False,False,False,False,False
3181,FALSE,28,182,24,0,False,False,False,False,False,False,False
3182,FALSE,33,146,24,0,False,False,False,False,False,False,False
3183,TRUE,33,137,25,0,False,False,False,False,False,False,False
3184,FALSE,31,153,29,0,False,False,False,False,False,False,False
3185,FALSE,13,63,10,0,False,False,False,False,False,False,False
3186,FALSE,40,203,33,1,False,False,False,False,False,False,False
3187,FALSE,47,189,29,0,False,False,False,False,False,False,False
3188,FALSE,35,145,22,1,False,False,False,False,False,False,False
3189,TRUE,36,215,30,2,False,False,False,False,False,False,False
3190,FALSE,18,89,15,0,False,False,False,False,False,False,False
3191,FALSE,34,141,26,0,False,False,False,False,False,False,False
3192,TRUE,52,231,42,0,False,False,False,False,False,False,False
3193,FALSE,36,204,33,0,False,False,False,False,False,False,False
3194,FALSE,22,138,20,0,False,False,False,False,False,False,False
3195,FALSE,18,101,16,0,False,False,False,False,False,False,False
3196,FALSE,29,155,20,0,False,False,False,False,False,False,False
3197,FALSE,45,194,40,0,False,False,False,False,False,False,False
3198,FALSE,28,149,22,0,False,False,False,False,False,False,False
3199,FALSE,25,114,19,0,False,False,False,False,False,False,False
3200,FALSE,30,136,18,0,False,False,False,False,False,False,False
3201,TRUE,43,243,39,0,False,False,False,False,False,False,False
3202,FALSE,24,124,20,0,False,False,False,False,False,False,False
3203,TRUE,30,161,24,0,False,False,False,False,False,False,False
3204,FALSE,35,168,30,0,False,False,False,False,False,False,False
3205,FALSE,22,105,15,0,False,False,False,False,False,False,False
3206,TRUE,60,323,49,0,False,False,False,False,False,False,False
3207,FALSE,32,138,29,0,False,False,False,False,False,False,False
3208,FALSE,32,173,27,0,False,False,False,False,False,False,False
3209,FALSE,33,95,13,0,False,False,False,False,False,False,False
3210,TRUE,77,297,51,0,False,False,False,False,False,False,False
3211,TRUE,33,229,28,0,False,False,False,False,False,False,False
3212,FALSE,24,104,20,0,False,False,False,False,False,False,False
3213,TRUE,37,162,27,0,False,False,False,False,False,False,False
3214,FALSE,20,96,19,0,False,False,False,False,False,False,False
3215,TRUE,39,199,33,1,False,False,False,False,False,False,False
3216,FALSE,28,168,24,0,False,False,False,False,False,False,False
3217,FALSE,32,169,28,0,False,False,False,False,False,False,False
3218,FALSE,26,134,24,0,False,False,False,False,False,False,False
3219,FALSE,19,47,9,2,False,False,False,False,False,False,False
3220,FALSE,35,152,20,1,False,False,False,False,False,False,False
3221,FALSE,38,184,33,1,False,False,False,False,False,False,False
3222,TRUE,24,56,7,0,False,False,False,False,False,False,False
3223,FALSE,218,252,6,0,True,True,False,False,False,False,False
3224,FALSE,31,165,25,0,False,False,False,False,False,False,False
3225,TRUE,38,197,35,0,False,False,False,False,False,False,False
3226,FALSE,21,128,20,0,False,False,False,False,False,False,False
3227,TRUE,45,180,32,6,False,False,False,False,False,False,False
3228,FALSE,31,169,26,0,False,False,False,False,False,False,False
3229,FALSE,24,155,22,0,False,False,False,False,False,False,False
3230,FALSE,18,68,11,1,False,False,False,False,False,False,False
3231,TRUE,28,129,24,0,False,False,False,False,False,False,False
3232,FALSE,28,127,22,0,False,False,False,False,False,False,False
3233,FALSE,18,78,13,0,False,False,False,False,False,False,False
3234,FALSE,41,179,29,0,False,False,False,False,False,False,False
3235,FALSE,17,99,16,0,False,False,False,False,False,False,False
3236,FALSE,28,150,25,0,False,False,False,False,False,False,False
3237,FALSE,33,189,27,0,False,False,False,False,False,False,False
3238,TRUE,29,112,17,0,False,False,False,False,False,False,False
3239,FALSE,16,72,14,0,False,False,False,False,False,False,False
3240,TRUE,41,156,20,0,False,False,False,False,False,False,False
3241,FALSE,21,140,19,0,False,False,False,False,False,False,False
3242,FALSE,60,312,53,2,False,False,False,False,False,False,False
3243,FALSE,42,152,28,0,False,False,False,False,False,False,False
3244,FALSE,25,67,14,1,False,False,False,False,False,False,False
3245,TRUE,41,210,34,0,False,False,False,False,False,False,False
3246,FALSE,19,102,14,0,False,False,False,False,False,False,False
3247,FALSE,39,149,27,2,False,False,False,False,False,False,False
3248,FALSE,27,151,23,0,False,False,False,False,False,False,False
3249,FALSE,20,88,15,0,False,False,False,False,False,False,False
3250,FALSE,18,102,15,0,False,False,False,False,False,False,False
3251,TRUE,35,137,29,0,False,False,False,False,False,False,False
3252,FALSE,33,177,29,0,False,False,False,False,False,False,False
3253,FALSE,21,119,16,0,False,False,False,False,False,False,False
3254,FALSE,18,83,15,0,False,False,False,False,False,False,False
3255,FALSE,18,86,11,0,False,False,False,False,False,False,False
3256,TRUE,46,195,34,0,False,False,False,False,False,False,False
3257,FALSE,31,93,16,2,False,False,False,False,False,False,False
3258,TRUE,27,100,14,0,False,False,False,False,False,False,False
3259,TRUE,86,281,37,6,False,False,False,False,False,False,False
3260,TRUE,32,136,27,0,False,False,False,False,False,False,False
3261,FALSE,17,114,16,0,False,False,False,False,False,False,False
3262,FALSE,18,50,9,0,False,False,False,False,False,False,False
3263,FALSE,23,126,19,0,False,False,False,False,False,False,False
3264,FALSE,27,110,19,1,False,False,False,False,False,False,False
3265,FALSE,20,101,19,0,False,False,False,False,False,False,False
3266,FALSE,26,135,21,0,False,False,False,False,False,False,False
3267,FALSE,25,114,19,0,False,False,False,False,False,False,False
3268,FALSE,22,77,16,2,False,False,False,False,False,False,False
3269,FALSE,19,79,17,0,False,False,False,False,False,False,False
3270,FALSE,28,143,24,0,False,False,False,False,False,False,False
3271,TRUE,37,161,31,2,False,False,False,False,False,False,False
3272,FALSE,21,70,14,3,False,False,False,False,False,False,False
3273,TRUE,28,92,14,0,False,False,False,False,False,False,False
3274,FALSE,34,184,30,0,False,False,False,False,False,False,False
3275,FALSE,23,106,17,0,False,False,False,False,False,False,False
3276,FALSE,26,127,20,0,False,False,False,False,False,False,False
3277,FALSE,39,90,2,0,False,False,False,False,False,False,False
3278,TRUE,34,196,28,1,False,False,False,False,False,False,False
3279,FALSE,32,154,24,0,False,False,False,False,False,False,False
3280,FALSE,24,128,22,0,False,False,False,False,False,False,False
3281,FALSE,23,107,17,0,False,False,False,False,False,False,False
3282,FALSE,26,143,22,0,False,False,False,False,False,False,False
3283,FALSE,22,119,21,0,False,False,False,False,False,False,False
3284,FALSE,31,165,26,1,False,False,False,False,False,False,False
3285,FALSE,57,198,35,0,False,False,False,False,False,False,False
3286,FALSE,23,102,17,0,False,False,False,False,False,False,False
3287,FALSE,18,92,15,0,False,False,False,False,False,False,False
3288,FALSE,34,168,30,0,False,False,False,False,False,False,False
3289,TRUE,63,262,48,1,False,False,False,False,False,False,False
3290,FALSE,23,120,15,0,False,False,False,False,False,False,False
3291,FALSE,17,84,14,0,False,False,False,False,False,False,False
3292,FALSE,38,209,29,2,False,False,False,False,False,False,False
3293,FALSE,23,97,19,0,False,False,False,False,False,False,False
3294,FALSE,36,163,31,0,False,False,False,False,False,False,False
3295,FALSE,35,186,30,0,False,False,False,False,False,False,False
3296,FALSE,26,114,21,1,False,False,False,False,False,False,False
3297,FALSE,27,118,21,0,False,False,False,False,False,False,False
3298,FALSE,100,219,40,1,False,False,False,False,False,False,False
3299,FALSE,32,184,26,0,False,False,False,False,False,False,False
3300,FALSE,20,97,12,0,False,False,False,False,False,False,False
3301,FALSE,24,129,20,0,False,False,False,False,False,False,False
3302,TRUE,24,142,21,0,False,False,False,False,False,False,False
3303,TRUE,30,162,27,0,False,False,False,False,False,False,False
3304,FALSE,15,65,12,0,False,False,False,False,False,False,False
3305,FALSE,25,120,23,0,False,False,False,False,False,False,False
3306,TRUE,25,135,24,0,False,False,False,False,False,False,False
3307,FALSE,20,103,17,0,False,False,False,False,False,False,False
3308,TRUE,31,152,25,0,False,False,False,False,False,False,False
3309,FALSE,20,108,18,0,False,False,False,False,False,False,False
3310,TRUE,56,335,48,0,False,False,False,False,False,False,False
3311,FALSE,44,233,35,0,False,False,False,False,False,False,False
3312,FALSE,28,127,21,0,False,False,False,False,False,False,False
3313,FALSE,28,131,21,0,False,False,False,False,False,False,False
3314,FALSE,30,120,24,1,False,False,False,False,False,False,False
3315,FALSE,29,109,23,0,False,False,False,False,False,False,False
3316,FALSE,22,72,11,0,False,False,False,False,False,False,False
3317,FALSE,30,120,24,0,False,False,False,False,False,False,False
3318,FALSE,18,59,12,0,False,False,False,False,False,False,False
3319,FALSE,29,140,23,0,False,False,False,False,False,False,False
3320,TRUE,35,205,31,0,False,False,False,False,False,False,False
3321,FALSE,21,89,18,1,False,False,False,False,False,False,False
3322,FALSE,30,142,26,0,False,False,False,False,False,False,False
3323,FALSE,16,90,14,0,False,False,False,False,False,False,False
3324,TRUE,26,112,21,0,False,False,False,False,False,False,False
3325,FALSE,45,191,34,0,False,False,False,False,False,False,False
3326,FALSE,48,250,44,0,False,False,False,False,False,False,False
3327,FALSE,24,147,22,0,False,False,False,False,False,False,False
3328,FALSE,28,120,21,0,False,False,False,False,False,False,False
3329,FALSE,31,107,17,0,False,False,False,False,False,False,False
3330,TRUE,34,196,31,0,False,False,False,False,False,False,False
3331,FALSE,27,156,22,0,False,False,False,False,False,False,False
3332,TRUE,47,204,38,0,False,False,False,False,False,False,False
3333,FALSE,24,156,20,0,False,False,False,False,False,False,False
3334,FALSE,20,104,17,0,False,False,False,False,False,False,False
3335,TRUE,32,148,21,2,False,False,False,False,False,False,False
3336,FALSE,19,113,15,0,False,False,False,False,False,False,False
3337,FALSE,33,177,31,0,False,False,False,False,False,False,False
3338,FALSE,35,161,26,0,False,False,False,False,False,False,False
3339,FALSE,60,143,20,6,False,False,False,False,False,False,False
3340,TRUE,32,137,25,1,False,False,False,False,False,False,False
3341,FALSE,16,77,13,0,False,False,False,False,False,False,False
3342,TRUE,39,240,35,0,False,False,False,False,False,False,False
3343,FALSE,18,67,14,1,False,False,False,False,False,False,False
3344,TRUE,37,201,33,0,False,False,False,False,False,False,False
3345,FALSE,21,114,17,0,False,False,False,False,False,False,False
3346,FALSE,57,189,35,0,False,False,False,False,False,False,False
3347,FALSE,33,199,31,0,False,False,False,False,False,False,False
3348,FALSE,18,87,15,1,False,False,False,False,False,False,False
3349,FALSE,26,151,23,0,False,False,False,False,False,False,False
3350,TRUE,28,173,26,0,False,False,False,False,False,False,False
3351,TRUE,36,168,31,1,False,False,False,False,False,False,False
3352,TRUE,33,201,28,0,False,False,False,False,False,False,False
3353,TRUE,32,153,24,0,False,False,False,False,False,False,False
3354,TRUE,35,171,28,0,False,False,False,False,False,False,False
3355,FALSE,17,100,16,0,False,False,False,False,False,False,False
3356,FALSE,26,117,21,0,False,False,False,False,False,False,False
3357,FALSE,33,157,25,0,False,False,False,False,False,False,False
3358,FALSE,41,201,38,0,False,False,False,False,False,False,False
3359,FALSE,18,95,13,0,False,False,False,False,False,False,False
3360,TRUE,43,179,30,1,False,False,False,False,False,False,False
3361,FALSE,16,98,14,0,False,False,False,False,False,False,False
3362,FALSE,41,181,28,0,False,False,False,False,False,False,False
3363,TRUE,38,195,26,0,False,False,False,False,False,False,False
3364,FALSE,31,126,23,1,False,False,False,False,False,False,False
3365,FALSE,68,230,44,3,False,False,False,False,False,False,False
3366,FALSE,39,172,31,0,False,False,False,False,False,False,False
3367,FALSE,28,117,19,0,False,False,False,False,False,False,False
3368,FALSE,26,101,18,0,False,False,False,False,False,False,False
3369,FALSE,24,129,19,0,False,False,False,False,False,False,False
3370,FALSE,22,90,18,0,False,False,False,False,False,False,False
3371,TRUE,41,188,31,0,False,False,False,False,False,False,False
3372,FALSE,16,64,14,0,False,False,False,False,False,False,False
3373,FALSE,21,88,13,0,False,False,False,False,False,False,False
3374,FALSE,31,157,24,0,False,False,False,False,False,False,False
3375,FALSE,37,171,24,0,False,False,False,False,False,False,False
3376,FALSE,24,122,19,0,False,False,False,False,False,False,False
3377,FALSE,17,83,13,0,False,False,False,False,False,False,False
3378,TRUE,41,254,39,0,False,False,False,False,False,False,False
3379,FALSE,30,101,18,6,False,False,False,False,False,False,False
3380,FALSE,25,139,22,1,False,False,False,False,False,False,False
3381,TRUE,37,224,34,0,False,False,False,False,False,False,False
3382,TRUE,31,162,28,0,False,False,False,False,False,False,False
3383,FALSE,42,247,38,0,False,False,False,False,False,False,False
3384,FALSE,23,110,15,2,False,False,False,False,False,False,False
3385,FALSE,24,133,22,0,False,False,False,False,False,False,False
3386,TRUE,65,205,27,3,False,False,False,False,False,False,False
3387,FALSE,17,63,6,0,False,False,False,False,False,False,False
3388,TRUE,43,241,36,1,False,False,False,False,False,False,False
3389,FALSE,18,95,17,0,False,False,False,False,False,False,False
3390,TRUE,46,180,27,2,False,False,False,False,False,False,False
3391,FALSE,15,98,13,0,False,False,False,False,False,False,False
3392,FALSE,36,150,25,0,False,False,False,False,False,False,False
3393,FALSE,41,223,37,0,False,False,False,False,False,False,False
3394,FALSE,29,123,24,0,False,False,False,False,False,False,False
3395,FALSE,20,68,14,1,False,False,False,False,False,False,False
3396,TRUE,33,127,19,0,False,False,False,False,False,False,False
3397,TRUE,29,121,19,0,False,False,False,False,False,False,False
3398,FALSE,26,131,17,0,False,False,False,False,False,False,False
3399,FALSE,39,200,29,0,False,False,False,False,False,False,False
3400,FALSE,29,123,20,0,False,False,False,False,False,False,False
3401,FALSE,13,59,11,0,False,False,False,False,False,False,False
3402,TRUE,48,196,36,0,False,False,False,False,False,False,False
3403,FALSE,36,117,24,0,False,False,False,False,False,False,False
3404,FALSE,24,149,20,0,False,False,False,False,False,False,False
3405,FALSE,23,110,21,0,False,False,False,False,False,False,False
3406,FALSE,33,80,2,0,False,False,False,False,False,False,False
3407,FALSE,39,156,29,0,False,False,False,False,False,False,False
3408,TRUE,33,124,16,0,False,False,False,False,False,False,False
3409,FALSE,16,88,15,0,False,False,False,False,False,False,False
3410,FALSE,18,75,13,0,False,False,False,False,False,False,False
3411,FALSE,21,82,16,0,False,False,False,False,False,False,False
3412,TRUE,34,163,29,0,False,False,False,False,False,False,False
3413,FALSE,25,116,19,1,False,False,False,False,False,False,False
3414,FALSE,22,118,18,0,False,False,False,False,False,False,False
3415,FALSE,17,81,15,0,False,False,False,False,False,False,False
3416,FALSE,19,109,16,0,False,False,False,False,False,False,False
3417,FALSE,19,84,15,0,False,False,False,False,False,False,False
3418,FALSE,19,99,16,0,False,False,False,False,False,False,False
3419,TRUE,36,205,31,0,False,False,False,False,False,False,False
3420,TRUE,35,145,23,0,False,False,False,False,False,False,False
3421,FALSE,20,94,18,0,False,False,False,False,False,False,False
3422,TRUE,38,187,34,0,False,False,False,False,False,False,False
3423,FALSE,21,61,7,0,False,False,False,False,False,False,False
3424,FALSE,19,124,16,0,False,False,False,False,False,False,False
3425,FALSE,19,106,16,0,False,False,False,False,False,False,False
3426,FALSE,15,90,14,0,False,False,False,False,False,False,False
3427,FALSE,20,99,16,1,False,False,False,False,False,False,False
3428,FALSE,28,166,26,0,False,False,False,False,False,False,False
3429,FALSE,33,193,31,0,False,False,False,False,False,False,False
3430,TRUE,47,255,44,0,False,False,False,False,False,False,False
3431,FALSE,47,214,38,1,False,False,False,False,False,False,False
3432,TRUE,46,225,35,0,False,False,False,False,False,False,False
3433,FALSE,17,96,15,0,False,False,False,False,False,False,False
3434,FALSE,23,96,19,2,False,False,False,False,False,False,False
3435,FALSE,23,126,18,0,False,False,False,False,False,False,False
3436,FALSE,25,86,14,2,False,False,False,False,False,False,False
3437,TRUE,41,216,32,1,False,False,False,False,False,False,False
3438,FALSE,29,127,21,0,False,False,False,False,False,False,False
3439,FALSE,47,190,35,1,False,False,False,False,False,False,False
3440,TRUE,31,150,19,0,False,False,False,False,False,False,False
3441,TRUE,37,182,31,0,False,False,False,False,False,False,False
3442,FALSE,26,116,23,0,False,False,False,False,False,False,False
3443,FALSE,24,136,23,0,False,False,False,False,False,False,False
3444,FALSE,23,123,18,0,False,False,False,False,False,False,False
3445,FALSE,21,111,19,0,False,False,False,False,False,False,False
3446,TRUE,84,294,54,2,False,False,False,False,False,False,False
3447,FALSE,32,151,30,0,False,False,False,False,False,False,False
3448,FALSE,23,92,13,2,False,False,False,False,False,False,False
3449,FALSE,40,189,31,0,False,False,False,False,False,False,False
3450,FALSE,24,106,18,2,False,False,False,False,False,False,False
3451,TRUE,32,159,28,0,False,False,False,False,False,False,False
3452,FALSE,19,87,18,0,False,False,False,False,False,False,False
3453,FALSE,19,91,16,0,False,False,False,False,False,False,False
3454,TRUE,38,208,32,0,False,False,False,False,False,False,False
3455,FALSE,28,140,22,1,False,False,False,False,False,False,False
3456,FALSE,21,98,17,0,False,False,False,False,False,False,False
3457,TRUE,28,71,9,0,False,False,False,False,False,False,False
3458,FALSE,38,183,35,0,False,False,False,False,False,False,False
3459,FALSE,27,147,25,0,False,False,False,False,False,False,False
3460,FALSE,36,179,32,0,False,False,False,False,False,False,False
3461,TRUE,29,131,18,0,False,False,False,False,False,False,False
3462,FALSE,25,128,20,0,False,False,False,False,False,False,False
3463,TRUE,34,166,27,0,False,False,False,False,False,False,False
3464,FALSE,22,107,20,0,False,False,False,False,False,False,False
3465,FALSE,28,121,24,0,False,False,False,False,False,False,False
3466,FALSE,71,317,56,0,False,False,False,False,False,False,False
3467,FALSE,37,224,31,0,False,False,False,False,False,False,False
3468,TRUE,45,242,40,0,False,False,False,False,False,False,False
3469,FALSE,36,150,26,0,False,False,False,False,False,False,False
3470,FALSE,16,73,12,0,False,False,False,False,False,False,False
3471,FALSE,35,201,26,2,False,False,False,False,False,False,False
3472,FALSE,32,127,27,0,False,False,False,False,False,False,False
3473,TRUE,27,116,18,0,False,False,False,False,False,False,False
3474,FALSE,43,247,38,0,False,False,False,False,False,False,False
3475,FALSE,45,248,39,0,False,False,False,False,False,False,False
3476,TRUE,34,188,25,0,False,False,False,False,False,False,False
3477,FALSE,26,74,11,2,False,False,False,False,False,False,False
3478,FALSE,47,227,37,3,False,False,False,False,False,False,False
3479,FALSE,22,54,4,0,False,False,False,False,False,False,False
3480,FALSE,33,143,23,0,False,False,False,False,False,False,False
3481,FALSE,29,149,28,0,False,False,False,False,False,False,False
3482,FALSE,26,137,23,0,False,False,False,False,False,False,False
3483,TRUE,53,244,35,0,False,False,False,False,False,False,False
3484,FALSE,29,109,18,2,False,False,False,False,False,False,False
3485,FALSE,24,117,20,0,False,False,False,False,False,False,False
3486,FALSE,13,62,12,0,False,False,False,False,False,False,False
3487,FALSE,26,114,22,1,False,False,False,False,False,False,False
3488,FALSE,19,125,18,0,False,False,False,False,False,False,False
3489,FALSE,33,176,30,0,False,False,False,False,False,False,False
3490,TRUE,62,251,46,0,False,False,False,False,False,False,False
3491,FALSE,20,107,16,0,False,False,False,False,False,False,False
3492,TRUE,27,134,22,0,False,False,False,False,False,False,False
3493,TRUE,30,141,19,0,False,False,False,False,False,False,False
3494,FALSE,30,142,27,0,False,False,False,False,False,False,False
3495,FALSE,31,142,28,0,False,False,False,False,False,False,False
3496,FALSE,44,187,32,2,False,False,False,False,False,False,False
3497,FALSE,33,143,24,0,False,False,False,False,False,False,False
3498,FALSE,19,82,15,0,False,False,False,False,False,False,False
3499,FALSE,26,101,20,0,False,False,False,False,False,False,False
3500,FALSE,20,90,15,1,False,False,False,False,False,False,False
3501,TRUE,32,138,20,2,False,False,False,False,False,False,False
3502,TRUE,36,167,29,0,False,False,False,False,False,False,False
3503,FALSE,41,179,36,0,False,False,False,False,False,False,False
3504,TRUE,38,199,33,0,False,False,False,False,False,False,False
3505,TRUE,30,161,28,0,False,False,False,False,False,False,False
3506,FALSE,39,201,33,1,False,False,False,False,False,False,False
3507,FALSE,27,103,20,2,False,False,False,False,False,False,False
3508,FALSE,248,515,54,15,True,True,False,False,False,False,False
3509,FALSE,52,286,42,0,False,False,False,False,False,False,False
3510,FALSE,27,123,24,0,False,False,False,False,False,False,False
3511,FALSE,17,91,15,0,False,False,False,False,False,False,False
3512,FALSE,28,100,13,1,False,False,False,False,False,False,False
3513,FALSE,40,207,31,0,False,False,False,False,False,False,False
3514,FALSE,22,91,16,1,False,False,False,False,False,False,False
3515,FALSE,30,82,9,2,False,False,False,False,False,False,False
3516,TRUE,37,184,32,0,False,False,False,False,False,False,False
3517,FALSE,29,136,23,0,False,False,False,False,False,False,False
3518,FALSE,24,111,19,0,False,False,False,False,False,False,False
3519,FALSE,35,180,28,0,False,False,False,False,False,False,False
3520,FALSE,18,84,15,0,False,False,False,False,False,False,False
3521,FALSE,38,146,30,0,False,False,False,False,False,False,False
3522,FALSE,18,77,13,2,False,False,False,False,False,False,False
3523,FALSE,18,102,16,0,False,False,False,False,False,False,False
3524,FALSE,22,101,20,0,False,False,False,False,False,False,False
3525,TRUE,42,140,28,1,False,False,False,False,False,False,False
3526,FALSE,26,92,16,2,False,False,False,False,False,False,False
3527,FALSE,16,81,12,0,False,False,False,False,False,False,False
3528,FALSE,16,104,15,0,False,False,False,False,False,False,False
3529,FALSE,45,224,36,2,False,False,False,False,False,False,False
3530,FALSE,22,105,20,0,False,False,False,False,False,False,False
3531,FALSE,21,76,16,0,False,False,False,False,False,False,False
3532,TRUE,33,191,27,0,False,False,False,False,False,False,False
3533,FALSE,34,178,29,0,False,False,False,False,False,False,False
3534,TRUE,46,202,33,1,False,False,False,False,False,False,False
3535,FALSE,31,137,25,0,False,False,False,False,False,False,False
3536,FALSE,27,171,23,0,False,False,False,False,False,False,False
3537,FALSE,71,335,40,8,False,False,False,False,False,False,False
3538,TRUE,44,224,39,0,False,False,False,False,False,False,False
3539,TRUE,55,335,49,0,False,False,False,False,False,False,False
3540,FALSE,31,134,26,0,False,False,False,False,False,False,False
3541,FALSE,23,108,18,0,False,False,False,False,False,False,False
3542,FALSE,37,113,16,0,False,False,False,False,False,False,False
3543,FALSE,36,194,28,3,False,False,False,False,False,False,False
3544,TRUE,45,258,42,0,False,False,False,False,False,False,False
3545,TRUE,40,187,28,0,False,False,False,False,False,False,False
3546,FALSE,40,235,34,0,False,False,False,False,False,False,False
3547,FALSE,21,106,19,0,False,False,False,False,False,False,False
3548,FALSE,21,107,17,0,False,False,False,False,False,False,False
3549,FALSE,31,120,26,0,False,False,False,False,False,False,False
3550,TRUE,35,214,34,0,False,False,False,False,False,False,False
3551,FALSE,31,159,26,0,False,False,False,False,False,False,False
3552,FALSE,27,131,24,0,False,False,False,False,False,False,False
3553,TRUE,39,214,36,0,False,False,False,False,False,False,False
3554,FALSE,22,92,17,0,False,False,False,False,False,False,False
3555,FALSE,44,187,33,0,False,False,False,False,False,False,False
3556,FALSE,47,173,35,1,False,False,False,False,False,False,False
3557,FALSE,23,131,20,0,False,False,False,False,False,False,False
3558,FALSE,28,127,23,0,False,False,False,False,False,False,False
3559,TRUE,42,144,25,0,False,False,False,False,False,False,False
3560,TRUE,37,190,31,1,False,False,False,False,False,False,False
3561,FALSE,25,145,23,0,False,False,False,False,False,False,False
3562,FALSE,37,192,28,1,False,False,False,False,False,False,False
3563,FALSE,34,165,30,0,False,False,False,False,False,False,False
3564,FALSE,40,172,36,0,False,False,False,False,False,False,False
3565,FALSE,35,171,26,4,False,False,False,False,False,False,False
3566,TRUE,59,257,43,3,False,False,False,False,False,False,False
3567,FALSE,30,170,23,0,False,False,False,False,False,False,False
3568,FALSE,30,171,25,1,False,False,False,False,False,False,False
3569,FALSE,20,75,12,2,False,False,False,False,False,False,False
3570,TRUE,32,121,18,0,False,False,False,False,False,False,False
3571,TRUE,31,168,26,1,False,False,False,False,False,False,False
3572,TRUE,29,133,22,0,False,False,False,False,False,False,False
3573,FALSE,41,184,32,1,False,False,False,False,False,False,False
3574,TRUE,49,197,41,0,False,False,False,False,False,False,False
3575,FALSE,20,77,11,0,False,False,False,False,False,False,False
3576,TRUE,51,260,43,1,False,False,False,False,False,False,False
3577,FALSE,41,163,28,0,False,False,False,False,False,False,False
3578,FALSE,22,108,10,0,False,False,False,False,False,False,False
3579,TRUE,51,242,36,0,False,False,False,False,False,False,False
3580,TRUE,40,209,33,2,False,False,False,False,False,False,False
3581,FALSE,33,187,30,0,False,False,False,False,False,False,False
3582,FALSE,21,95,16,0,False,False,False,False,False,False,False
3583,FALSE,29,131,24,1,False,False,False,False,False,False,False
3584,TRUE,27,120,16,0,False,False,False,False,False,False,False
3585,FALSE,36,194,32,0,False,False,False,False,False,False,False
3586,FALSE,14,75,11,0,False,False,False,False,False,False,False
3587,FALSE,336,943,211,0,True,True,True,True,False,False,False
3588,FALSE,33,153,28,2,False,False,False,False,False,False,False
3589,FALSE,23,103,16,2,False,False,False,False,False,False,False
3590,FALSE,26,113,18,0,False,False,False,False,False,False,False
3591,TRUE,46,212,41,0,False,False,False,False,False,False,False
3592,TRUE,34,133,25,0,False,False,False,False,False,False,False
3593,FALSE,29,152,28,0,False,False,False,False,False,False,False
3594,FALSE,20,99,17,0,False,False,False,False,False,False,False
3595,TRUE,53,189,30,1,False,False,False,False,False,False,False
3596,TRUE,38,180,25,0,False,False,False,False,False,False,False
3597,FALSE,35,207,31,0,False,False,False,False,False,False,False
3598,FALSE,36,184,28,0,False,False,False,False,False,False,False
3599,FALSE,26,143,19,0,False,False,False,False,False,False,False
3600,FALSE,14,73,12,0,False,False,False,False,False,False,False
3601,FALSE,33,215,29,1,False,False,False,False,False,False,False
3602,FALSE,33,145,25,0,False,False,False,False,False,False,False
3603,TRUE,40,194,32,0,False,False,False,False,False,False,False
3604,FALSE,16,81,12,0,False,False,False,False,False,False,False
3605,FALSE,27,153,21,0,False,False,False,False,False,False,False
3606,FALSE,16,92,12,0,False,False,False,False,False,False,False
3607,FALSE,18,104,16,0,False,False,False,False,False,False,False
3608,FALSE,29,113,22,2,False,False,False,False,False,False,False
3609,TRUE,40,186,32,0,False,False,False,False,False,False,False
3610,FALSE,21,102,18,0,False,False,False,False,False,False,False
3611,FALSE,34,174,33,0,False,False,False,False,False,False,False
3612,FALSE,21,104,16,0,False,False,False,False,False,False,False
3613,FALSE,40,144,28,0,False,False,False,False,False,False,False
3614,TRUE,48,263,39,0,False,False,False,False,False,False,False
3615,FALSE,26,147,23,0,False,False,False,False,False,False,False
3616,FALSE,16,74,13,0,False,False,False,False,False,False,False
3617,FALSE,31,77,11,4,False,False,False,False,False,False,False
3618,TRUE,32,152,29,0,False,False,False,False,False,False,False
3619,FALSE,22,129,17,0,False,False,False,False,False,False,False
3620,TRUE,42,205,37,0,False,False,False,False,False,False,False
3621,FALSE,11,48,7,0,False,False,False,False,False,False,False
3622,FALSE,29,144,24,0,False,False,False,False,False,False,False
3623,FALSE,27,129,22,0,False,False,False,False,False,False,False
3624,FALSE,36,145,28,1,False,False,False,False,False,False,False
3625,TRUE,37,216,36,0,False,False,False,False,False,False,False
3626,FALSE,26,106,18,1,False,False,False,False,False,False,False
3627,TRUE,41,200,28,0,False,False,False,False,False,False,False
3628,TRUE,27,132,19,1,False,False,False,False,False,False,False
3629,FALSE,44,184,33,0,False,False,False,False,False,False,False
3630,FALSE,25,107,20,0,False,False,False,False,False,False,False
3631,FALSE,21,92,14,0,False,False,False,False,False,False,False
3632,TRUE,36,175,26,0,False,False,False,False,False,False,False
3633,TRUE,32,158,26,0,False,False,False,False,False,False,False
3634,FALSE,38,181,26,1,False,False,False,False,False,False,False
3635,FALSE,34,210,32,0,False,False,False,False,False,False,False
3636,TRUE,43,198,37,0,False,False,False,False,False,False,False
3637,TRUE,40,204,28,0,False,False,False,False,False,False,False
3638,FALSE,43,191,33,0,False,False,False,False,False,False,False
3639,TRUE,34,224,33,0,False,False,False,False,False,False,False
3640,TRUE,53,259,47,0,False,False,False,False,False,False,False
3641,FALSE,41,222,31,1,False,False,False,False,False,False,False
3642,TRUE,35,196,30,1,False,False,False,False,False,False,False
3643,FALSE,22,137,20,0,False,False,False,False,False,False,False
3644,FALSE,47,161,29,7,False,False,False,False,False,False,False
3645,TRUE,34,141,21,1,False,False,False,False,False,False,False
3646,FALSE,27,125,22,0,False,False,False,False,False,False,False
3647,TRUE,30,129,20,0,False,False,False,False,False,False,False
3648,TRUE,35,194,28,1,False,False,False,False,False,False,False
3649,FALSE,34,151,24,1,False,False,False,False,False,False,False
3650,FALSE,20,104,19,0,False,False,False,False,False,False,False
3651,TRUE,47,248,41,1,False,False,False,False,False,False,False
3652,FALSE,24,111,18,1,False,False,False,False,False,False,False
3653,FALSE,32,147,29,0,False,False,False,False,False,False,False
3654,FALSE,23,75,12,0,False,False,False,False,False,False,False
3655,FALSE,37,179,31,0,False,False,False,False,False,False,False
3656,TRUE,36,179,26,0,False,False,False,False,False,False,False
3657,FALSE,32,140,26,1,False,False,False,False,False,False,False
3658,FALSE,20,105,17,0,False,False,False,False,False,False,False
3659,FALSE,34,131,27,0,False,False,False,False,False,False,False
3660,FALSE,15,59,12,1,False,False,False,False,False,False,False
3661,FALSE,18,135,17,0,False,False,False,False,False,False,False
3662,FALSE,25,96,19,0,False,False,False,False,False,False,False
3663,TRUE,35,200,27,2,False,False,False,False,False,False,False
3664,FALSE,33,111,19,2,False,False,False,False,False,False,False
3665,FALSE,21,79,14,1,False,False,False,False,False,False,False
3666,FALSE,17,121,15,0,False,False,False,False,False,False,False
3667,FALSE,19,91,16,0,False,False,False,False,False,False,False
3668,FALSE,18,83,16,0,False,False,False,False,False,False,False
3669,TRUE,46,265,41,0,False,False,False,False,False,False,False
3670,TRUE,72,346,58,0,False,False,False,False,False,False,False
3671,FALSE,16,87,13,1,False,False,False,False,False,False,False
3672,FALSE,21,119,19,0,False,False,False,False,False,False,False
3673,FALSE,23,101,17,2,False,False,False,False,False,False,False
3674,FALSE,33,174,29,0,False,False,False,False,False,False,False
3675,FALSE,22,77,16,0,False,False,False,False,False,False,False
3676,FALSE,35,195,27,0,False,False,False,False,False,False,False
3677,FALSE,22,128,19,0,False,False,False,False,False,False,False
3678,TRUE,35,141,23,0,False,False,False,False,False,False,False
3679,TRUE,32,145,27,0,False,False,False,False,False,False,False
3680,FALSE,25,122,18,1,False,False,False,False,False,False,False
3681,FALSE,25,144,23,0,False,False,False,False,False,False,False
3682,FALSE,26,139,23,0,False,False,False,False,False,False,False
3683,FALSE,35,161,32,0,False,False,False,False,False,False,False
3684,FALSE,25,88,14,2,False,False,False,False,False,False,False
3685,FALSE,46,228,38,0,False,False,False,False,False,False,False
3686,FALSE,27,97,19,0,False,False,False,False,False,False,False
3687,FALSE,16,90,13,0,False,False,False,False,False,False,False
3688,TRUE,37,207,34,0,False,False,False,False,False,False,False
3689,FALSE,26,135,22,0,False,False,False,False,False,False,False
3690,FALSE,30,62,9,4,False,False,False,False,False,False,False
3691,FALSE,29,118,22,0,False,False,False,False,False,False,False
3692,FALSE,30,165,20,0,False,False,False,False,False,False,False
3693,FALSE,36,155,23,0,False,False,False,False,False,False,False
3694,FALSE,23,69,13,0,False,False,False,False,False,False,False
3695,FALSE,41,190,34,0,False,False,False,False,False,False,False
3696,FALSE,16,105,14,0,False,False,False,False,False,False,False
3697,FALSE,27,156,21,0,False,False,False,False,False,False,False
3698,FALSE,20,94,16,0,False,False,False,False,False,False,False
3699,FALSE,31,113,21,0,False,False,False,False,False,False,False
3700,TRUE,31,148,24,0,False,False,False,False,False,False,False
3701,TRUE,46,234,43,0,False,False,False,False,False,False,False
3702,FALSE,40,155,30,0,False,False,False,False,False,False,False
3703,FALSE,28,123,22,1,False,False,False,False,False,False,False
3704,TRUE,38,122,26,1,False,False,False,False,False,False,False
3705,FALSE,17,74,15,0,False,False,False,False,False,False,False
3706,TRUE,35,172,28,0,False,False,False,False,False,False,False
3707,TRUE,37,195,31,0,False,False,False,False,False,False,False
3708,FALSE,17,90,15,0,False,False,False,False,False,False,False
3709,TRUE,46,187,31,0,False,False,False,False,False,False,False
3710,FALSE,34,155,26,0,False,False,False,False,False,False,False
3711,TRUE,34,156,20,0,False,False,False,False,False,False,False
3712,FALSE,27,130,21,1,False,False,False,False,False,False,False
3713,FALSE,31,164,26,0,False,False,False,False,False,False,False
3714,FALSE,30,161,23,0,False,False,False,False,False,False,False
3715,FALSE,21,74,17,1,False,False,False,False,False,False,False
3716,FALSE,47,227,41,0,False,False,False,False,False,False,False
3717,FALSE,17,77,15,0,False,False,False,False,False,False,False
3718,FALSE,33,145,23,1,False,False,False,False,False,False,False
3719,FALSE,19,79,12,1,False,False,False,False,False,False,False
3720,TRUE,46,218,34,3,False,False,False,False,False,False,False
3721,FALSE,20,114,16,0,False,False,False,False,False,False,False
3722,FALSE,21,93,12,0,False,False,False,False,False,False,False
3723,FALSE,38,165,31,0,False,False,False,False,False,False,False
3724,FALSE,41,171,28,1,False,False,False,False,False,False,False
3725,TRUE,57,233,38,1,False,False,False,False,False,False,False
3726,FALSE,17,83,12,1,False,False,False,False,False,False,False
3727,FALSE,20,116,19,0,False,False,False,False,False,False,False
3728,FALSE,26,42,3,1,False,False,False,False,False,False,False
3729,FALSE,17,85,15,0,False,False,False,False,False,False,False
3730,TRUE,36,181,32,0,False,False,False,False,False,False,False
3731,FALSE,17,78,11,1,False,False,False,False,False,False,False
3732,TRUE,30,137,24,2,False,False,False,False,False,False,False
3733,TRUE,37,148,25,1,False,False,False,False,False,False,False
3734,TRUE,41,177,26,3,False,False,False,False,False,False,False
3735,FALSE,17,81,15,0,False,False,False,False,False,False,False
3736,FALSE,22,131,20,0,False,False,False,False,False,False,False
3737,FALSE,23,94,19,1,False,False,False,False,False,False,False
3738,FALSE,38,50,7,0,False,False,False,False,False,False,False
3739,FALSE,21,88,14,2,False,False,False,False,False,False,False
3740,TRUE,31,109,21,1,False,False,False,False,False,False,False
3741,FALSE,25,114,15,1,False,False,False,False,False,False,False
3742,FALSE,15,64,12,1,False,False,False,False,False,False,False
3743,TRUE,40,198,28,0,False,False,False,False,False,False,False
3744,TRUE,28,143,19,0,False,False,False,False,False,False,False
3745,FALSE,15,86,14,0,False,False,False,False,False,False,False
3746,FALSE,43,195,37,0,False,False,False,False,False,False,False
3747,FALSE,20,102,19,0,False,False,False,False,False,False,False
3748,TRUE,33,87,13,2,False,False,False,False,False,False,False
3749,TRUE,90,367,51,3,False,False,False,False,False,False,False
3750,FALSE,34,129,22,0,False,False,False,False,False,False,False
3751,FALSE,26,114,21,0,False,False,False,False,False,False,False
3752,TRUE,29,140,20,0,False,False,False,False,False,False,False
3753,TRUE,32,150,26,1,False,False,False,False,False,False,False
3754,TRUE,26,147,22,0,False,False,False,False,False,False,False
3755,FALSE,35,184,32,0,False,False,False,False,False,False,False
3756,FALSE,26,142,24,0,False,False,False,False,False,False,False
3757,FALSE,22,113,21,0,False,False,False,False,False,False,False
3758,FALSE,26,125,22,0,False,False,False,False,False,False,False
3759,FALSE,21,120,16,0,False,False,False,False,False,False,False
3760,FALSE,16,64,12,0,False,False,False,False,False,False,False
3761,FALSE,25,119,21,0,False,False,False,False,False,False,False
3762,FALSE,16,44,10,0,False,False,False,False,False,False,False
3763,TRUE,37,124,24,1,False,False,False,False,False,False,False
3764,FALSE,62,202,35,0,False,False,False,False,False,False,False
3765,FALSE,26,91,15,0,False,False,False,False,False,False,False
3766,FALSE,26,123,19,0,False,False,False,False,False,False,False
3767,FALSE,26,140,18,0,False,False,False,False,False,False,False
3768,FALSE,21,88,18,0,False,False,False,False,False,False,False
3769,FALSE,35,191,31,0,False,False,False,False,False,False,False
3770,FALSE,18,103,16,0,False,False,False,False,False,False,False
3771,FALSE,22,86,19,0,False,False,False,False,False,False,False
3772,FALSE,42,197,33,1,False,False,False,False,False,False,False
3773,FALSE,35,140,24,0,False,False,False,False,False,False,False
3774,FALSE,17,116,15,0,False,False,False,False,False,False,False
3775,TRUE,34,162,30,0,False,False,False,False,False,False,False
3776,FALSE,20,82,16,0,False,False,False,False,False,False,False
3777,TRUE,42,253,38,0,False,False,False,False,False,False,False
3778,TRUE,26,117,18,0,False,False,False,False,False,False,False
3779,FALSE,25,119,20,0,False,False,False,False,False,False,False
3780,TRUE,36,149,22,0,False,False,False,False,False,False,False
3781,TRUE,30,179,24,0,False,False,False,False,False,False,False
3782,FALSE,33,133,23,0,False,False,False,False,False,False,False
3783,FALSE,23,83,16,4,False,False,False,False,False,False,False
3784,FALSE,36,226,32,0,False,False,False,False,False,False,False
3785,FALSE,26,101,18,0,False,False,False,False,False,False,False
3786,FALSE,24,121,19,0,False,False,False,False,False,False,False
3787,TRUE,67,267,44,0,False,False,False,False,False,False,False
3788,FALSE,28,151,23,0,False,False,False,False,False,False,False
3789,FALSE,27,130,23,0,False,False,False,False,False,False,False
3790,FALSE,18,87,15,1,False,False,False,False,False,False,False
3791,FALSE,49,122,22,0,False,False,False,False,False,False,False
3792,TRUE,39,182,29,1,False,False,False,False,False,False,False
3793,FALSE,26,124,23,0,False,False,False,False,False,False,False
3794,TRUE,55,231,41,0,False,False,False,False,False,False,False
3795,FALSE,17,100,15,0,False,False,False,False,False,False,False
3796,TRUE,39,201,28,3,False,False,False,False,False,False,False
3797,TRUE,35,202,32,0,False,False,False,False,False,False,False
3798,FALSE,37,227,34,0,False,False,False,False,False,False,False
3799,TRUE,30,158,26,0,False,False,False,False,False,False,False
3800,FALSE,22,107,21,0,False,False,False,False,False,False,False
3801,FALSE,25,122,24,0,False,False,False,False,False,False,False
3802,FALSE,14,87,13,0,False,False,False,False,False,False,False
3803,TRUE,34,147,28,0,False,False,False,False,False,False,False
3804,FALSE,20,98,18,0,False,False,False,False,False,False,False
3805,TRUE,36,194,28,1,False,False,False,False,False,False,False
3806,FALSE,42,215,28,0,False,False,False,False,False,False,False
3807,FALSE,34,145,27,0,False,False,False,False,False,False,False
3808,TRUE,31,165,22,1,False,False,False,False,False,False,False
3809,FALSE,19,117,17,0,False,False,False,False,False,False,False
3810,FALSE,18,55,9,1,False,False,False,False,False,False,False
3811,FALSE,32,104,18,0,False,False,False,False,False,False,False
3812,TRUE,30,151,27,0,False,False,False,False,False,False,False
3813,FALSE,26,124,20,0,False,False,False,False,False,False,False
3814,TRUE,38,181,29,1,False,False,False,False,False,False,False
3815,FALSE,20,119,18,0,False,False,False,False,False,False,False
3816,FALSE,43,223,37,0,False,False,False,False,False,False,False
3817,FALSE,20,115,15,1,False,False,False,False,False,False,False
3818,FALSE,24,151,23,0,False,False,False,False,False,False,False
3819,FALSE,25,109,20,1,False,False,False,False,False,False,False
3820,FALSE,20,111,19,0,False,False,False,False,False,False,False
3821,TRUE,31,131,21,1,False,False,False,False,False,False,False
3822,FALSE,30,129,26,2,False,False,False,False,False,False,False
3823,TRUE,34,151,23,0,False,False,False,False,False,False,False
3824,FALSE,26,83,17,0,False,False,False,False,False,False,False
3825,FALSE,38,157,22,0,False,False,False,False,False,False,False
3826,TRUE,37,141,25,2,False,False,False,False,False,False,False
3827,FALSE,30,107,19,0,False,False,False,False,False,False,False
3828,FALSE,35,124,20,0,False,False,False,False,False,False,False
3829,FALSE,33,234,27,0,False,False,False,False,False,False,False
3830,FALSE,33,179,28,0,False,False,False,False,False,False,False
3831,FALSE,21,64,11,2,False,False,False,False,False,False,False
3832,TRUE,32,208,29,0,False,False,False,False,False,False,False
3833,FALSE,23,109,21,0,False,False,False,False,False,False,False
3834,FALSE,19,61,12,0,False,False,False,False,False,False,False
3835,FALSE,24,107,18,1,False,False,False,False,False,False,False
3836,FALSE,16,81,14,0,False,False,False,False,False,False,False
3837,FALSE,32,105,20,3,False,False,False,False,False,False,False
3838,TRUE,52,263,44,0,False,False,False,False,False,False,False
3839,FALSE,18,83,16,0,False,False,False,False,False,False,False
3840,FALSE,24,91,14,0,False,False,False,False,False,False,False
3841,FALSE,27,124,20,0,False,False,False,False,False,False,False
3842,TRUE,74,347,51,0,False,False,False,False,False,False,False
3843,FALSE,15,61,11,0,False,False,False,False,False,False,False
3844,FALSE,45,244,36,4,False,False,False,False,False,False,False
3845,FALSE,27,177,25,0,False,False,False,False,False,False,False
3846,FALSE,39,94,8,2,False,False,False,False,False,False,False
3847,FALSE,18,94,14,1,False,False,False,False,False,False,False
3848,TRUE,25,144,20,0,False,False,False,False,False,False,False
3849,FALSE,21,114,17,0,False,False,False,False,False,False,False
3850,FALSE,24,115,19,0,False,False,False,False,False,False,False
3851,FALSE,23,110,22,0,False,False,False,False,False,False,False
3852,FALSE,24,135,21,0,False,False,False,False,False,False,False
3853,FALSE,17,33,7,1,False,False,False,False,False,False,False
3854,FALSE,52,232,36,2,False,False,False,False,False,False,False
3855,FALSE,33,104,20,1,False,False,False,False,False,False,False
3856,TRUE,64,145,16,5,False,False,False,False,False,False,False
3857,TRUE,41,207,31,0,False,False,False,False,False,False,False
3858,FALSE,50,244,42,0,False,False,False,False,False,False,False
3859,FALSE,16,85,14,0,False,False,False,False,False,False,False
3860,TRUE,29,136,22,0,False,False,False,False,False,False,False
3861,FALSE,21,138,20,0,False,False,False,False,False,False,False
3862,FALSE,63,280,46,4,False,False,False,False,False,False,False
3863,FALSE,28,107,22,1,False,False,False,False,False,False,False
3864,FALSE,34,189,33,0,False,False,False,False,False,False,False
3865,FALSE,30,152,24,0,False,False,False,False,False,False,False
3866,FALSE,17,79,13,0,False,False,False,False,False,False,False
3867,TRUE,47,186,37,0,False,False,False,False,False,False,False
3868,FALSE,23,160,20,0,False,False,False,False,False,False,False
3869,FALSE,19,83,16,0,False,False,False,False,False,False,False
3870,TRUE,32,139,22,0,False,False,False,False,False,False,False
3871,FALSE,34,159,28,0,False,False,False,False,False,False,False
3872,FALSE,42,220,36,0,False,False,False,False,False,False,False
3873,FALSE,17,85,15,0,False,False,False,False,False,False,False
3874,FALSE,29,115,22,0,False,False,False,False,False,False,False
3875,FALSE,55,217,38,0,False,False,False,False,False,False,False
3876,FALSE,21,109,19,0,False,False,False,False,False,False,False
3877,FALSE,46,201,33,0,False,False,False,False,False,False,False
3878,TRUE,30,153,22,0,False,False,False,False,False,False,False
3879,TRUE,43,253,37,0,False,False,False,False,False,False,False
3880,FALSE,35,184,31,0,False,False,False,False,False,False,False
3881,FALSE,21,104,18,0,False,False,False,False,False,False,False
3882,TRUE,162,407,82,0,True,False,False,False,False,False,False
3883,FALSE,31,126,23,0,False,False,False,False,False,False,False
3884,FALSE,31,129,24,0,False,False,False,False,False,False,False
3885,FALSE,21,110,17,0,False,False,False,False,False,False,False
3886,TRUE,29,167,24,0,False,False,False,False,False,False,False
3887,TRUE,30,139,23,0,False,False,False,False,False,False,False
3888,FALSE,23,86,19,0,False,False,False,False,False,False,False
3889,TRUE,57,123,13,2,False,False,False,False,False,False,False
3890,FALSE,14,56,10,1,False,False,False,False,False,False,False
3891,FALSE,24,123,21,0,False,False,False,False,False,False,False
3892,FALSE,35,180,33,0,False,False,False,False,False,False,False
3893,FALSE,29,151,21,0,False,False,False,False,False,False,False
3894,FALSE,39,176,33,2,False,False,False,False,False,False,False
3895,FALSE,28,99,8,0,False,False,False,False,False,False,False
3896,TRUE,27,129,20,0,False,False,False,False,False,False,False
3897,FALSE,35,196,29,0,False,False,False,False,False,False,False
3898,FALSE,29,100,20,4,False,False,False,False,False,False,False
3899,FALSE,24,149,22,0,False,False,False,False,False,False,False
3900,FALSE,23,110,19,1,False,False,False,False,False,False,False
3901,FALSE,15,66,12,1,False,False,False,False,False,False,False
3902,FALSE,19,95,16,0,False,False,False,False,False,False,False
3903,FALSE,17,105,15,0,False,False,False,False,False,False,False
3904,FALSE,38,184,26,0,False,False,False,False,False,False,False
3905,TRUE,26,140,22,0,False,False,False,False,False,False,False
3906,FALSE,14,62,12,0,False,False,False,False,False,False,False
3907,TRUE,40,161,28,0,False,False,False,False,False,False,False
3908,FALSE,31,175,27,0,False,False,False,False,False,False,False
3909,TRUE,116,593,93,3,False,False,False,False,False,False,False
3910,FALSE,14,61,12,0,False,False,False,False,False,False,False
3911,TRUE,28,126,22,0,False,False,False,False,False,False,False
3912,FALSE,13,43,9,1,False,False,False,False,False,False,False
3913,FALSE,18,47,8,0,False,False,False,False,False,False,False
3914,FALSE,19,35,5,1,False,False,False,False,False,False,False
3915,TRUE,33,126,19,0,False,False,False,False,False,False,False
3916,TRUE,30,145,24,0,False,False,False,False,False,False,False
3917,FALSE,46,196,30,0,False,False,False,False,False,False,False
3918,FALSE,30,114,19,0,False,False,False,False,False,False,False
3919,FALSE,14,75,13,0,False,False,False,False,False,False,False
3920,FALSE,20,110,19,0,False,False,False,False,False,False,False
3921,FALSE,20,66,8,0,False,False,False,False,False,False,False
3922,FALSE,20,92,15,2,False,False,False,False,False,False,False
3923,FALSE,18,116,17,0,False,False,False,False,False,False,False
3924,FALSE,17,84,15,0,False,False,False,False,False,False,False
3925,FALSE,25,123,21,0,False,False,False,False,False,False,False
3926,FALSE,33,181,28,0,False,False,False,False,False,False,False
3927,FALSE,21,106,17,0,False,False,False,False,False,False,False
3928,FALSE,15,87,12,0,False,False,False,False,False,False,False
3929,FALSE,39,189,32,1,False,False,False,False,False,False,False
3930,TRUE,37,156,27,2,False,False,False,False,False,False,False
3931,FALSE,27,86,18,2,False,False,False,False,False,False,False
3932,FALSE,41,215,30,2,False,False,False,False,False,False,False
3933,TRUE,35,139,23,0,False,False,False,False,False,False,False
3934,FALSE,29,101,17,1,False,False,False,False,False,False,False
3935,TRUE,37,224,27,0,False,False,False,False,False,False,False
3936,FALSE,25,119,21,0,False,False,False,False,False,False,False
3937,FALSE,27,113,22,0,False,False,False,False,False,False,False
3938,FALSE,126,219,29,3,False,False,False,False,False,False,False
3939,FALSE,34,143,25,0,False,False,False,False,False,False,False
3940,FALSE,35,153,31,0,False,False,False,False,False,False,False
3941,FALSE,23,144,21,0,False,False,False,False,False,False,False
3942,TRUE,36,166,30,0,False,False,False,False,False,False,False
3943,FALSE,24,87,16,0,False,False,False,False,False,False,False
3944,FALSE,41,207,33,0,False,False,False,False,False,False,False
3945,TRUE,32,170,29,0,False,False,False,False,False,False,False
3946,FALSE,20,94,16,0,False,False,False,False,False,False,False
3947,FALSE,23,110,21,0,False,False,False,False,False,False,False
3948,TRUE,27,163,26,0,False,False,False,False,False,False,False
3949,FALSE,34,152,29,0,False,False,False,False,False,False,False
3950,FALSE,39,188,34,0,False,False,False,False,False,False,False
3951,TRUE,44,251,34,0,False,False,False,False,False,False,False
3952,FALSE,52,204,37,2,False,False,False,False,False,False,False
3953,FALSE,30,132,27,0,False,False,False,False,False,False,False
3954,TRUE,40,201,34,1,False,False,False,False,False,False,False
3955,FALSE,26,122,22,0,False,False,False,False,False,False,False
3956,FALSE,33,177,31,0,False,False,False,False,False,False,False
3957,FALSE,18,83,14,0,False,False,False,False,False,False,False
3958,FALSE,36,190,30,0,False,False,False,False,False,False,False
3959,TRUE,41,204,31,0,False,False,False,False,False,False,False
3960,TRUE,31,178,24,0,False,False,False,False,False,False,False
3961,TRUE,38,165,33,0,False,False,False,False,False,False,False
3962,FALSE,30,188,28,0,False,False,False,False,False,False,False
3963,FALSE,26,154,24,0,False,False,False,False,False,False,False
3964,FALSE,33,165,26,0,False,False,False,False,False,False,False
3965,TRUE,52,253,47,0,False,False,False,False,False,False,False
3966,FALSE,22,103,16,0,False,False,False,False,False,False,False
3967,FALSE,37,201,35,0,False,False,False,False,False,False,False
3968,TRUE,27,119,21,1,False,False,False,False,False,False,False
3969,FALSE,21,93,19,0,False,False,False,False,False,False,False
3970,TRUE,71,251,55,1,False,False,False,False,False,False,False
3971,FALSE,23,96,19,0,False,False,False,False,False,False,False
3972,FALSE,29,112,18,2,False,False,False,False,False,False,False
3973,TRUE,33,116,21,0,False,False,False,False,False,False,False
3974,FALSE,15,63,13,0,False,False,False,False,False,False,False
3975,FALSE,28,103,20,2,False,False,False,False,False,False,False
3976,FALSE,26,88,17,2,False,False,False,False,False,False,False
3977,FALSE,29,180,26,0,False,False,False,False,False,False,False
3978,TRUE,259,891,161,58,True,True,True,False,False,False,False
3979,TRUE,33,173,31,0,False,False,False,False,False,False,False
3980,TRUE,47,164,26,4,False,False,False,False,False,False,False
3981,FALSE,34,158,30,0,False,False,False,False,False,False,False
3982,TRUE,24,126,21,0,False,False,False,False,False,False,False
3983,FALSE,50,239,43,0,False,False,False,False,False,False,False
3984,TRUE,37,177,30,0,False,False,False,False,False,False,False
3985,FALSE,34,150,28,0,False,False,False,False,False,False,False
3986,FALSE,30,130,25,0,False,False,False,False,False,False,False
3987,FALSE,38,146,35,0,False,False,False,False,False,False,False
3988,FALSE,21,107,19,0,False,False,False,False,False,False,False
3989,FALSE,26,137,23,0,False,False,False,False,False,False,False
3990,TRUE,48,236,42,0,False,False,False,False,False,False,False
3991,FALSE,28,162,25,0,False,False,False,False,False,False,False
3992,FALSE,27,112,21,0,False,False,False,False,False,False,False
3993,FALSE,28,159,24,0,False,False,False,False,False,False,False
3994,FALSE,22,73,8,1,False,False,False,False,False,False,False
3995,FALSE,27,127,22,0,False,False,False,False,False,False,False
3996,FALSE,17,112,12,0,False,False,False,False,False,False,False
3997,FALSE,21,88,17,0,False,False,False,False,False,False,False
3998,TRUE,32,138,26,1,False,False,False,False,False,False,False
3999,FALSE,15,67,11,0,False,False,False,False,False,False,False
4000,FALSE,19,60,12,1,False,False,False,False,False,False,False
4001,TRUE,46,185,33,0,False,False,False,False,False,False,False
4002,FALSE,36,161,25,0,False,False,False,False,False,False,False
4003,TRUE,42,195,32,0,False,False,False,False,False,False,False
4004,FALSE,18,66,14,1,False,False,False,False,False,False,False
4005,TRUE,28,170,22,0,False,False,False,False,False,False,False
4006,TRUE,30,148,20,0,False,False,False,False,False,False,False
4007,FALSE,21,120,20,0,False,False,False,False,False,False,False
4008,FALSE,16,105,15,0,False,False,False,False,False,False,False
4009,FALSE,44,207,38,1,False,False,False,False,False,False,False
4010,TRUE,42,232,39,0,False,False,False,False,False,False,False
4011,FALSE,42,260,36,0,False,False,False,False,False,False,False
4012,FALSE,19,125,17,0,False,False,False,False,False,False,False
4013,FALSE,22,112,21,0,False,False,False,False,False,False,False
4014,FALSE,29,120,23,0,False,False,False,False,False,False,False
4015,FALSE,31,127,25,0,False,False,False,False,False,False,False
4016,FALSE,28,139,23,0,False,False,False,False,False,False,False
4017,FALSE,21,92,17,0,False,False,False,False,False,False,False
4018,FALSE,32,170,28,0,False,False,False,False,False,False,False
4019,FALSE,52,152,33,0,False,False,False,False,False,False,False
4020,TRUE,53,242,37,0,False,False,False,False,False,False,False
4021,FALSE,28,146,22,0,False,False,False,False,False,False,False
4022,FALSE,21,101,16,0,False,False,False,False,False,False,False
4023,TRUE,45,190,35,2,False,False,False,False,False,False,False
4024,TRUE,31,136,21,0,False,False,False,False,False,False,False
4025,FALSE,44,213,34,0,False,False,False,False,False,False,False
4026,FALSE,16,83,13,0,False,False,False,False,False,False,False
4027,FALSE,23,145,21,0,False,False,False,False,False,False,False
4028,FALSE,24,108,15,0,False,False,False,False,False,False,False
4029,FALSE,37,157,27,0,False,False,False,False,False,False,False
4030,FALSE,34,147,28,0,False,False,False,False,False,False,False
4031,FALSE,18,128,16,0,False,False,False,False,False,False,False
4032,FALSE,21,91,19,0,False,False,False,False,False,False,False
4033,FALSE,23,125,19,0,False,False,False,False,False,False,False
4034,FALSE,29,88,16,0,False,False,False,False,False,False,False
4035,FALSE,23,158,22,0,False,False,False,False,False,False,False
4036,TRUE,39,161,32,0,False,False,False,False,False,False,False
4037,TRUE,29,115,18,2,False,False,False,False,False,False,False
4038,FALSE,34,179,27,0,False,False,False,False,False,False,False
4039,FALSE,26,132,23,1,False,False,False,False,False,False,False
4040,FALSE,18,72,12,1,False,False,False,False,False,False,False
4041,FALSE,26,76,14,0,False,False,False,False,False,False,False
4042,FALSE,21,91,14,0,False,False,False,False,False,False,False
4043,TRUE,25,146,22,0,False,False,False,False,False,False,False
4044,FALSE,17,104,16,0,False,False,False,False,False,False,False
4045,FALSE,18,112,17,0,False,False,False,False,False,False,False
4046,FALSE,19,110,17,0,False,False,False,False,False,False,False
4047,FALSE,32,78,5,0,False,False,False,False,False,False,False
4048,TRUE,47,275,41,2,False,False,False,False,False,False,False
4049,TRUE,75,217,27,2,False,False,False,False,False,False,False
4050,FALSE,169,555,62,0,True,False,False,False,False,False,False
4051,FALSE,33,156,28,0,False,False,False,False,False,False,False
4052,TRUE,57,286,44,0,False,False,False,False,False,False,False
4053,FALSE,26,103,15,2,False,False,False,False,False,False,False
4054,FALSE,234,843,166,18,True,True,False,False,False,False,False
4055,FALSE,31,163,27,0,False,False,False,False,False,False,False
4056,TRUE,33,112,20,4,False,False,False,False,False,False,False
4057,FALSE,13,91,12,0,False,False,False,False,False,False,False
4058,FALSE,31,155,26,0,False,False,False,False,False,False,False
4059,FALSE,25,132,20,0,False,False,False,False,False,False,False
4060,FALSE,57,230,41,0,False,False,False,False,False,False,False
4061,FALSE,20,101,16,0,False,False,False,False,False,False,False
4062,TRUE,41,223,36,0,False,False,False,False,False,False,False
4063,FALSE,29,111,16,0,False,False,False,False,False,False,False
4064,FALSE,47,202,38,0,False,False,False,False,False,False,False
4065,TRUE,51,297,48,0,False,False,False,False,False,False,False
4066,FALSE,31,137,21,0,False,False,False,False,False,False,False
4067,FALSE,59,268,45,0,False,False,False,False,False,False,False
4068,FALSE,23,100,18,0,False,False,False,False,False,False,False
4069,FALSE,24,101,20,1,False,False,False,False,False,False,False
4070,FALSE,23,104,18,0,False,False,False,False,False,False,False
4071,FALSE,18,81,17,0,False,False,False,False,False,False,False
4072,FALSE,40,193,36,0,False,False,False,False,False,False,False
4073,TRUE,26,130,23,0,False,False,False,False,False,False,False
4074,TRUE,28,133,23,0,False,False,False,False,False,False,False
4075,TRUE,24,127,19,0,False,False,False,False,False,False,False
4076,FALSE,29,122,23,0,False,False,False,False,False,False,False
4077,TRUE,63,305,58,0,False,False,False,False,False,False,False
4078,FALSE,21,101,16,0,False,False,False,False,False,False,False
4079,FALSE,22,103,16,0,False,False,False,False,False,False,False
4080,FALSE,30,99,14,0,False,False,False,False,False,False,False
4081,FALSE,24,112,22,0,False,False,False,False,False,False,False
4082,FALSE,21,60,11,0,False,False,False,False,False,False,False
4083,FALSE,22,133,19,0,False,False,False,False,False,False,False
4084,TRUE,27,180,23,0,False,False,False,False,False,False,False
4085,FALSE,24,130,17,0,False,False,False,False,False,False,False
4086,FALSE,14,73,12,0,False,False,False,False,False,False,False
4087,FALSE,14,81,13,0,False,False,False,False,False,False,False
4088,FALSE,42,178,37,0,False,False,False,False,False,False,False
4089,TRUE,31,79,14,0,False,False,False,False,False,False,False
4090,TRUE,31,157,25,0,False,False,False,False,False,False,False
4091,FALSE,51,188,34,2,False,False,False,False,False,False,False
4092,FALSE,40,201,34,0,False,False,False,False,False,False,False
4093,FALSE,40,168,34,0,False,False,False,False,False,False,False
4094,TRUE,72,397,57,0,False,False,False,False,False,False,False
4095,FALSE,25,90,13,1,False,False,False,False,False,False,False
4096,FALSE,36,169,33,0,False,False,False,False,False,False,False
4097,FALSE,21,138,19,0,False,False,False,False,False,False,False
4098,TRUE,35,147,24,1,False,False,False,False,False,False,False
4099,FALSE,22,105,20,0,False,False,False,False,False,False,False
4100,TRUE,31,166,27,0,False,False,False,False,False,False,False
4101,FALSE,17,92,14,0,False,False,False,False,False,False,False
4102,FALSE,49,236,42,0,False,False,False,False,False,False,False
4103,TRUE,37,153,29,0,False,False,False,False,False,False,False
4104,TRUE,42,235,38,0,False,False,False,False,False,False,False
4105,FALSE,34,134,24,4,False,False,False,False,False,False,False
4106,FALSE,39,217,34,1,False,False,False,False,False,False,False
4107,FALSE,14,51,10,1,False,False,False,False,False,False,False
4108,FALSE,33,160,17,2,False,False,False,False,False,False,False
4109,FALSE,24,96,18,0,False,False,False,False,False,False,False
4110,FALSE,17,82,13,0,False,False,False,False,False,False,False
4111,FALSE,28,137,23,0,False,False,False,False,False,False,False
4112,FALSE,19,96,18,0,False,False,False,False,False,False,False
4113,FALSE,48,227,37,2,False,False,False,False,False,False,False
4114,FALSE,20,102,16,2,False,False,False,False,False,False,False
4115,FALSE,32,105,21,1,False,False,False,False,False,False,False
4116,FALSE,34,178,29,0,False,False,False,False,False,False,False
4117,TRUE,35,178,30,0,False,False,False,False,False,False,False
4118,FALSE,20,69,11,3,False,False,False,False,False,False,False
4119,TRUE,81,331,54,0,False,False,False,False,False,False,False
4120,FALSE,31,164,26,0,False,False,False,False,False,False,False
4121,FALSE,29,146,27,0,False,False,False,False,False,False,False
4122,FALSE,16,77,12,0,False,False,False,False,False,False,False
4123,FALSE,35,157,29,0,False,False,False,False,False,False,False
4124,TRUE,58,247,47,2,False,False,False,False,False,False,False
4125,FALSE,18,110,17,0,False,False,False,False,False,False,False
4126,TRUE,26,143,24,0,False,False,False,False,False,False,False
4127,FALSE,19,67,13,0,False,False,False,False,False,False,False
4128,FALSE,27,135,25,0,False,False,False,False,False,False,False
4129,FALSE,28,125,23,0,False,False,False,False,False,False,False
4130,FALSE,24,136,21,1,False,False,False,False,False,False,False
4131,FALSE,34,164,26,0,False,False,False,False,False,False,False
4132,FALSE,18,79,13,0,False,False,False,False,False,False,False
4133,FALSE,19,67,7,1,False,False,False,False,False,False,False
4134,TRUE,33,128,21,0,False,False,False,False,False,False,False
4135,FALSE,31,163,23,0,False,False,False,False,False,False,False
4136,FALSE,30,206,28,0,False,False,False,False,False,False,False
4137,TRUE,27,113,22,0,False,False,False,False,False,False,False
4138,FALSE,61,356,49,0,False,False,False,False,False,False,False
4139,FALSE,15,81,12,0,False,False,False,False,False,False,False
4140,FALSE,29,134,22,0,False,False,False,False,False,False,False
4141,FALSE,41,181,35,2,False,False,False,False,False,False,False
4142,FALSE,19,87,15,0,False,False,False,False,False,False,False
4143,FALSE,22,97,15,1,False,False,False,False,False,False,False
4144,FALSE,37,235,34,0,False,False,False,False,False,False,False
4145,TRUE,52,253,40,0,False,False,False,False,False,False,False
4146,FALSE,28,136,18,0,False,False,False,False,False,False,False
4147,FALSE,18,67,12,3,False,False,False,False,False,False,False
4148,FALSE,24,129,17,0,False,False,False,False,False,False,False
4149,FALSE,23,96,22,0,False,False,False,False,False,False,False
4150,FALSE,28,96,19,0,False,False,False,False,False,False,False
4151,TRUE,55,221,40,0,False,False,False,False,False,False,False
4152,FALSE,32,110,15,2,False,False,False,False,False,False,False
4153,FALSE,28,151,23,0,False,False,False,False,False,False,False
4154,FALSE,35,202,31,0,False,False,False,False,False,False,False
4155,FALSE,16,105,14,0,False,False,False,False,False,False,False
4156,FALSE,38,180,31,0,False,False,False,False,False,False,False
4157,FALSE,19,121,17,0,False,False,False,False,False,False,False
4158,FALSE,26,135,20,0,False,False,False,False,False,False,False
4159,FALSE,17,86,13,0,False,False,False,False,False,False,False
4160,FALSE,21,99,15,0,False,False,False,False,False,False,False
4161,FALSE,22,96,18,0,False,False,False,False,False,False,False
4162,TRUE,39,148,27,2,False,False,False,False,False,False,False
4163,TRUE,30,158,23,0,False,False,False,False,False,False,False
4164,FALSE,43,182,34,0,False,False,False,False,False,False,False
4165,FALSE,34,186,30,0,False,False,False,False,False,False,False
4166,FALSE,19,58,8,3,False,False,False,False,False,False,False
4167,FALSE,23,104,18,1,False,False,False,False,False,False,False
4168,FALSE,35,204,33,0,False,False,False,False,False,False,False
4169,FALSE,30,131,22,0,False,False,False,False,False,False,False
4170,FALSE,30,127,24,0,False,False,False,False,False,False,False
4171,FALSE,40,165,29,0,False,False,False,False,False,False,False
4172,FALSE,22,126,21,0,False,False,False,False,False,False,False
4173,FALSE,17,43,8,0,False,False,False,False,False,False,False
4174,FALSE,33,201,28,0,False,False,False,False,False,False,False
4175,FALSE,25,139,22,0,False,False,False,False,False,False,False
4176,FALSE,17,60,10,1,False,False,False,False,False,False,False
4177,FALSE,25,125,23,0,False,False,False,False,False,False,False
4178,FALSE,41,185,38,0,False,False,False,False,False,False,False
4179,FALSE,15,56,8,1,False,False,False,False,False,False,False
4180,TRUE,35,201,29,0,False,False,False,False,False,False,False
4181,FALSE,21,123,19,0,False,False,False,False,False,False,False
4182,FALSE,15,71,12,0,False,False,False,False,False,False,False
4183,FALSE,49,168,26,1,False,False,False,False,False,False,False
4184,TRUE,31,141,24,0,False,False,False,False,False,False,False
4185,FALSE,48,150,14,3,False,False,False,False,False,False,False
4186,TRUE,33,163,28,0,False,False,False,False,False,False,False
4187,FALSE,23,68,9,4,False,False,False,False,False,False,False
4188,FALSE,73,154,36,7,False,False,False,False,False,False,False
4189,FALSE,23,129,22,0,False,False,False,False,False,False,False
4190,FALSE,22,96,16,0,False,False,False,False,False,False,False
4191,FALSE,26,141,23,0,False,False,False,False,False,False,False
4192,FALSE,32,116,24,2,False,False,False,False,False,False,False
4193,FALSE,14,66,13,0,False,False,False,False,False,False,False
4194,FALSE,35,153,27,0,False,False,False,False,False,False,False
4195,FALSE,34,145,31,0,False,False,False,False,False,False,False
4196,FALSE,21,99,17,0,False,False,False,False,False,False,False
4197,FALSE,21,84,13,0,False,False,False,False,False,False,False
4198,TRUE,41,161,25,2,False,False,False,False,False,False,False
4199,FALSE,20,97,17,0,False,False,False,False,False,False,False
4200,FALSE,16,54,8,1,False,False,False,False,False,False,False
4201,TRUE,40,200,35,0,False,False,False,False,False,False,False
4202,TRUE,24,170,21,1,False,False,False,False,False,False,False
4203,TRUE,26,132,21,0,False,False,False,False,False,False,False
4204,FALSE,19,90,13,0,False,False,False,False,False,False,False
4205,FALSE,20,84,14,0,False,False,False,False,False,False,False
4206,TRUE,40,228,35,0,False,False,False,False,False,False,False
4207,TRUE,32,161,26,0,False,False,False,False,False,False,False
4208,TRUE,26,120,17,0,False,False,False,False,False,False,False
4209,FALSE,36,183,30,0,False,False,False,False,False,False,False
4210,TRUE,32,134,25,0,False,False,False,False,False,False,False
4211,FALSE,17,75,14,0,False,False,False,False,False,False,False
4212,FALSE,16,94,14,0,False,False,False,False,False,False,False
4213,TRUE,53,249,42,0,False,False,False,False,False,False,False
4214,TRUE,75,267,40,0,False,False,False,False,False,False,False
4215,TRUE,30,101,22,1,False,False,False,False,False,False,False
4216,FALSE,35,133,24,1,False,False,False,False,False,False,False
4217,TRUE,30,197,25,0,False,False,False,False,False,False,False
4218,FALSE,28,126,22,0,False,False,False,False,False,False,False
4219,FALSE,19,120,15,1,False,False,False,False,False,False,False
4220,FALSE,43,203,33,0,False,False,False,False,False,False,False
4221,FALSE,54,216,41,0,False,False,False,False,False,False,False
4222,FALSE,37,180,26,0,False,False,False,False,False,False,False
4223,FALSE,34,89,11,7,False,False,False,False,False,False,False
4224,TRUE,65,342,49,2,False,False,False,False,False,False,False
4225,FALSE,22,71,12,0,False,False,False,False,False,False,False
4226,FALSE,22,95,16,1,False,False,False,False,False,False,False
4227,TRUE,31,161,28,0,False,False,False,False,False,False,False
4228,FALSE,54,164,25,0,False,False,False,False,False,False,False
4229,FALSE,31,152,26,1,False,False,False,False,False,False,False
4230,FALSE,37,167,32,0,False,False,False,False,False,False,False
4231,FALSE,33,126,21,3,False,False,False,False,False,False,False
4232,FALSE,20,78,16,0,False,False,False,False,False,False,False
4233,TRUE,253,822,193,0,True,True,False,False,False,False,False
4234,TRUE,41,132,21,0,False,False,False,False,False,False,False
4235,FALSE,51,264,39,0,False,False,False,False,False,False,False
4236,FALSE,24,112,20,0,False,False,False,False,False,False,False
4237,FALSE,28,140,26,0,False,False,False,False,False,False,False
4238,FALSE,20,105,18,0,False,False,False,False,False,False,False
4239,TRUE,30,152,25,0,False,False,False,False,False,False,False
4240,FALSE,21,109,16,0,False,False,False,False,False,False,False
4241,FALSE,16,81,12,0,False,False,False,False,False,False,False
4242,TRUE,51,231,31,2,False,False,False,False,False,False,False
4243,TRUE,35,141,25,2,False,False,False,False,False,False,False
4244,TRUE,25,133,22,1,False,False,False,False,False,False,False
4245,TRUE,47,200,28,3,False,False,False,False,False,False,False
4246,FALSE,26,133,24,0,False,False,False,False,False,False,False
4247,FALSE,17,97,15,0,False,False,False,False,False,False,False
4248,FALSE,18,120,17,0,False,False,False,False,False,False,False
4249,FALSE,38,172,29,0,False,False,False,False,False,False,False
4250,TRUE,33,154,26,3,False,False,False,False,False,False,False
4251,FALSE,38,189,32,0,False,False,False,False,False,False,False
4252,TRUE,57,283,50,0,False,False,False,False,False,False,False
4253,FALSE,28,61,7,2,False,False,False,False,False,False,False
4254,FALSE,18,94,17,0,False,False,False,False,False,False,False
4255,FALSE,26,118,18,0,False,False,False,False,False,False,False
4256,FALSE,19,76,15,1,False,False,False,False,False,False,False
4257,TRUE,41,158,27,2,False,False,False,False,False,False,False
4258,FALSE,23,134,20,0,False,False,False,False,False,False,False
4259,TRUE,55,236,42,1,False,False,False,False,False,False,False
4260,FALSE,19,90,14,0,False,False,False,False,False,False,False
4261,FALSE,31,129,28,0,False,False,False,False,False,False,False
4262,FALSE,24,101,18,0,False,False,False,False,False,False,False
4263,TRUE,29,155,24,0,False,False,False,False,False,False,False
4264,FALSE,18,108,16,0,False,False,False,False,False,False,False
4265,FALSE,28,148,26,0,False,False,False,False,False,False,False
4266,TRUE,25,73,12,0,False,False,False,False,False,False,False
4267,FALSE,18,116,16,0,False,False,False,False,False,False,False
4268,FALSE,23,111,18,0,False,False,False,False,False,False,False
4269,FALSE,26,105,18,1,False,False,False,False,False,False,False
4270,FALSE,15,76,14,0,False,False,False,False,False,False,False
4271,FALSE,37,179,29,0,False,False,False,False,False,False,False
4272,FALSE,29,121,24,0,False,False,False,False,False,False,False
4273,FALSE,25,102,20,0,False,False,False,False,False,False,False
4274,FALSE,53,184,25,1,False,False,False,False,False,False,False
4275,FALSE,22,97,15,2,False,False,False,False,False,False,False
4276,FALSE,18,100,16,0,False,False,False,False,False,False,False
4277,FALSE,25,132,21,0,False,False,False,False,False,False,False
4278,FALSE,16,83,13,0,False,False,False,False,False,False,False
4279,TRUE,29,116,20,0,False,False,False,False,False,False,False
4280,FALSE,19,107,18,0,False,False,False,False,False,False,False
4281,TRUE,39,203,34,0,False,False,False,False,False,False,False
4282,FALSE,20,126,19,0,False,False,False,False,False,False,False
4283,FALSE,26,122,21,0,False,False,False,False,False,False,False
4284,FALSE,23,114,16,0,False,False,False,False,False,False,False
4285,FALSE,37,211,33,1,False,False,False,False,False,False,False
4286,TRUE,28,130,22,0,False,False,False,False,False,False,False
4287,FALSE,26,115,22,0,False,False,False,False,False,False,False
4288,FALSE,17,76,16,0,False,False,False,False,False,False,False
4289,FALSE,26,100,16,1,False,False,False,False,False,False,False
4290,FALSE,25,131,22,1,False,False,False,False,False,False,False
4291,FALSE,27,133,24,0,False,False,False,False,False,False,False
4292,TRUE,29,146,25,0,False,False,False,False,False,False,False
4293,FALSE,22,91,19,1,False,False,False,False,False,False,False
4294,FALSE,18,85,15,0,False,False,False,False,False,False,False
4295,TRUE,26,137,24,0,False,False,False,False,False,False,False
4296,FALSE,19,59,13,1,False,False,False,False,False,False,False
4297,FALSE,21,80,16,0,False,False,False,False,False,False,False
4298,FALSE,44,186,36,0,False,False,False,False,False,False,False
4299,FALSE,18,96,17,0,False,False,False,False,False,False,False
4300,FALSE,17,71,14,0,False,False,False,False,False,False,False
4301,FALSE,17,83,11,0,False,False,False,False,False,False,False
4302,TRUE,41,176,31,0,False,False,False,False,False,False,False
4303,FALSE,42,159,27,6,False,False,False,False,False,False,False
4304,FALSE,20,74,11,0,False,False,False,False,False,False,False
4305,FALSE,20,92,14,0,False,False,False,False,False,False,False
4306,TRUE,36,188,29,0,False,False,False,False,False,False,False
4307,TRUE,59,162,26,4,False,False,False,False,False,False,False
4308,FALSE,47,117,13,3,False,False,False,False,False,False,False
4309,FALSE,27,132,24,0,False,False,False,False,False,False,False
4310,FALSE,20,101,13,2,False,False,False,False,False,False,False
4311,TRUE,73,301,55,0,False,False,False,False,False,False,False
4312,FALSE,33,74,9,3,False,False,False,False,False,False,False
4313,FALSE,37,182,28,0,False,False,False,False,False,False,False
4314,TRUE,44,212,39,0,False,False,False,False,False,False,False
4315,FALSE,34,148,25,2,False,False,False,False,False,False,False
4316,FALSE,49,82,5,2,False,False,False,False,False,False,False
4317,FALSE,21,103,18,0,False,False,False,False,False,False,False
4318,FALSE,28,149,24,0,False,False,False,False,False,False,False
4319,TRUE,61,306,55,0,False,False,False,False,False,False,False
4320,TRUE,47,198,35,0,False,False,False,False,False,False,False
4321,TRUE,12,46,8,0,False,False,False,False,False,False,False
4322,TRUE,47,208,36,0,False,False,False,False,False,False,False
4323,TRUE,27,194,22,0,False,False,False,False,False,False,False
4324,FALSE,18,96,14,0,False,False,False,False,False,False,False
4325,FALSE,41,196,29,0,False,False,False,False,False,False,False
4326,TRUE,27,112,22,0,False,False,False,False,False,False,False
4327,FALSE,28,106,18,0,False,False,False,False,False,False,False
4328,TRUE,48,210,41,1,False,False,False,False,False,False,False
4329,FALSE,60,327,55,1,False,False,False,False,False,False,False
4330,FALSE,43,191,32,0,False,False,False,False,False,False,False
4331,FALSE,22,101,16,0,False,False,False,False,False,False,False
4332,FALSE,27,135,24,0,False,False,False,False,False,False,False
4333,FALSE,24,115,22,0,False,False,False,False,False,False,False
4334,TRUE,29,128,21,1,False,False,False,False,False,False,False
4335,TRUE,31,139,23,0,False,False,False,False,False,False,False
4336,FALSE,44,178,31,0,False,False,False,False,False,False,False
4337,FALSE,35,157,29,0,False,False,False,False,False,False,False
4338,FALSE,28,138,23,0,False,False,False,False,False,False,False
4339,FALSE,23,64,12,0,False,False,False,False,False,False,False
4340,FALSE,30,131,26,0,False,False,False,False,False,False,False
4341,FALSE,41,196,32,3,False,False,False,False,False,False,False
4342,TRUE,31,144,26,0,False,False,False,False,False,False,False
4343,FALSE,25,113,18,0,False,False,False,False,False,False,False
4344,FALSE,24,114,19,0,False,False,False,False,False,False,False
4345,TRUE,38,186,26,0,False,False,False,False,False,False,False
4346,FALSE,19,104,18,0,False,False,False,False,False,False,False
4347,FALSE,18,102,17,0,False,False,False,False,False,False,False
4348,FALSE,29,119,20,1,False,False,False,False,False,False,False
4349,FALSE,15,72,12,0,False,False,False,False,False,False,False
4350,TRUE,27,132,22,0,False,False,False,False,False,False,False
4351,FALSE,28,118,24,0,False,False,False,False,False,False,False
4352,FALSE,20,99,16,0,False,False,False,False,False,False,False
4353,FALSE,18,124,16,0,False,False,False,False,False,False,False
4354,FALSE,24,110,17,2,False,False,False,False,False,False,False
4355,FALSE,40,199,35,0,False,False,False,False,False,False,False
4356,FALSE,44,193,36,0,False,False,False,False,False,False,False
4357,FALSE,23,101,13,0,False,False,False,False,False,False,False
4358,FALSE,17,88,15,0,False,False,False,False,False,False,False
4359,FALSE,36,136,26,0,False,False,False,False,False,False,False
4360,TRUE,48,281,45,0,False,False,False,False,False,False,False
4361,FALSE,19,115,18,0,False,False,False,False,False,False,False
4362,FALSE,32,151,25,0,False,False,False,False,False,False,False
4363,FALSE,19,101,17,0,False,False,False,False,False,False,False
4364,TRUE,39,244,34,0,False,False,False,False,False,False,False
4365,FALSE,32,159,27,0,False,False,False,False,False,False,False
4366,FALSE,26,124,20,0,False,False,False,False,False,False,False
4367,FALSE,13,86,11,0,False,False,False,False,False,False,False
4368,TRUE,52,224,36,0,False,False,False,False,False,False,False
4369,FALSE,33,204,31,0,False,False,False,False,False,False,False
4370,FALSE,23,122,20,0,False,False,False,False,False,False,False
4371,FALSE,28,118,20,0,False,False,False,False,False,False,False
4372,FALSE,24,132,21,0,False,False,False,False,False,False,False
4373,FALSE,19,122,17,0,False,False,False,False,False,False,False
4374,FALSE,24,139,23,0,False,False,False,False,False,False,False
4375,FALSE,17,67,12,0,False,False,False,False,False,False,False
4376,FALSE,31,123,25,0,False,False,False,False,False,False,False
4377,TRUE,28,87,15,1,False,False,False,False,False,False,False
4378,FALSE,36,117,21,3,False,False,False,False,False,False,False
4379,FALSE,26,126,21,0,False,False,False,False,False,False,False
4380,FALSE,16,58,11,0,False,False,False,False,False,False,False
4381,FALSE,19,83,16,1,False,False,False,False,False,False,False
4382,TRUE,47,229,40,0,False,False,False,False,False,False,False
4383,FALSE,18,85,14,0,False,False,False,False,False,False,False
4384,TRUE,29,105,19,1,False,False,False,False,False,False,False
4385,TRUE,30,127,22,2,False,False,False,False,False,False,False
4386,TRUE,42,167,33,0,False,False,False,False,False,False,False
4387,FALSE,47,198,39,1,False,False,False,False,False,False,False
4388,TRUE,37,196,34,0,False,False,False,False,False,False,False
4389,FALSE,23,117,19,1,False,False,False,False,False,False,False
4390,TRUE,37,175,29,0,False,False,False,False,False,False,False
4391,FALSE,39,195,28,0,False,False,False,False,False,False,False
4392,FALSE,28,94,17,2,False,False,False,False,False,False,False
4393,TRUE,54,180,26,2,False,False,False,False,False,False,False
4394,TRUE,34,210,29,0,False,False,False,False,False,False,False
4395,FALSE,13,78,12,0,False,False,False,False,False,False,False
4396,FALSE,20,108,15,0,False,False,False,False,False,False,False
4397,FALSE,42,166,35,0,False,False,False,False,False,False,False
4398,FALSE,20,49,6,0,False,False,False,False,False,False,False
4399,FALSE,33,151,25,0,False,False,False,False,False,False,False
4400,FALSE,26,120,18,0,False,False,False,False,False,False,False
4401,FALSE,29,156,23,0,False,False,False,False,False,False,False
4402,TRUE,22,103,19,0,False,False,False,False,False,False,False
4403,FALSE,18,104,14,0,False,False,False,False,False,False,False
4404,TRUE,43,237,40,0,False,False,False,False,False,False,False
4405,FALSE,31,130,29,0,False,False,False,False,False,False,False
4406,TRUE,36,184,32,0,False,False,False,False,False,False,False
4407,FALSE,21,107,19,0,False,False,False,False,False,False,False
4408,TRUE,26,139,22,1,False,False,False,False,False,False,False
4409,FALSE,25,86,12,4,False,False,False,False,False,False,False
4410,FALSE,18,90,13,0,False,False,False,False,False,False,False
4411,FALSE,16,91,15,0,False,False,False,False,False,False,False
4412,TRUE,27,129,19,1,False,False,False,False,False,False,False
4413,FALSE,48,73,10,0,False,False,False,False,False,False,False
4414,FALSE,26,159,20,0,False,False,False,False,False,False,False
4415,TRUE,265,849,156,54,True,True,True,False,False,False,False
4416,TRUE,54,284,44,1,False,False,False,False,False,False,False
4417,FALSE,63,195,23,2,False,False,False,False,False,False,False
4418,FALSE,29,123,24,1,False,False,False,False,False,False,False
4419,TRUE,33,172,24,0,False,False,False,False,False,False,False
4420,TRUE,28,101,20,0,False,False,False,False,False,False,False
4421,FALSE,27,146,25,0,False,False,False,False,False,False,False
4422,FALSE,20,94,14,0,False,False,False,False,False,False,False
4423,FALSE,29,79,15,1,False,False,False,False,False,False,False
4424,FALSE,28,114,13,1,False,False,False,False,False,False,False
4425,FALSE,21,97,17,1,False,False,False,False,False,False,False
4426,FALSE,28,164,26,0,False,False,False,False,False,False,False
4427,TRUE,33,192,25,0,False,False,False,False,False,False,False
4428,TRUE,36,160,27,1,False,False,False,False,False,False,False
4429,FALSE,46,262,39,0,False,False,False,False,False,False,False
4430,FALSE,56,138,18,2,False,False,False,False,False,False,False
4431,TRUE,33,161,27,0,False,False,False,False,False,False,False
4432,FALSE,23,135,22,0,False,False,False,False,False,False,False
4433,FALSE,24,108,20,0,False,False,False,False,False,False,False
4434,FALSE,59,282,45,0,False,False,False,False,False,False,False
4435,FALSE,19,80,14,0,False,False,False,False,False,False,False
4436,FALSE,16,96,14,0,False,False,False,False,False,False,False
4437,FALSE,407,821,201,1,True,True,True,True,True,False,False
4438,FALSE,16,57,12,2,False,False,False,False,False,False,False
4439,TRUE,42,244,38,0,False,False,False,False,False,False,False
4440,TRUE,44,227,34,0,False,False,False,False,False,False,False
4441,FALSE,47,266,40,0,False,False,False,False,False,False,False
4442,TRUE,36,141,24,0,False,False,False,False,False,False,False
4443,TRUE,32,150,24,0,False,False,False,False,False,False,False
4444,FALSE,24,135,21,0,False,False,False,False,False,False,False
4445,FALSE,20,120,15,0,False,False,False,False,False,False,False
4446,FALSE,21,119,20,0,False,False,False,False,False,False,False
4447,FALSE,24,76,15,1,False,False,False,False,False,False,False
4448,FALSE,17,58,12,0,False,False,False,False,False,False,False
4449,FALSE,14,69,11,0,False,False,False,False,False,False,False
4450,FALSE,41,182,34,0,False,False,False,False,False,False,False
4451,FALSE,36,158,31,0,False,False,False,False,False,False,False
4452,FALSE,25,104,21,0,False,False,False,False,False,False,False
4453,TRUE,32,179,27,1,False,False,False,False,False,False,False
4454,FALSE,21,70,12,2,False,False,False,False,False,False,False
4455,TRUE,65,271,47,0,False,False,False,False,False,False,False
4456,FALSE,18,77,14,0,False,False,False,False,False,False,False
4457,TRUE,27,133,23,0,False,False,False,False,False,False,False
4458,FALSE,18,72,12,0,False,False,False,False,False,False,False
4459,FALSE,18,86,13,0,False,False,False,False,False,False,False
4460,TRUE,29,141,24,0,False,False,False,False,False,False,False
4461,FALSE,32,139,27,0,False,False,False,False,False,False,False
4462,FALSE,26,61,11,1,False,False,False,False,False,False,False
4463,TRUE,31,123,20,2,False,False,False,False,False,False,False
4464,TRUE,30,170,26,0,False,False,False,False,False,False,False
4465,FALSE,37,194,33,0,False,False,False,False,False,False,False
4466,TRUE,41,157,31,1,False,False,False,False,False,False,False
4467,FALSE,34,190,21,0,False,False,False,False,False,False,False
4468,TRUE,43,126,12,2,False,False,False,False,False,False,False
4469,FALSE,22,103,19,1,False,False,False,False,False,False,False
4470,FALSE,18,80,14,0,False,False,False,False,False,False,False
4471,FALSE,16,63,11,0,False,False,False,False,False,False,False
4472,FALSE,19,76,14,1,False,False,False,False,False,False,False
4473,TRUE,44,201,32,2,False,False,False,False,False,False,False
4474,FALSE,22,62,8,4,False,False,False,False,False,False,False
4475,FALSE,27,140,23,0,False,False,False,False,False,False,False
4476,FALSE,19,76,14,0,False,False,False,False,False,False,False
4477,FALSE,50,111,15,4,False,False,False,False,False,False,False
4478,FALSE,16,106,13,0,False,False,False,False,False,False,False
4479,TRUE,30,133,24,0,False,False,False,False,False,False,False
4480,TRUE,26,132,22,0,False,False,False,False,False,False,False
4481,FALSE,24,138,23,0,False,False,False,False,False,False,False
4482,FALSE,29,109,23,0,False,False,False,False,False,False,False
4483,TRUE,29,184,25,0,False,False,False,False,False,False,False
4484,FALSE,16,41,7,0,False,False,False,False,False,False,False
4485,TRUE,40,170,27,0,False,False,False,False,False,False,False
4486,TRUE,35,161,27,0,False,False,False,False,False,False,False
4487,FALSE,33,145,28,1,False,False,False,False,False,False,False
4488,FALSE,18,84,12,0,False,False,False,False,False,False,False
4489,TRUE,32,143,21,0,False,False,False,False,False,False,False
4490,TRUE,39,236,35,0,False,False,False,False,False,False,False
4491,TRUE,51,236,43,2,False,False,False,False,False,False,False
4492,FALSE,36,135,23,0,False,False,False,False,False,False,False
4493,FALSE,24,107,17,2,False,False,False,False,False,False,False
4494,FALSE,30,121,24,0,False,False,False,False,False,False,False
4495,TRUE,37,99,18,2,False,False,False,False,False,False,False
4496,TRUE,44,241,40,0,False,False,False,False,False,False,False
4497,FALSE,24,154,23,0,False,False,False,False,False,False,False
4498,FALSE,34,199,28,0,False,False,False,False,False,False,False
4499,FALSE,17,88,13,1,False,False,False,False,False,False,False
4500,TRUE,47,211,38,1,False,False,False,False,False,False,False
4501,FALSE,20,74,16,0,False,False,False,False,False,False,False
4502,TRUE,36,208,33,0,False,False,False,False,False,False,False
4503,FALSE,20,69,14,0,False,False,False,False,False,False,False
4504,FALSE,36,122,25,0,False,False,False,False,False,False,False
4505,TRUE,41,83,3,0,False,False,False,False,False,False,False
4506,FALSE,19,79,12,0,False,False,False,False,False,False,False
4507,FALSE,34,160,26,0,False,False,False,False,False,False,False
4508,FALSE,26,143,20,1,False,False,False,False,False,False,False
4509,FALSE,28,102,21,1,False,False,False,False,False,False,False
4510,FALSE,29,135,19,1,False,False,False,False,False,False,False
4511,TRUE,31,146,22,0,False,False,False,False,False,False,False
4512,FALSE,17,88,14,0,False,False,False,False,False,False,False
4513,FALSE,13,46,10,0,False,False,False,False,False,False,False
4514,FALSE,29,120,22,0,False,False,False,False,False,False,False
4515,TRUE,30,134,21,0,False,False,False,False,False,False,False
4516,FALSE,25,77,15,5,False,False,False,False,False,False,False
4517,FALSE,40,200,29,0,False,False,False,False,False,False,False
4518,TRUE,28,110,8,0,False,False,False,False,False,False,False
4519,FALSE,19,80,14,2,False,False,False,False,False,False,False
4520,FALSE,48,187,29,0,False,False,False,False,False,False,False
4521,FALSE,32,157,30,0,False,False,False,False,False,False,False
4522,FALSE,24,120,18,0,False,False,False,False,False,False,False
4523,FALSE,30,199,29,0,False,False,False,False,False,False,False
4524,FALSE,40,191,33,0,False,False,False,False,False,False,False
4525,FALSE,21,89,16,0,False,False,False,False,False,False,False
4526,FALSE,43,188,24,0,False,False,False,False,False,False,False
4527,FALSE,216,225,1,0,True,True,False,False,False,False,False
4528,FALSE,22,98,20,0,False,False,False,False,False,False,False
4529,FALSE,24,92,20,0,False,False,False,False,False,False,False
4530,FALSE,18,88,13,0,False,False,False,False,False,False,False
4531,FALSE,16,79,14,0,False,False,False,False,False,False,False
4532,FALSE,46,201,32,1,False,False,False,False,False,False,False
4533,FALSE,35,155,28,0,False,False,False,False,False,False,False
4534,TRUE,37,194,31,0,False,False,False,False,False,False,False
4535,FALSE,18,73,11,2,False,False,False,False,False,False,False
4536,FALSE,37,215,30,0,False,False,False,False,False,False,False
4537,FALSE,18,91,15,0,False,False,False,False,False,False,False
4538,FALSE,27,122,21,0,False,False,False,False,False,False,False
4539,FALSE,21,94,19,0,False,False,False,False,False,False,False
4540,FALSE,49,254,46,0,False,False,False,False,False,False,False
4541,FALSE,40,159,30,0,False,False,False,False,False,False,False
4542,FALSE,23,96,17,2,False,False,False,False,False,False,False
4543,FALSE,19,87,13,0,False,False,False,False,False,False,False
4544,FALSE,39,188,32,0,False,False,False,False,False,False,False
4545,FALSE,17,96,15,0,False,False,False,False,False,False,False
4546,TRUE,36,173,30,0,False,False,False,False,False,False,False
4547,FALSE,40,213,30,0,False,False,False,False,False,False,False
4548,FALSE,20,108,17,0,False,False,False,False,False,False,False
4549,FALSE,26,107,18,0,False,False,False,False,False,False,False
4550,FALSE,25,138,21,0,False,False,False,False,False,False,False
4551,FALSE,18,89,15,0,False,False,False,False,False,False,False
4552,FALSE,19,75,13,0,False,False,False,False,False,False,False
4553,TRUE,55,223,41,2,False,False,False,False,False,False,False
4554,TRUE,39,193,32,2,False,False,False,False,False,False,False
4555,FALSE,27,129,21,0,False,False,False,False,False,False,False
4556,FALSE,21,112,19,0,False,False,False,False,False,False,False
4557,FALSE,22,127,16,0,False,False,False,False,False,False,False
4558,FALSE,27,81,13,1,False,False,False,False,False,False,False
4559,FALSE,42,181,36,1,False,False,False,False,False,False,False
4560,FALSE,30,121,22,0,False,False,False,False,False,False,False
4561,TRUE,29,126,23,1,False,False,False,False,False,False,False
4562,FALSE,20,108,18,0,False,False,False,False,False,False,False
4563,FALSE,30,170,22,0,False,False,False,False,False,False,False
4564,FALSE,45,210,37,3,False,False,False,False,False,False,False
4565,FALSE,23,89,19,0,False,False,False,False,False,False,False
4566,FALSE,51,277,42,1,False,False,False,False,False,False,False
4567,FALSE,21,78,15,0,False,False,False,False,False,False,False
4568,FALSE,27,132,25,0,False,False,False,False,False,False,False
4569,TRUE,26,152,22,0,False,False,False,False,False,False,False
4570,FALSE,39,198,33,2,False,False,False,False,False,False,False
4571,TRUE,25,133,20,1,False,False,False,False,False,False,False
4572,FALSE,18,89,13,0,False,False,False,False,False,False,False
4573,FALSE,50,221,41,0,False,False,False,False,False,False,False
4574,FALSE,47,263,40,0,False,False,False,False,False,False,False
4575,TRUE,30,132,21,0,False,False,False,False,False,False,False
4576,FALSE,32,185,28,0,False,False,False,False,False,False,False
4577,FALSE,24,120,20,0,False,False,False,False,False,False,False
4578,FALSE,34,183,29,1,False,False,False,False,False,False,False
4579,FALSE,26,127,19,0,False,False,False,False,False,False,False
4580,TRUE,30,132,19,2,False,False,False,False,False,False,False
4581,FALSE,18,124,16,0,False,False,False,False,False,False,False
4582,FALSE,30,146,24,2,False,False,False,False,False,False,False
4583,FALSE,20,95,16,0,False,False,False,False,False,False,False
4584,TRUE,25,112,18,0,False,False,False,False,False,False,False
4585,FALSE,24,115,19,0,False,False,False,False,False,False,False
4586,FALSE,44,204,30,0,False,False,False,False,False,False,False
4587,FALSE,35,201,29,0,False,False,False,False,False,False,False
4588,FALSE,25,113,20,2,False,False,False,False,False,False,False
4589,FALSE,25,108,18,0,False,False,False,False,False,False,False
4590,FALSE,18,113,17,0,False,False,False,False,False,False,False
4591,FALSE,34,190,30,0,False,False,False,False,False,False,False
4592,FALSE,22,119,13,0,False,False,False,False,False,False,False
4593,TRUE,43,255,38,1,False,False,False,False,False,False,False
4594,TRUE,43,283,38,0,False,False,False,False,False,False,False
4595,FALSE,21,103,16,2,False,False,False,False,False,False,False
4596,TRUE,58,265,46,0,False,False,False,False,False,False,False
4597,FALSE,43,195,33,1,False,False,False,False,False,False,False
4598,TRUE,37,212,32,0,False,False,False,False,False,False,False
4599,FALSE,17,87,12,0,False,False,False,False,False,False,False
4600,FALSE,27,107,20,2,False,False,False,False,False,False,False
4601,FALSE,39,169,30,0,False,False,False,False,False,False,False
4602,TRUE,60,331,53,0,False,False,False,False,False,False,False
4603,FALSE,27,139,22,0,False,False,False,False,False,False,False
4604,FALSE,25,101,19,0,False,False,False,False,False,False,False
4605,TRUE,41,205,32,1,False,False,False,False,False,False,False
4606,FALSE,28,117,22,0,False,False,False,False,False,False,False
4607,TRUE,29,153,27,0,False,False,False,False,False,False,False
4608,FALSE,50,238,42,0,False,False,False,False,False,False,False
4609,TRUE,46,189,28,4,False,False,False,False,False,False,False
4610,FALSE,31,150,28,0,False,False,False,False,False,False,False
4611,TRUE,24,112,20,0,False,False,False,False,False,False,False
4612,FALSE,25,84,13,1,False,False,False,False,False,False,False
4613,FALSE,23,160,21,0,False,False,False,False,False,False,False
4614,FALSE,19,86,12,0,False,False,False,False,False,False,False
4615,FALSE,21,78,15,0,False,False,False,False,False,False,False
4616,FALSE,15,81,12,0,False,False,False,False,False,False,False
4617,TRUE,38,162,27,0,False,False,False,False,False,False,False
4618,TRUE,39,136,27,1,False,False,False,False,False,False,False
4619,FALSE,27,127,22,0,False,False,False,False,False,False,False
4620,FALSE,37,185,28,0,False,False,False,False,False,False,False
4621,TRUE,32,205,29,0,False,False,False,False,False,False,False
4622,FALSE,19,116,17,0,False,False,False,False,False,False,False
4623,FALSE,17,54,10,0,False,False,False,False,False,False,False
4624,FALSE,39,211,30,0,False,False,False,False,False,False,False
4625,TRUE,50,259,45,0,False,False,False,False,False,False,False
4626,TRUE,35,170,25,0,False,False,False,False,False,False,False
4627,TRUE,32,146,22,0,False,False,False,False,False,False,False
4628,FALSE,18,80,13,2,False,False,False,False,False,False,False
4629,TRUE,33,150,24,0,False,False,False,False,False,False,False
4630,FALSE,26,119,22,0,False,False,False,False,False,False,False
4631,FALSE,33,160,30,0,False,False,False,False,False,False,False
4632,TRUE,41,180,31,1,False,False,False,False,False,False,False
4633,FALSE,48,222,45,0,False,False,False,False,False,False,False
4634,FALSE,31,178,27,0,False,False,False,False,False,False,False
4635,TRUE,43,191,28,0,False,False,False,False,False,False,False
4636,FALSE,38,180,26,0,False,False,False,False,False,False,False
4637,TRUE,39,176,32,0,False,False,False,False,False,False,False
4638,FALSE,27,140,22,0,False,False,False,False,False,False,False
4639,TRUE,30,154,27,0,False,False,False,False,False,False,False
4640,FALSE,14,82,11,0,False,False,False,False,False,False,False
4641,FALSE,24,127,21,0,False,False,False,False,False,False,False
4642,TRUE,48,150,16,2,False,False,False,False,False,False,False
4643,FALSE,21,80,14,0,False,False,False,False,False,False,False
4644,FALSE,20,103,15,0,False,False,False,False,False,False,False
4645,FALSE,23,117,20,0,False,False,False,False,False,False,False
4646,FALSE,23,133,19,0,False,False,False,False,False,False,False
4647,FALSE,40,202,31,2,False,False,False,False,False,False,False
4648,TRUE,41,181,35,0,False,False,False,False,False,False,False
4649,FALSE,49,195,36,1,False,False,False,False,False,False,False
4650,TRUE,38,153,25,1,False,False,False,False,False,False,False
4651,TRUE,36,144,28,0,False,False,False,False,False,False,False
4652,TRUE,37,114,9,0,False,False,False,False,False,False,False
4653,FALSE,22,109,16,2,False,False,False,False,False,False,False
4654,TRUE,33,161,27,0,False,False,False,False,False,False,False
4655,TRUE,44,132,14,2,False,False,False,False,False,False,False
4656,FALSE,25,110,21,1,False,False,False,False,False,False,False
4657,TRUE,38,209,24,0,False,False,False,False,False,False,False
4658,FALSE,22,103,18,0,False,False,False,False,False,False,False
4659,FALSE,40,234,36,0,False,False,False,False,False,False,False
4660,FALSE,17,86,14,0,False,False,False,False,False,False,False
4661,FALSE,18,57,11,0,False,False,False,False,False,False,False
4662,TRUE,67,316,54,1,False,False,False,False,False,False,False
4663,FALSE,30,181,25,0,False,False,False,False,False,False,False
4664,FALSE,20,88,17,2,False,False,False,False,False,False,False
4665,FALSE,20,84,16,2,False,False,False,False,False,False,False
4666,TRUE,40,210,34,0,False,False,False,False,False,False,False
4667,FALSE,24,105,19,0,False,False,False,False,False,False,False
4668,FALSE,27,111,19,0,False,False,False,False,False,False,False
4669,FALSE,23,138,18,0,False,False,False,False,False,False,False
4670,FALSE,19,110,18,0,False,False,False,False,False,False,False
4671,FALSE,23,50,8,0,False,False,False,False,False,False,False
4672,TRUE,43,194,30,0,False,False,False,False,False,False,False
4673,FALSE,188,804,154,0,True,False,False,False,False,False,False
4674,TRUE,36,109,12,0,False,False,False,False,False,False,False
4675,FALSE,24,99,16,2,False,False,False,False,False,False,False
4676,TRUE,36,127,25,0,False,False,False,False,False,False,False
4677,TRUE,47,213,37,0,False,False,False,False,False,False,False
4678,FALSE,16,80,15,0,False,False,False,False,False,False,False
4679,FALSE,18,90,13,2,False,False,False,False,False,False,False
4680,FALSE,39,197,31,0,False,False,False,False,False,False,False
4681,FALSE,27,141,26,0,False,False,False,False,False,False,False
4682,FALSE,37,196,30,0,False,False,False,False,False,False,False
4683,FALSE,33,146,27,0,False,False,False,False,False,False,False
4684,FALSE,28,162,26,0,False,False,False,False,False,False,False
4685,TRUE,37,94,15,4,False,False,False,False,False,False,False
4686,TRUE,36,145,21,1,False,False,False,False,False,False,False
4687,FALSE,30,150,21,0,False,False,False,False,False,False,False
4688,TRUE,30,185,25,0,False,False,False,False,False,False,False
4689,TRUE,33,184,29,2,False,False,False,False,False,False,False
4690,FALSE,18,88,16,0,False,False,False,False,False,False,False
4691,FALSE,28,131,24,0,False,False,False,False,False,False,False
4692,FALSE,16,85,12,0,False,False,False,False,False,False,False
4693,FALSE,27,161,25,0,False,False,False,False,False,False,False
4694,FALSE,32,121,23,1,False,False,False,False,False,False,False
4695,FALSE,45,207,33,1,False,False,False,False,False,False,False
4696,FALSE,35,174,29,0,False,False,False,False,False,False,False
4697,FALSE,32,74,18,0,False,False,False,False,False,False,False
4698,TRUE,51,231,40,0,False,False,False,False,False,False,False
4699,TRUE,28,111,16,0,False,False,False,False,False,False,False
4700,TRUE,40,213,35,0,False,False,False,False,False,False,False
4701,FALSE,24,111,19,0,False,False,False,False,False,False,False
4702,FALSE,22,77,15,0,False,False,False,False,False,False,False
4703,FALSE,38,171,30,1,False,False,False,False,False,False,False
4704,FALSE,39,140,27,1,False,False,False,False,False,False,False
4705,FALSE,22,117,20,0,False,False,False,False,False,False,False
4706,FALSE,19,93,16,0,False,False,False,False,False,False,False
4707,FALSE,18,73,14,0,False,False,False,False,False,False,False
4708,FALSE,30,151,25,0,False,False,False,False,False,False,False
4709,TRUE,43,236,36,2,False,False,False,False,False,False,False
4710,TRUE,46,171,32,1,False,False,False,False,False,False,False
4711,FALSE,23,102,21,0,False,False,False,False,False,False,False
4712,TRUE,35,154,26,0,False,False,False,False,False,False,False
4713,FALSE,21,131,19,0,False,False,False,False,False,False,False
4714,FALSE,19,70,14,0,False,False,False,False,False,False,False
4715,FALSE,21,126,17,0,False,False,False,False,False,False,False
4716,FALSE,241,521,55,0,True,True,False,False,False,False,False
4717,FALSE,26,79,14,0,False,False,False,False,False,False,False
4718,FALSE,20,104,17,0,False,False,False,False,False,False,False
4719,FALSE,40,167,30,0,False,False,False,False,False,False,False
4720,FALSE,27,123,23,0,False,False,False,False,False,False,False
4721,TRUE,46,227,37,0,False,False,False,False,False,False,False
4722,FALSE,42,209,39,0,False,False,False,False,False,False,False
4723,FALSE,40,189,33,0,False,False,False,False,False,False,False
4724,TRUE,31,162,24,2,False,False,False,False,False,False,False
4725,FALSE,31,103,18,1,False,False,False,False,False,False,False
4726,TRUE,29,147,22,0,False,False,False,False,False,False,False
4727,FALSE,31,154,24,0,False,False,False,False,False,False,False
4728,TRUE,60,308,46,2,False,False,False,False,False,False,False
4729,FALSE,26,144,23,1,False,False,False,False,False,False,False
4730,FALSE,36,148,24,0,False,False,False,False,False,False,False
4731,FALSE,27,107,20,1,False,False,False,False,False,False,False
4732,TRUE,28,84,12,0,False,False,False,False,False,False,False
4733,FALSE,24,118,21,0,False,False,False,False,False,False,False
4734,TRUE,40,237,37,0,False,False,False,False,False,False,False
4735,TRUE,35,103,18,5,False,False,False,False,False,False,False
4736,TRUE,45,150,29,6,False,False,False,False,False,False,False
4737,TRUE,63,175,27,7,False,False,False,False,False,False,False
4738,FALSE,29,109,20,0,False,False,False,False,False,False,False
4739,FALSE,17,65,12,0,False,False,False,False,False,False,False
4740,FALSE,17,70,14,0,False,False,False,False,False,False,False
4741,TRUE,29,158,25,0,False,False,False,False,False,False,False
4742,TRUE,40,152,27,1,False,False,False,False,False,False,False
4743,TRUE,34,166,25,0,False,False,False,False,False,False,False
4744,FALSE,18,118,17,0,False,False,False,False,False,False,False
4745,FALSE,40,192,35,0,False,False,False,False,False,False,False
4746,TRUE,36,174,33,1,False,False,False,False,False,False,False
4747,TRUE,32,112,19,1,False,False,False,False,False,False,False
4748,FALSE,26,130,24,0,False,False,False,False,False,False,False
4749,FALSE,20,88,15,0,False,False,False,False,False,False,False
4750,FALSE,22,113,19,0,False,False,False,False,False,False,False
4751,TRUE,34,163,25,0,False,False,False,False,False,False,False
4752,TRUE,28,138,22,0,False,False,False,False,False,False,False
4753,FALSE,49,246,41,2,False,False,False,False,False,False,False
4754,FALSE,19,75,15,0,False,False,False,False,False,False,False
4755,FALSE,26,114,21,0,False,False,False,False,False,False,False
4756,FALSE,28,168,25,0,False,False,False,False,False,False,False
4757,FALSE,21,64,10,0,False,False,False,False,False,False,False
4758,FALSE,38,194,30,0,False,False,False,False,False,False,False
4759,FALSE,14,78,12,0,False,False,False,False,False,False,False
4760,FALSE,34,191,28,0,False,False,False,False,False,False,False
4761,FALSE,51,264,40,2,False,False,False,False,False,False,False
4762,FALSE,65,295,53,3,False,False,False,False,False,False,False
4763,FALSE,30,146,20,0,False,False,False,False,False,False,False
4764,FALSE,49,175,26,2,False,False,False,False,False,False,False
4765,FALSE,550,1163,55,18,True,True,True,True,True,True,True
4766,FALSE,27,121,25,0,False,False,False,False,False,False,False
4767,FALSE,16,83,14,0,False,False,False,False,False,False,False
4768,FALSE,19,58,10,0,False,False,False,False,False,False,False
4769,TRUE,44,192,36,2,False,False,False,False,False,False,False
4770,TRUE,28,160,24,0,False,False,False,False,False,False,False
4771,FALSE,22,100,16,0,False,False,False,False,False,False,False
4772,FALSE,16,87,15,0,False,False,False,False,False,False,False
4773,TRUE,31,147,24,0,False,False,False,False,False,False,False
4774,FALSE,28,89,19,4,False,False,False,False,False,False,False
4775,FALSE,23,110,21,0,False,False,False,False,False,False,False
4776,FALSE,22,95,13,0,False,False,False,False,False,False,False
4777,FALSE,32,195,26,0,False,False,False,False,False,False,False
4778,TRUE,32,188,28,0,False,False,False,False,False,False,False
4779,TRUE,28,166,23,0,False,False,False,False,False,False,False
4780,TRUE,43,171,29,0,False,False,False,False,False,False,False
4781,TRUE,37,150,26,0,False,False,False,False,False,False,False
4782,TRUE,32,192,29,0,False,False,False,False,False,False,False
4783,FALSE,41,188,34,0,False,False,False,False,False,False,False
4784,FALSE,16,63,12,0,False,False,False,False,False,False,False
4785,TRUE,36,112,10,3,False,False,False,False,False,False,False
4786,FALSE,33,168,27,0,False,False,False,False,False,False,False
4787,FALSE,39,168,33,2,False,False,False,False,False,False,False
4788,FALSE,38,160,29,1,False,False,False,False,False,False,False
4789,TRUE,32,143,26,0,False,False,False,False,False,False,False
4790,FALSE,48,265,42,0,False,False,False,False,False,False,False
4791,FALSE,30,146,25,0,False,False,False,False,False,False,False
4792,TRUE,48,170,22,1,False,False,False,False,False,False,False
4793,TRUE,36,152,28,0,False,False,False,False,False,False,False
4794,FALSE,28,140,26,0,False,False,False,False,False,False,False
4795,TRUE,39,130,20,0,False,False,False,False,False,False,False
4796,FALSE,31,173,29,0,False,False,False,False,False,False,False
4797,FALSE,81,260,43,2,False,False,False,False,False,False,False
4798,FALSE,31,148,28,0,False,False,False,False,False,False,False
4799,TRUE,26,85,17,1,False,False,False,False,False,False,False
4800,FALSE,35,177,29,2,False,False,False,False,False,False,False
4801,FALSE,24,84,11,0,False,False,False,False,False,False,False
4802,TRUE,41,177,29,1,False,False,False,False,False,False,False
4803,FALSE,37,184,32,0,False,False,False,False,False,False,False
4804,FALSE,26,124,23,0,False,False,False,False,False,False,False
4805,FALSE,26,134,22,0,False,False,False,False,False,False,False
4806,FALSE,41,198,38,0,False,False,False,False,False,False,False
4807,FALSE,49,271,42,0,False,False,False,False,False,False,False
4808,FALSE,18,87,15,0,False,False,False,False,False,False,False
4809,FALSE,23,89,17,0,False,False,False,False,False,False,False
4810,FALSE,18,91,17,0,False,False,False,False,False,False,False
4811,FALSE,20,95,15,2,False,False,False,False,False,False,False
4812,FALSE,43,144,17,0,False,False,False,False,False,False,False
4813,FALSE,20,78,8,0,False,False,False,False,False,False,False
4814,FALSE,15,90,13,0,False,False,False,False,False,False,False
4815,FALSE,32,144,25,0,False,False,False,False,False,False,False
4816,TRUE,28,152,24,0,False,False,False,False,False,False,False
4817,FALSE,28,146,21,0,False,False,False,False,False,False,False
4818,FALSE,17,105,16,0,False,False,False,False,False,False,False
4819,FALSE,15,88,14,0,False,False,False,False,False,False,False
4820,TRUE,36,173,30,2,False,False,False,False,False,False,False
4821,FALSE,53,110,15,2,False,False,False,False,False,False,False
4822,FALSE,30,152,24,0,False,False,False,False,False,False,False
4823,FALSE,14,56,11,0,False,False,False,False,False,False,False
4824,TRUE,33,159,27,0,False,False,False,False,False,False,False
4825,FALSE,26,140,22,0,False,False,False,False,False,False,False
4826,FALSE,24,102,20,2,False,False,False,False,False,False,False
4827,FALSE,26,75,7,1,False,False,False,False,False,False,False
4828,FALSE,29,76,9,2,False,False,False,False,False,False,False
4829,FALSE,14,66,12,0,False,False,False,False,False,False,False
4830,FALSE,39,198,32,0,False,False,False,False,False,False,False
4831,FALSE,19,91,15,0,False,False,False,False,False,False,False
4832,FALSE,40,168,27,3,False,False,False,False,False,False,False
4833,FALSE,62,258,47,0,False,False,False,False,False,False,False
4834,TRUE,60,191,23,0,False,False,False,False,False,False,False
4835,FALSE,20,105,16,0,False,False,False,False,False,False,False
4836,FALSE,25,153,21,0,False,False,False,False,False,False,False
4837,FALSE,21,125,19,0,False,False,False,False,False,False,False
4838,FALSE,60,247,46,0,False,False,False,False,False,False,False
4839,FALSE,21,81,19,0,False,False,False,False,False,False,False
4840,FALSE,17,66,10,1,False,False,False,False,False,False,False
4841,FALSE,20,106,14,0,False,False,False,False,False,False,False
4842,TRUE,36,186,32,0,False,False,False,False,False,False,False
4843,FALSE,30,108,18,0,False,False,False,False,False,False,False
4844,FALSE,14,69,11,0,False,False,False,False,False,False,False
4845,TRUE,29,155,24,0,False,False,False,False,False,False,False
4846,TRUE,45,179,34,0,False,False,False,False,False,False,False
4847,FALSE,45,210,36,0,False,False,False,False,False,False,False
4848,FALSE,42,235,36,0,False,False,False,False,False,False,False
4849,FALSE,19,65,13,0,False,False,False,False,False,False,False
4850,FALSE,22,98,15,0,False,False,False,False,False,False,False
4851,FALSE,26,91,19,1,False,False,False,False,False,False,False
4852,FALSE,25,100,16,0,False,False,False,False,False,False,False
4853,FALSE,26,133,22,0,False,False,False,False,False,False,False
4854,TRUE,30,133,22,1,False,False,False,False,False,False,False
4855,FALSE,23,100,19,0,False,False,False,False,False,False,False
4856,FALSE,21,117,19,0,False,False,False,False,False,False,False
4857,TRUE,36,177,28,0,False,False,False,False,False,False,False
4858,FALSE,25,122,21,0,False,False,False,False,False,False,False
4859,FALSE,15,76,12,0,False,False,False,False,False,False,False
4860,TRUE,31,146,22,2,False,False,False,False,False,False,False
4861,TRUE,34,134,27,1,False,False,False,False,False,False,False
4862,TRUE,40,204,30,0,False,False,False,False,False,False,False
4863,FALSE,16,84,13,0,False,False,False,False,False,False,False
4864,FALSE,17,70,14,0,False,False,False,False,False,False,False
4865,TRUE,31,160,24,0,False,False,False,False,False,False,False
4866,TRUE,35,154,28,0,False,False,False,False,False,False,False
4867,FALSE,27,49,8,1,False,False,False,False,False,False,False
4868,FALSE,19,59,9,2,False,False,False,False,False,False,False
4869,TRUE,50,228,39,0,False,False,False,False,False,False,False
4870,FALSE,26,100,18,0,False,False,False,False,False,False,False
4871,FALSE,20,143,19,0,False,False,False,False,False,False,False
4872,FALSE,17,85,13,0,False,False,False,False,False,False,False
4873,FALSE,20,92,13,0,False,False,False,False,False,False,False
4874,FALSE,30,132,23,0,False,False,False,False,False,False,False
4875,FALSE,20,123,16,0,False,False,False,False,False,False,False
4876,FALSE,37,194,30,0,False,False,False,False,False,False,False
4877,TRUE,34,181,29,0,False,False,False,False,False,False,False
4878,FALSE,24,101,17,1,False,False,False,False,False,False,False
4879,FALSE,22,129,19,0,False,False,False,False,False,False,False
4880,FALSE,23,119,19,0,False,False,False,False,False,False,False
4881,FALSE,20,78,16,0,False,False,False,False,False,False,False
4882,FALSE,19,71,14,1,False,False,False,False,False,False,False
4883,FALSE,18,89,15,0,False,False,False,False,False,False,False
4884,FALSE,23,120,22,0,False,False,False,False,False,False,False
4885,FALSE,38,142,23,2,False,False,False,False,False,False,False
4886,FALSE,27,143,22,0,False,False,False,False,False,False,False
4887,FALSE,28,141,20,0,False,False,False,False,False,False,False
4888,TRUE,49,254,37,5,False,False,False,False,False,False,False
4889,FALSE,28,106,19,0,False,False,False,False,False,False,False
4890,FALSE,24,96,20,0,False,False,False,False,False,False,False
4891,FALSE,46,244,37,0,False,False,False,False,False,False,False
4892,FALSE,16,72,14,0,False,False,False,False,False,False,False
4893,FALSE,22,117,20,0,False,False,False,False,False,False,False
4894,FALSE,21,91,14,0,False,False,False,False,False,False,False
4895,FALSE,23,122,20,0,False,False,False,False,False,False,False
4896,TRUE,37,74,12,2,False,False,False,False,False,False,False
4897,FALSE,30,155,28,0,False,False,False,False,False,False,False
4898,TRUE,42,210,36,0,False,False,False,False,False,False,False
4899,TRUE,32,117,19,0,False,False,False,False,False,False,False
